date,market,open,close
2013-05-06,Rajdhani Day,235,245
2013-05-07,Rajdhani Day,347,190
2013-05-08,Rajdhani Day,157,790
2013-05-09,Rajdhani Day,479,134
2013-05-10,Rajdhani Day,358,167
2013-05-11,Rajdhani Day,239,578
2013-05-13,Rajdhani Day,158,240
2013-05-14,Rajdhani Day,560,179
2013-05-15,Rajdhani Day,290,110
2013-05-17,Rajdhani Day,130,468
2013-05-18,Rajdhani Day,289,129
2013-05-20,Rajdhani Day,790,479
2013-05-21,Rajdhani Day,899,239
2013-05-22,Rajdhani Day,115,150
2013-05-23,Rajdhani Day,149,567
2013-05-24,Rajdhani Day,370,347
2013-05-25,Rajdhani Day,590,156
2013-05-27,Rajdhani Day,178,446
2013-05-28,Rajdhani Day,168,269
2013-05-29,Rajdhani Day,457,127
2013-05-30,Rajdhani Day,800,139
2013-05-31,Rajdhani Day,448,156
2013-06-01,Rajdhani Day,145,488
2013-06-03,Rajdhani Day,570,367
2013-06-04,Rajdhani Day,126,118
2013-06-05,Rajdhani Day,778,357
2013-06-06,Rajdhani Day,579,100
2013-06-08,Rajdhani Day,677,370
2013-06-10,Rajdhani Day,680,256
2013-06-11,Rajdhani Day,299,248
2013-06-12,Rajdhani Day,277,188
2013-06-13,Rajdhani Day,236,129
2013-06-14,Rajdhani Day,480,180
2013-06-15,Rajdhani Day,178,224
2013-06-17,Rajdhani Day,570,158
2013-06-18,Rajdhani Day,460,367
2013-06-19,Rajdhani Day,790,559
2013-06-20,Rajdhani Day,450,179
2013-06-21,Rajdhani Day,288,122
2013-06-22,Rajdhani Day,157,147
2013-06-24,Rajdhani Day,180,590
2013-06-25,Rajdhani Day,128,560
2013-06-26,Rajdhani Day,148,680
2013-06-27,Rajdhani Day,880,788
2013-06-28,Rajdhani Day,356,149
2013-06-29,Rajdhani Day,488,358
2013-07-01,Rajdhani Day,159,124
2013-07-02,Rajdhani Day,224,459
2013-07-03,Rajdhani Day,149,190
2013-07-04,Rajdhani Day,788,470
2013-07-05,Rajdhani Day,790,290
2013-07-06,Rajdhani Day,238,688
2013-07-08,Rajdhani Day,680,159
2013-07-09,Rajdhani Day,233,690
2013-07-10,Rajdhani Day,239,146
2013-07-11,Rajdhani Day,144,268
2013-07-12,Rajdhani Day,450,126
2013-07-13,Rajdhani Day,190,233
2013-07-15,Rajdhani Day,567,156
2013-07-16,Rajdhani Day,455,290
2013-07-17,Rajdhani Day,137,660
2013-07-18,Rajdhani Day,388,116
2013-07-19,Rajdhani Day,468,160
2013-07-20,Rajdhani Day,347,246
2013-07-22,Rajdhani Day,880,459
2013-07-23,Rajdhani Day,568,190
2013-07-24,Rajdhani Day,359,577
2013-07-25,Rajdhani Day,189,129
2013-07-26,Rajdhani Day,146,388
2013-07-27,Rajdhani Day,269,489
2013-07-29,Rajdhani Day,137,112
2013-07-30,Rajdhani Day,223,345
2013-07-31,Rajdhani Day,789,139
2013-08-01,Rajdhani Day,390,778
2013-08-02,Rajdhani Day,366,260
2013-08-05,Rajdhani Day,246,169
2013-08-06,Rajdhani Day,457,589
2013-08-07,Rajdhani Day,190,889
2013-08-08,Rajdhani Day,160,788
2013-08-12,Rajdhani Day,116,367
2013-08-13,Rajdhani Day,278,240
2013-08-14,Rajdhani Day,340,699
2013-08-16,Rajdhani Day,360,669
2013-08-17,Rajdhani Day,568,456
2013-08-19,Rajdhani Day,169,267
2013-08-20,Rajdhani Day,990,369
2013-08-21,Rajdhani Day,250,240
2013-08-22,Rajdhani Day,280,235
2013-08-23,Rajdhani Day,388,158
2013-08-24,Rajdhani Day,237,470
2013-08-26,Rajdhani Day,245,677
2013-08-27,Rajdhani Day,260,668
2013-08-28,Rajdhani Day,159,156
2013-08-29,Rajdhani Day,112,137
2013-08-30,Rajdhani Day,119,467
2013-08-31,Rajdhani Day,680,167
2013-09-02,Rajdhani Day,240,190
2013-09-03,Rajdhani Day,158,199
2013-09-04,Rajdhani Day,268,678
2013-09-05,Rajdhani Day,477,188
2013-09-06,Rajdhani Day,246,446
2013-09-07,Rajdhani Day,480,589
2013-09-10,Rajdhani Day,138,160
2013-09-11,Rajdhani Day,488,345
2013-09-12,Rajdhani Day,560,779
2013-09-13,Rajdhani Day,129,234
2013-09-14,Rajdhani Day,470,445
2013-09-16,Rajdhani Day,128,119
2013-09-17,Rajdhani Day,569,167
2013-09-18,Rajdhani Day,779,259
2013-09-19,Rajdhani Day,490,778
2013-09-20,Rajdhani Day,557,134
2013-09-21,Rajdhani Day,578,138
2013-09-23,Rajdhani Day,359,126
2013-09-24,Rajdhani Day,159,467
2013-09-25,Rajdhani Day,167,478
2013-09-26,Rajdhani Day,122,145
2013-09-27,Rajdhani Day,146,180
2013-09-28,Rajdhani Day,246,150
2013-09-30,Rajdhani Day,256,899
2013-10-01,Rajdhani Day,688,270
2013-10-02,Rajdhani Day,125,357
2013-10-03,Rajdhani Day,599,368
2013-10-04,Rajdhani Day,568,156
2013-10-05,Rajdhani Day,689,469
2013-10-07,Rajdhani Day,189,155
2013-10-08,Rajdhani Day,157,679
2013-10-09,Rajdhani Day,345,137
2013-10-10,Rajdhani Day,123,270
2013-10-11,Rajdhani Day,490,234
2013-10-12,Rajdhani Day,177,340
2013-10-14,Rajdhani Day,369,378
2013-10-15,Rajdhani Day,138,689
2013-10-16,Rajdhani Day,136,159
2013-10-17,Rajdhani Day,679,156
2013-10-18,Rajdhani Day,129,349
2013-10-19,Rajdhani Day,279,455
2013-10-22,Rajdhani Day,670,368
2013-10-23,Rajdhani Day,890,399
2013-10-24,Rajdhani Day,150,256
2013-10-25,Rajdhani Day,178,678
2013-10-26,Rajdhani Day,236,112
2013-10-28,Rajdhani Day,660,569
2013-10-29,Rajdhani Day,559,348
2013-10-30,Rajdhani Day,580,568
2013-10-31,Rajdhani Day,126,380
2013-11-11,Rajdhani Day,890,390
2013-11-12,Rajdhani Day,290,138
2013-11-13,Rajdhani Day,880,256
2013-11-14,Rajdhani Day,156,128
2013-11-15,Rajdhani Day,139,160
2013-11-16,Rajdhani Day,246,455
2013-11-18,Rajdhani Day,600,357
2013-11-19,Rajdhani Day,140,290
2013-11-20,Rajdhani Day,126,238
2013-11-21,Rajdhani Day,689,125
2013-11-22,Rajdhani Day,128,360
2013-11-23,Rajdhani Day,230,180
2013-11-25,Rajdhani Day,266,188
2013-11-26,Rajdhani Day,178,890
2013-11-27,Rajdhani Day,778,190
2013-11-28,Rajdhani Day,145,234
2013-11-29,Rajdhani Day,169,137
2013-11-30,Rajdhani Day,256,189
2013-12-02,Rajdhani Day,700,468
2013-12-03,Rajdhani Day,177,149
2013-12-04,Rajdhani Day,230,560
2013-12-05,Rajdhani Day,380,124
2013-12-06,Rajdhani Day,600,127
2013-12-07,Rajdhani Day,269,168
2013-12-09,Rajdhani Day,479,259
2013-12-10,Rajdhani Day,789,220
2013-12-11,Rajdhani Day,890,168
2013-12-12,Rajdhani Day,260,189
2013-12-13,Rajdhani Day,690,146
2013-12-14,Rajdhani Day,346,279
2013-12-17,Rajdhani Day,460,240
2013-12-18,Rajdhani Day,134,770
2013-12-19,Rajdhani Day,568,369
2013-12-20,Rajdhani Day,470,559
2013-12-21,Rajdhani Day,478,267
2013-12-23,Rajdhani Day,223,136
2013-12-24,Rajdhani Day,189,900
2013-12-25,Rajdhani Day,247,378
2013-12-26,Rajdhani Day,588,234
2013-12-27,Rajdhani Day,489,139
2013-12-28,Rajdhani Day,699,359
2013-12-30,Rajdhani Day,122,689
2013-12-31,Rajdhani Day,778,345
2014-01-01,Rajdhani Day,190,468
2014-01-02,Rajdhani Day,349,699
2014-01-03,Rajdhani Day,189,357
2014-01-04,Rajdhani Day,149,278
2014-01-06,Rajdhani Day,670,146
2014-01-07,Rajdhani Day,589,227
2014-01-08,Rajdhani Day,699,279
2014-01-09,Rajdhani Day,113,134
2014-01-10,Rajdhani Day,479,379
2014-01-11,Rajdhani Day,567,110
2014-01-13,Rajdhani Day,489,170
2014-01-15,Rajdhani Day,446,790
2014-01-16,Rajdhani Day,680,126
2014-01-17,Rajdhani Day,124,169
2014-01-18,Rajdhani Day,390,179
2014-01-20,Rajdhani Day,337,578
2014-01-21,Rajdhani Day,149,180
2014-01-22,Rajdhani Day,112,147
2014-01-23,Rajdhani Day,578,679
2014-01-24,Rajdhani Day,478,190
2014-01-25,Rajdhani Day,157,448
2014-01-28,Rajdhani Day,228,350
2014-01-29,Rajdhani Day,170,139
2014-01-30,Rajdhani Day,237,578
2014-01-31,Rajdhani Day,599,390
2014-02-01,Rajdhani Day,890,299
2014-02-03,Rajdhani Day,125,667
2014-02-04,Rajdhani Day,570,379
2014-02-05,Rajdhani Day,270,178
2014-02-06,Rajdhani Day,247,149
2014-02-07,Rajdhani Day,560,257
2014-02-08,Rajdhani Day,367,236
2014-02-10,Rajdhani Day,246,358
2014-02-11,Rajdhani Day,699,689
2014-02-12,Rajdhani Day,380,244
2014-02-13,Rajdhani Day,248,128
2014-02-14,Rajdhani Day,336,469
2014-02-15,Rajdhani Day,245,247
2014-02-17,Rajdhani Day,680,600
2014-02-18,Rajdhani Day,360,279
2014-02-19,Rajdhani Day,229,234
2014-02-20,Rajdhani Day,568,157
2014-02-21,Rajdhani Day,168,560
2014-02-22,Rajdhani Day,469,115
2014-02-24,Rajdhani Day,590,458
2014-02-25,Rajdhani Day,558,379
2014-02-26,Rajdhani Day,119,178
2014-02-27,Rajdhani Day,289,488
2014-02-28,Rajdhani Day,267,120
2014-03-01,Rajdhani Day,234,689
2014-03-03,Rajdhani Day,349,180
2014-03-04,Rajdhani Day,138,168
2014-03-05,Rajdhani Day,346,568
2014-03-06,Rajdhani Day,116,679
2014-03-07,Rajdhani Day,246,188
2014-03-08,Rajdhani Day,457,668
2014-03-10,Rajdhani Day,236,178
2014-03-11,Rajdhani Day,146,270
2014-03-12,Rajdhani Day,449,178
2014-03-13,Rajdhani Day,790,459
2014-03-14,Rajdhani Day,110,169
2014-03-15,Rajdhani Day,489,446
2014-03-18,Rajdhani Day,490,469
2014-03-19,Rajdhani Day,256,146
2014-03-20,Rajdhani Day,189,169
2014-03-21,Rajdhani Day,236,380
2014-03-22,Rajdhani Day,125,158
2014-03-25,Rajdhani Day,889,148
2014-03-26,Rajdhani Day,157,578
2014-03-27,Rajdhani Day,248,670
2014-03-28,Rajdhani Day,369,468
2014-03-29,Rajdhani Day,799,156
2014-03-31,Rajdhani Day,560,448
2014-04-01,Rajdhani Day,230,180
2014-04-02,Rajdhani Day,379,168
2014-04-03,Rajdhani Day,129,270
2014-04-04,Rajdhani Day,226,124
2014-04-05,Rajdhani Day,246,289
2014-04-07,Rajdhani Day,167,247
2014-04-08,Rajdhani Day,488,138
2014-04-09,Rajdhani Day,170,190
2014-04-10,Rajdhani Day,237,148
2014-04-11,Rajdhani Day,468,125
2014-04-12,Rajdhani Day,556,780
2014-04-14,Rajdhani Day,577,480
2014-04-15,Rajdhani Day,280,389
2014-04-16,Rajdhani Day,149,448
2014-04-17,Rajdhani Day,789,458
2014-04-18,Rajdhani Day,290,158
2014-04-19,Rajdhani Day,278,267
2014-04-21,Rajdhani Day,234,458
2014-04-22,Rajdhani Day,680,146
2014-04-23,Rajdhani Day,138,123
2014-04-24,Rajdhani Day,127,229
2014-04-25,Rajdhani Day,559,567
2014-04-26,Rajdhani Day,380,568
2014-04-28,Rajdhani Day,177,178
2014-04-29,Rajdhani Day,568,124
2014-04-30,Rajdhani Day,680,118
2014-05-01,Rajdhani Day,146,270
2014-05-02,Rajdhani Day,278,445
2014-05-03,Rajdhani Day,260,368
2014-05-05,Rajdhani Day,230,180
2014-05-06,Rajdhani Day,990,267
2014-05-07,Rajdhani Day,127,457
2014-05-08,Rajdhani Day,455,378
2014-05-09,Rajdhani Day,270,136
2014-05-10,Rajdhani Day,344,356
2014-05-12,Rajdhani Day,790,470
2014-05-13,Rajdhani Day,190,129
2014-05-14,Rajdhani Day,245,677
2014-05-15,Rajdhani Day,128,125
2014-05-16,Rajdhani Day,567,779
2014-05-17,Rajdhani Day,570,189
2014-05-19,Rajdhani Day,458,127
2014-05-20,Rajdhani Day,269,147
2014-05-21,Rajdhani Day,355,468
2014-05-22,Rajdhani Day,256,359
2014-05-23,Rajdhani Day,128,278
2014-05-24,Rajdhani Day,448,120
2014-05-26,Rajdhani Day,247,347
2014-05-27,Rajdhani Day,147,600
2014-05-28,Rajdhani Day,446,689
2014-05-29,Rajdhani Day,170,380
2014-05-30,Rajdhani Day,112,190
2014-05-31,Rajdhani Day,167,256
2014-06-02,Rajdhani Day,157,479
2014-06-03,Rajdhani Day,225,379
2014-06-04,Rajdhani Day,179,159
2014-06-05,Rajdhani Day,237,135
2014-06-06,Rajdhani Day,800,468
2014-06-07,Rajdhani Day,399,290
2014-06-09,Rajdhani Day,246,158
2014-06-10,Rajdhani Day,568,134
2014-06-11,Rajdhani Day,188,345
2014-06-12,Rajdhani Day,249,244
2014-06-13,Rajdhani Day,780,558
2014-06-14,Rajdhani Day,688,456
2014-06-16,Rajdhani Day,578,290
2014-06-17,Rajdhani Day,145,245
2014-06-18,Rajdhani Day,133,790
2014-06-19,Rajdhani Day,355,116
2014-06-20,Rajdhani Day,139,458
2014-06-21,Rajdhani Day,568,459
2014-06-23,Rajdhani Day,679,690
2014-06-24,Rajdhani Day,180,560
2014-06-25,Rajdhani Day,145,580
2014-06-26,Rajdhani Day,234,260
2014-06-27,Rajdhani Day,244,256
2014-06-28,Rajdhani Day,277,478
2014-06-30,Rajdhani Day,250,119
2014-07-01,Rajdhani Day,569,579
2014-07-02,Rajdhani Day,567,336
2014-07-03,Rajdhani Day,125,379
2014-07-04,Rajdhani Day,588,230
2014-07-05,Rajdhani Day,140,458
2014-07-07,Rajdhani Day,280,590
2014-07-08,Rajdhani Day,260,240
2014-07-09,Rajdhani Day,257,580
2014-07-10,Rajdhani Day,239,347
2014-07-11,Rajdhani Day,380,123
2014-07-12,Rajdhani Day,133,146
2014-07-14,Rajdhani Day,900,134
2014-07-15,Rajdhani Day,680,169
2014-07-16,Rajdhani Day,489,249
2014-07-17,Rajdhani Day,349,480
2014-07-18,Rajdhani Day,150,235
2014-07-19,Rajdhani Day,367,136
2014-07-21,Rajdhani Day,449,146
2014-07-22,Rajdhani Day,560,236
2014-07-23,Rajdhani Day,299,159
2014-07-24,Rajdhani Day,467,190
2014-07-25,Rajdhani Day,123,220
2014-07-26,Rajdhani Day,139,229
2014-07-28,Rajdhani Day,899,560
2014-07-30,Rajdhani Day,589,567
2014-07-31,Rajdhani Day,268,668
2014-08-01,Rajdhani Day,125,236
2014-08-02,Rajdhani Day,377,690
2014-08-04,Rajdhani Day,178,338
2014-08-05,Rajdhani Day,780,136
2014-08-06,Rajdhani Day,124,800
2014-08-07,Rajdhani Day,159,560
2014-08-08,Rajdhani Day,569,168
2014-08-09,Rajdhani Day,470,356
2014-08-11,Rajdhani Day,380,390
2014-08-12,Rajdhani Day,667,128
2014-08-13,Rajdhani Day,469,228
2014-08-14,Rajdhani Day,369,789
2014-08-16,Rajdhani Day,588,178
2014-08-18,Rajdhani Day,189,460
2014-08-19,Rajdhani Day,778,578
2014-08-20,Rajdhani Day,127,399
2014-08-21,Rajdhani Day,347,146
2014-08-22,Rajdhani Day,370,170
2014-08-23,Rajdhani Day,456,469
2014-08-25,Rajdhani Day,260,570
2014-08-26,Rajdhani Day,480,119
2014-08-27,Rajdhani Day,467,160
2014-08-28,Rajdhani Day,168,125
2014-08-29,Rajdhani Day,479,668
2014-09-01,Rajdhani Day,115,456
2014-09-02,Rajdhani Day,367,179
2014-09-03,Rajdhani Day,155,233
2014-09-04,Rajdhani Day,345,237
2014-09-05,Rajdhani Day,378,450
2014-09-06,Rajdhani Day,118,359
2014-09-08,Rajdhani Day,690,124
2014-09-09,Rajdhani Day,179,150
2014-09-11,Rajdhani Day,778,148
2014-09-12,Rajdhani Day,580,228
2014-09-13,Rajdhani Day,347,227
2014-09-15,Rajdhani Day,890,156
2014-09-16,Rajdhani Day,129,889
2014-09-17,Rajdhani Day,135,670
2014-09-18,Rajdhani Day,127,358
2014-09-19,Rajdhani Day,390,378
2014-09-20,Rajdhani Day,680,239
2014-09-22,Rajdhani Day,169,567
2014-09-23,Rajdhani Day,170,779
2014-09-24,Rajdhani Day,235,578
2014-09-25,Rajdhani Day,800,346
2014-09-26,Rajdhani Day,160,360
2014-09-27,Rajdhani Day,259,250
2014-09-29,Rajdhani Day,279,340
2014-09-30,Rajdhani Day,678,138
2014-10-01,Rajdhani Day,260,125
2014-10-02,Rajdhani Day,228,267
2014-10-03,Rajdhani Day,189,245
2014-10-04,Rajdhani Day,156,790
2014-10-06,Rajdhani Day,479,167
2014-10-07,Rajdhani Day,890,178
2014-10-08,Rajdhani Day,490,690
2014-10-09,Rajdhani Day,267,155
2014-10-10,Rajdhani Day,449,147
2014-10-11,Rajdhani Day,138,559
2014-10-13,Rajdhani Day,247,160
2014-10-14,Rajdhani Day,367,789
2014-10-15,Rajdhani Day,246,133
2014-10-16,Rajdhani Day,167,114
2014-10-17,Rajdhani Day,478,129
2014-10-28,Rajdhani Day,570,180
2014-10-29,Rajdhani Day,468,450
2014-10-30,Rajdhani Day,334,467
2014-10-31,Rajdhani Day,344,126
2014-11-01,Rajdhani Day,579,580
2014-11-03,Rajdhani Day,166,256
2014-11-04,Rajdhani Day,480,790
2014-11-05,Rajdhani Day,189,690
2014-11-06,Rajdhani Day,390,557
2014-11-07,Rajdhani Day,128,590
2014-11-08,Rajdhani Day,238,139
2014-11-10,Rajdhani Day,569,156
2014-11-11,Rajdhani Day,225,270
2014-11-12,Rajdhani Day,579,490
2014-11-13,Rajdhani Day,230,380
2014-11-14,Rajdhani Day,290,699
2014-11-15,Rajdhani Day,789,120
2014-11-17,Rajdhani Day,479,240
2014-11-18,Rajdhani Day,558,124
2014-11-19,Rajdhani Day,578,189
2014-11-20,Rajdhani Day,130,447
2014-11-21,Rajdhani Day,156,567
2014-11-22,Rajdhani Day,134,467
2014-11-24,Rajdhani Day,579,680
2014-11-25,Rajdhani Day,127,360
2014-11-26,Rajdhani Day,116,478
2014-11-27,Rajdhani Day,226,589
2014-11-28,Rajdhani Day,149,236
2014-11-29,Rajdhani Day,130,458
2014-12-01,Rajdhani Day,168,490
2014-12-02,Rajdhani Day,180,144
2014-12-03,Rajdhani Day,134,155
2014-12-04,Rajdhani Day,560,677
2014-12-05,Rajdhani Day,245,159
2014-12-06,Rajdhani Day,379,478
2014-12-08,Rajdhani Day,148,248
2014-12-09,Rajdhani Day,167,249
2014-12-10,Rajdhani Day,120,147
2014-12-11,Rajdhani Day,336,238
2014-12-12,Rajdhani Day,579,133
2014-12-13,Rajdhani Day,368,455
2014-12-15,Rajdhani Day,670,259
2014-12-17,Rajdhani Day,224,479
2014-12-18,Rajdhani Day,349,478
2014-12-19,Rajdhani Day,379,230
2014-12-20,Rajdhani Day,360,579
2014-12-22,Rajdhani Day,160,477
2014-12-23,Rajdhani Day,136,267
2014-12-24,Rajdhani Day,334,290
2014-12-25,Rajdhani Day,279,378
2014-12-26,Rajdhani Day,270,348
2014-12-27,Rajdhani Day,550,120
2014-12-29,Rajdhani Day,123,134
2014-12-30,Rajdhani Day,269,660
2014-12-31,Rajdhani Day,227,459
2015-01-01,Rajdhani Day,340,557
2015-01-02,Rajdhani Day,379,270
2015-01-03,Rajdhani Day,290,259
2015-01-05,Rajdhani Day,678,689
2015-01-06,Rajdhani Day,238,236
2015-01-07,Rajdhani Day,199,124
2015-01-08,Rajdhani Day,247,900
2015-01-09,Rajdhani Day,550,369
2015-01-10,Rajdhani Day,789,469
2015-01-12,Rajdhani Day,468,356
2015-01-13,Rajdhani Day,566,160
2015-01-15,Rajdhani Day,568,670
2015-01-16,Rajdhani Day,360,250
2015-01-17,Rajdhani Day,688,678
2015-01-19,Rajdhani Day,460,689
2015-01-20,Rajdhani Day,180,569
2015-01-21,Rajdhani Day,359,280
2015-01-22,Rajdhani Day,669,123
2015-01-23,Rajdhani Day,145,590
2015-01-24,Rajdhani Day,479,156
2015-01-27,Rajdhani Day,279,500
2015-01-28,Rajdhani Day,180,567
2015-01-29,Rajdhani Day,688,478
2015-01-30,Rajdhani Day,138,139
2015-01-31,Rajdhani Day,460,235
2015-02-02,Rajdhani Day,580,770
2015-02-03,Rajdhani Day,116,170
2015-02-04,Rajdhani Day,280,159
2015-02-05,Rajdhani Day,449,157
2015-02-06,Rajdhani Day,488,380
2015-02-07,Rajdhani Day,790,146
2015-02-09,Rajdhani Day,148,247
2015-02-10,Rajdhani Day,578,459
2015-02-11,Rajdhani Day,127,239
2015-02-12,Rajdhani Day,358,244
2015-02-13,Rajdhani Day,688,379
2015-02-14,Rajdhani Day,380,577
2015-02-16,Rajdhani Day,125,378
2015-02-17,Rajdhani Day,680,356
2015-02-18,Rajdhani Day,570,478
2015-02-19,Rajdhani Day,129,260
2015-02-20,Rajdhani Day,700,128
2015-02-21,Rajdhani Day,169,229
2015-02-23,Rajdhani Day,568,670
2015-02-24,Rajdhani Day,678,336
2015-02-25,Rajdhani Day,489,160
2015-02-26,Rajdhani Day,770,249
2015-02-27,Rajdhani Day,580,167
2015-02-28,Rajdhani Day,490,578
2015-03-02,Rajdhani Day,889,460
2015-03-03,Rajdhani Day,347,146
2015-03-04,Rajdhani Day,129,117
2015-03-05,Rajdhani Day,340,190
2015-03-07,Rajdhani Day,178,690
2015-03-09,Rajdhani Day,669,258
2015-03-10,Rajdhani Day,149,138
2015-03-11,Rajdhani Day,388,567
2015-03-12,Rajdhani Day,267,480
2015-03-16,Rajdhani Day,234,290
2015-03-17,Rajdhani Day,114,345
2015-03-18,Rajdhani Day,118,126
2015-03-19,Rajdhani Day,127,369
2015-03-20,Rajdhani Day,288,148
2015-03-21,Rajdhani Day,880,178
2015-03-23,Rajdhani Day,149,460
2015-03-24,Rajdhani Day,156,457
2015-03-25,Rajdhani Day,589,236
2015-03-27,Rajdhani Day,170,167
2015-03-28,Rajdhani Day,125,122
2015-03-30,Rajdhani Day,670,148
2015-03-31,Rajdhani Day,578,379
2015-04-01,Rajdhani Day,458,180
2015-04-02,Rajdhani Day,460,150
2015-04-03,Rajdhani Day,567,344
2015-04-04,Rajdhani Day,250,569
2015-04-06,Rajdhani Day,679,257
2015-04-07,Rajdhani Day,147,100
2015-04-08,Rajdhani Day,118,267
2015-04-09,Rajdhani Day,266,259
2015-04-10,Rajdhani Day,145,570
2015-04-11,Rajdhani Day,156,330
2015-04-13,Rajdhani Day,566,578
2015-04-14,Rajdhani Day,590,569
2015-04-15,Rajdhani Day,345,279
2015-04-16,Rajdhani Day,240,336
2015-04-17,Rajdhani Day,690,399
2015-04-18,Rajdhani Day,470,290
2015-04-20,Rajdhani Day,599,137
2015-04-21,Rajdhani Day,357,127
2015-04-22,Rajdhani Day,157,379
2015-04-23,Rajdhani Day,457,467
2015-04-24,Rajdhani Day,560,128
2015-04-25,Rajdhani Day,458,114
2015-04-27,Rajdhani Day,269,479
2015-04-28,Rajdhani Day,280,239
2015-04-29,Rajdhani Day,455,567
2015-04-30,Rajdhani Day,159,456
2015-05-01,Rajdhani Day,680,300
2015-05-02,Rajdhani Day,400,557
2015-05-04,Rajdhani Day,178,128
2015-05-05,Rajdhani Day,234,440
2015-05-06,Rajdhani Day,679,279
2015-05-07,Rajdhani Day,590,229
2015-05-08,Rajdhani Day,789,456
2015-05-09,Rajdhani Day,127,280
2015-05-11,Rajdhani Day,157,248
2015-05-12,Rajdhani Day,290,144
2015-05-13,Rajdhani Day,557,380
2015-05-14,Rajdhani Day,250,128
2015-05-15,Rajdhani Day,660,148
2015-05-16,Rajdhani Day,115,135
2015-05-18,Rajdhani Day,259,678
2015-05-19,Rajdhani Day,689,336
2015-05-20,Rajdhani Day,189,360
2015-05-21,Rajdhani Day,179,236
2015-05-22,Rajdhani Day,245,589
2015-05-23,Rajdhani Day,110,190
2015-05-25,Rajdhani Day,379,590
2015-05-26,Rajdhani Day,147,390
2015-05-27,Rajdhani Day,570,479
2015-05-28,Rajdhani Day,600,356
2015-05-29,Rajdhani Day,158,299
2015-05-30,Rajdhani Day,680,589
2015-06-01,Rajdhani Day,499,357
2015-06-03,Rajdhani Day,389,279
2015-06-04,Rajdhani Day,369,788
2015-06-05,Rajdhani Day,124,228
2015-06-06,Rajdhani Day,679,245
2015-06-08,Rajdhani Day,466,127
2015-06-09,Rajdhani Day,569,177
2015-06-10,Rajdhani Day,118,280
2015-06-11,Rajdhani Day,166,369
2015-06-12,Rajdhani Day,480,240
2015-06-13,Rajdhani Day,168,778
2015-06-15,Rajdhani Day,579,349
2015-06-16,Rajdhani Day,236,189
2015-06-17,Rajdhani Day,226,289
2015-06-18,Rajdhani Day,178,137
2015-06-19,Rajdhani Day,600,270
2015-06-20,Rajdhani Day,149,239
2015-06-22,Rajdhani Day,168,356
2015-06-23,Rajdhani Day,147,470
2015-06-24,Rajdhani Day,566,110
2015-06-25,Rajdhani Day,590,369
2015-06-26,Rajdhani Day,568,359
2015-06-27,Rajdhani Day,168,780
2015-06-29,Rajdhani Day,169,268
2015-06-30,Rajdhani Day,358,334
2015-07-01,Rajdhani Day,147,500
2015-07-02,Rajdhani Day,669,149
2015-07-03,Rajdhani Day,356,224
2015-07-04,Rajdhani Day,156,270
2015-07-06,Rajdhani Day,128,137
2015-07-07,Rajdhani Day,400,460
2015-07-08,Rajdhani Day,889,356
2015-07-09,Rajdhani Day,679,129
2015-07-10,Rajdhani Day,125,579
2015-07-11,Rajdhani Day,669,560
2015-07-13,Rajdhani Day,278,477
2015-07-14,Rajdhani Day,360,124
2015-07-15,Rajdhani Day,134,460
2015-07-16,Rajdhani Day,469,166
2015-07-17,Rajdhani Day,568,160
2015-07-20,Rajdhani Day,479,236
2015-07-21,Rajdhani Day,122,260
2015-07-22,Rajdhani Day,139,245
2015-07-23,Rajdhani Day,290,120
2015-07-24,Rajdhani Day,250,490
2015-07-25,Rajdhani Day,225,458
2015-07-27,Rajdhani Day,800,350
2015-07-28,Rajdhani Day,249,136
2015-07-29,Rajdhani Day,260,678
2015-07-30,Rajdhani Day,257,247
2015-07-31,Rajdhani Day,147,688
2015-08-01,Rajdhani Day,128,355
2015-08-03,Rajdhani Day,679,469
2015-08-04,Rajdhani Day,388,880
2015-08-05,Rajdhani Day,129,278
2015-08-06,Rajdhani Day,700,249
2015-08-07,Rajdhani Day,380,467
2015-08-08,Rajdhani Day,667,238
2015-08-10,Rajdhani Day,348,478
2015-08-11,Rajdhani Day,299,458
2015-08-12,Rajdhani Day,678,330
2015-08-13,Rajdhani Day,167,579
2015-08-14,Rajdhani Day,460,140
2015-08-17,Rajdhani Day,157,136
2015-08-18,Rajdhani Day,340,156
2015-08-19,Rajdhani Day,480,358
2015-08-20,Rajdhani Day,335,589
2015-08-21,Rajdhani Day,799,459
2015-08-22,Rajdhani Day,360,348
2015-08-24,Rajdhani Day,260,236
2015-08-25,Rajdhani Day,147,678
2015-08-27,Rajdhani Day,123,246
2015-08-28,Rajdhani Day,189,447
2015-08-29,Rajdhani Day,350,129
2015-08-31,Rajdhani Day,347,145
2015-09-01,Rajdhani Day,112,450
2015-09-02,Rajdhani Day,790,190
2015-09-03,Rajdhani Day,134,370
2015-09-04,Rajdhani Day,357,349
2015-09-05,Rajdhani Day,245,340
2015-09-07,Rajdhani Day,990,227
2015-09-08,Rajdhani Day,267,270
2015-09-09,Rajdhani Day,136,339
2015-09-10,Rajdhani Day,700,130
2015-09-11,Rajdhani Day,366,358
2015-09-12,Rajdhani Day,790,346
2015-09-14,Rajdhani Day,348,225
2015-09-15,Rajdhani Day,112,156
2015-09-16,Rajdhani Day,248,456
2015-09-17,Rajdhani Day,899,158
2015-09-18,Rajdhani Day,459,330
2015-09-19,Rajdhani Day,136,158
2015-09-21,Rajdhani Day,123,235
2015-09-22,Rajdhani Day,140,880
2015-09-23,Rajdhani Day,580,125
2015-09-24,Rajdhani Day,145,348
2015-09-25,Rajdhani Day,230,678
2015-09-26,Rajdhani Day,159,226
2015-09-28,Rajdhani Day,279,337
2015-09-29,Rajdhani Day,160,169
2015-09-30,Rajdhani Day,149,167
2015-10-01,Rajdhani Day,399,146
2015-10-02,Rajdhani Day,234,220
2015-10-03,Rajdhani Day,260,348
2015-10-05,Rajdhani Day,127,450
2015-10-06,Rajdhani Day,370,134
2015-10-07,Rajdhani Day,220,349
2015-10-08,Rajdhani Day,669,479
2015-10-09,Rajdhani Day,590,679
2015-10-10,Rajdhani Day,125,156
2015-10-12,Rajdhani Day,780,560
2015-10-13,Rajdhani Day,157,138
2015-10-14,Rajdhani Day,127,167
2015-10-15,Rajdhani Day,670,580
2015-10-16,Rajdhani Day,466,169
2015-10-17,Rajdhani Day,125,550
2015-10-19,Rajdhani Day,290,148
2015-10-20,Rajdhani Day,188,245
2015-10-21,Rajdhani Day,380,469
2015-10-22,Rajdhani Day,689,457
2015-10-23,Rajdhani Day,168,480
2015-10-24,Rajdhani Day,267,129
2015-10-26,Rajdhani Day,149,340
2015-10-27,Rajdhani Day,246,679
2015-10-28,Rajdhani Day,368,458
2015-10-29,Rajdhani Day,240,469
2015-10-30,Rajdhani Day,568,460
2015-10-31,Rajdhani Day,680,247
2015-11-02,Rajdhani Day,289,228
2015-11-03,Rajdhani Day,277,349
2015-11-04,Rajdhani Day,380,240
2015-11-05,Rajdhani Day,578,136
2015-11-06,Rajdhani Day,340,479
2015-11-16,Rajdhani Day,237,250
2015-11-17,Rajdhani Day,170,450
2015-11-18,Rajdhani Day,490,355
2015-11-19,Rajdhani Day,480,469
2015-11-20,Rajdhani Day,115,244
2015-11-21,Rajdhani Day,670,127
2015-11-23,Rajdhani Day,245,689
2015-11-24,Rajdhani Day,290,367
2015-11-25,Rajdhani Day,567,237
2015-11-26,Rajdhani Day,348,580
2015-11-27,Rajdhani Day,467,267
2015-11-28,Rajdhani Day,344,370
2015-11-30,Rajdhani Day,456,124
2015-12-02,Rajdhani Day,449,247
2015-12-03,Rajdhani Day,234,345
2015-12-04,Rajdhani Day,236,122
2015-12-05,Rajdhani Day,133,179
2015-12-07,Rajdhani Day,358,134
2015-12-08,Rajdhani Day,180,258
2015-12-09,Rajdhani Day,168,780
2015-12-10,Rajdhani Day,380,490
2015-12-11,Rajdhani Day,450,446
2015-12-12,Rajdhani Day,588,119
2015-12-14,Rajdhani Day,368,670
2015-12-15,Rajdhani Day,890,179
2015-12-16,Rajdhani Day,170,469
2015-12-17,Rajdhani Day,568,118
2015-12-18,Rajdhani Day,580,567
2015-12-19,Rajdhani Day,388,280
2015-12-21,Rajdhani Day,679,378
2015-12-22,Rajdhani Day,447,347
2015-12-23,Rajdhani Day,588,240
2015-12-24,Rajdhani Day,578,345
2015-12-25,Rajdhani Day,458,490
2015-12-26,Rajdhani Day,890,228
2015-12-28,Rajdhani Day,589,266
2015-12-30,Rajdhani Day,677,268
2015-12-31,Rajdhani Day,570,138
2016-01-01,Rajdhani Day,190,124
2016-01-02,Rajdhani Day,349,469
2016-01-04,Rajdhani Day,568,379
2016-01-05,Rajdhani Day,223,149
2016-01-06,Rajdhani Day,359,589
2016-01-07,Rajdhani Day,158,228
2016-01-08,Rajdhani Day,180,179
2016-01-09,Rajdhani Day,134,136
2016-01-11,Rajdhani Day,367,467
2016-01-12,Rajdhani Day,288,578
2016-01-13,Rajdhani Day,180,257
2016-01-14,Rajdhani Day,389,569
2016-01-15,Rajdhani Day,558,570
2016-01-16,Rajdhani Day,158,169
2016-01-18,Rajdhani Day,679,270
2016-01-19,Rajdhani Day,156,479
2016-01-20,Rajdhani Day,127,880
2016-01-21,Rajdhani Day,670,167
2016-01-22,Rajdhani Day,390,447
2016-01-25,Rajdhani Day,237,589
2016-01-27,Rajdhani Day,139,190
2016-01-28,Rajdhani Day,270,229
2016-01-29,Rajdhani Day,139,690
2016-01-30,Rajdhani Day,223,790
2016-02-01,Rajdhani Day,257,167
2016-02-02,Rajdhani Day,156,236
2016-02-03,Rajdhani Day,280,266
2016-02-04,Madhur Day,237,140
2016-02-04,Rajdhani Day,450,249
2016-02-05,Madhur Day,125,258
2016-02-05,Rajdhani Day,336,470
2016-02-06,Madhur Day,233,236
2016-02-06,Rajdhani Day,446,790
2016-02-07,Madhur Day,239,800
2016-02-08,Madhur Day,668,478
2016-02-08,Rajdhani Day,179,560
2016-02-09,Madhur Day,366,246
2016-02-09,Rajdhani Day,228,579
2016-02-10,Madhur Day,579,560
2016-02-10,Rajdhani Day,680,239
2016-02-11,Rajdhani Day,159,280
2016-02-12,Rajdhani Day,246,138
2016-02-13,Rajdhani Day,299,156
2016-02-15,Rajdhani Day,449,140
2016-02-16,Rajdhani Day,120,137
2016-02-17,Rajdhani Day,190,567
2016-02-18,Rajdhani Day,467,160
2016-02-19,Rajdhani Day,600,147
2016-02-20,Rajdhani Day,224,578
2016-02-22,Rajdhani Day,580,256
2016-02-23,Rajdhani Day,258,168
2016-02-24,Rajdhani Day,128,569
2016-02-25,Rajdhani Day,117,456
2016-02-26,Rajdhani Day,267,115
2016-02-27,Rajdhani Day,130,470
2016-02-29,Rajdhani Day,450,359
2016-03-01,Rajdhani Day,678,559
2016-03-02,Rajdhani Day,137,159
2016-03-03,Rajdhani Day,660,149
2016-03-04,Rajdhani Day,135,169
2016-03-05,Rajdhani Day,369,177
2016-03-07,Rajdhani Day,790,126
2016-03-08,Rajdhani Day,579,370
2016-03-09,Rajdhani Day,159,780
2016-03-10,Rajdhani Day,224,290
2016-03-11,Rajdhani Day,149,559
2016-03-12,Rajdhani Day,478,580
2016-03-14,Rajdhani Day,235,239
2016-03-15,Rajdhani Day,347,224
2016-03-16,Rajdhani Day,158,358
2016-03-17,Rajdhani Day,200,370
2016-03-18,Rajdhani Day,259,449
2016-03-19,Rajdhani Day,268,360
2016-03-21,Rajdhani Day,460,267
2016-03-22,Rajdhani Day,579,128
2016-03-23,Rajdhani Day,236,499
2016-03-25,Rajdhani Day,170,300
2016-03-26,Rajdhani Day,169,456
2016-03-28,Rajdhani Day,678,189
2016-03-29,Rajdhani Day,446,349
2016-03-30,Rajdhani Day,367,468
2016-03-31,Rajdhani Day,688,460
2016-04-01,Rajdhani Day,119,125
2016-04-02,Rajdhani Day,138,116
2016-04-09,Rajdhani Day,177,239
2016-04-10,Rajdhani Day,470,469
2016-04-15,Rajdhani Day,180,479
2016-04-16,Rajdhani Day,123,189
2016-04-18,Rajdhani Day,127,239
2016-04-19,Rajdhani Day,600,349
2016-04-20,Rajdhani Day,350,550
2016-04-21,Rajdhani Day,680,120
2016-04-22,Rajdhani Day,560,356
2016-04-23,Rajdhani Day,489,113
2016-04-25,Rajdhani Day,880,167
2016-04-26,Rajdhani Day,600,124
2016-04-27,Rajdhani Day,458,557
2016-04-28,Rajdhani Day,479,168
2016-04-29,Rajdhani Day,140,267
2016-04-30,Rajdhani Day,170,459
2016-05-02,Rajdhani Day,579,369
2016-05-03,Rajdhani Day,235,119
2016-05-04,Rajdhani Day,360,130
2016-05-05,Rajdhani Day,260,236
2016-05-06,Rajdhani Day,880,568
2016-05-07,Rajdhani Day,135,378
2016-05-09,Rajdhani Day,128,480
2016-05-10,Rajdhani Day,178,155
2016-05-11,Rajdhani Day,280,470
2016-05-12,Rajdhani Day,226,139
2016-05-13,Rajdhani Day,138,360
2016-05-14,Rajdhani Day,146,247
2016-05-16,Rajdhani Day,889,236
2016-05-17,Rajdhani Day,359,668
2016-05-18,Rajdhani Day,669,127
2016-05-19,Rajdhani Day,256,179
2016-05-20,Rajdhani Day,160,350
2016-05-21,Rajdhani Day,129,134
2016-05-23,Rajdhani Day,467,156
2016-05-24,Rajdhani Day,378,125
2016-05-25,Rajdhani Day,120,148
2016-05-26,Rajdhani Day,228,137
2016-05-27,Rajdhani Day,290,289
2016-05-28,Rajdhani Day,399,256
2016-05-30,Rajdhani Day,135,339
2016-05-31,Rajdhani Day,245,790
2016-06-01,Rajdhani Day,334,368
2016-06-02,Rajdhani Day,167,340
2016-06-03,Rajdhani Day,127,350
2016-06-04,Rajdhani Day,128,178
2016-06-06,Rajdhani Day,556,239
2016-06-07,Rajdhani Day,169,560
2016-06-08,Rajdhani Day,350,480
2016-06-09,Rajdhani Day,200,135
2016-06-10,Rajdhani Day,679,589
2016-06-11,Rajdhani Day,700,249
2016-06-13,Rajdhani Day,236,228
2016-06-14,Rajdhani Day,130,259
2016-06-15,Rajdhani Day,179,780
2016-06-16,Rajdhani Day,558,349
2016-06-17,Rajdhani Day,257,226
2016-06-18,Rajdhani Day,170,134
2016-06-20,Rajdhani Day,249,239
2016-06-21,Rajdhani Day,490,577
2016-06-22,Rajdhani Day,160,467
2016-06-23,Rajdhani Day,288,145
2016-06-24,Rajdhani Day,246,560
2016-06-25,Rajdhani Day,236,180
2016-06-27,Rajdhani Day,248,680
2016-06-28,Rajdhani Day,377,239
2016-06-29,Rajdhani Day,340,180
2016-06-30,Rajdhani Day,668,458
2016-07-01,Rajdhani Day,199,780
2016-07-02,Rajdhani Day,579,147
2016-07-04,Rajdhani Day,280,369
2016-07-05,Rajdhani Day,170,188
2016-07-06,Rajdhani Day,499,569
2016-07-08,Rajdhani Day,279,589
2016-07-09,Rajdhani Day,266,368
2016-07-11,Rajdhani Day,126,550
2016-07-12,Rajdhani Day,130,129
2016-07-13,Rajdhani Day,150,190
2016-07-14,Rajdhani Day,356,236
2016-07-15,Rajdhani Day,120,269
2016-07-16,Rajdhani Day,568,122
2016-07-18,Rajdhani Day,900,579
2016-07-19,Rajdhani Day,236,256
2016-07-20,Rajdhani Day,250,229
2016-07-21,Rajdhani Day,269,589
2016-07-22,Rajdhani Day,245,790
2016-07-23,Rajdhani Day,880,299
2016-07-25,Rajdhani Day,170,290
2016-07-26,Rajdhani Day,129,778
2016-07-27,Rajdhani Day,667,360
2016-07-28,Rajdhani Day,158,570
2016-07-29,Rajdhani Day,377,560
2016-07-30,Rajdhani Day,677,260
2016-08-01,Rajdhani Day,579,489
2016-08-02,Rajdhani Day,245,249
2016-08-03,Rajdhani Day,289,240
2016-08-04,Rajdhani Day,459,270
2016-08-05,Rajdhani Day,200,170
2016-08-06,Rajdhani Day,150,290
2016-08-08,Rajdhani Day,266,128
2016-08-09,Rajdhani Day,238,129
2016-08-10,Rajdhani Day,180,890
2016-08-11,Rajdhani Day,290,226
2016-08-12,Rajdhani Day,370,190
2016-08-13,Rajdhani Day,458,136
2016-08-16,Rajdhani Day,268,480
2016-08-17,Rajdhani Day,789,699
2016-08-18,Rajdhani Day,380,124
2016-08-19,Rajdhani Day,220,580
2016-08-20,Rajdhani Day,270,239
2016-08-22,Rajdhani Day,790,367
2016-08-23,Rajdhani Day,589,340
2016-08-24,Rajdhani Day,155,124
2016-08-25,Rajdhani Day,456,245
2016-08-26,Rajdhani Day,230,136
2016-08-27,Rajdhani Day,139,390
2016-08-29,Rajdhani Day,490,148
2016-08-30,Rajdhani Day,558,690
2016-08-31,Rajdhani Day,258,480
2016-09-01,Rajdhani Day,670,368
2016-09-02,Rajdhani Day,389,457
2016-09-03,Rajdhani Day,159,357
2016-09-05,Rajdhani Day,238,369
2016-09-06,Rajdhani Day,390,399
2016-09-07,Rajdhani Day,367,235
2016-09-08,Rajdhani Day,267,580
2016-09-09,Rajdhani Day,228,258
2016-09-10,Rajdhani Day,115,478
2016-09-12,Rajdhani Day,148,247
2016-09-13,Rajdhani Day,880,250
2016-09-14,Rajdhani Day,160,560
2016-09-15,Rajdhani Day,346,180
2016-09-16,Rajdhani Day,458,470
2016-09-17,Rajdhani Day,477,160
2016-09-19,Rajdhani Day,113,357
2016-09-20,Rajdhani Day,138,248
2016-09-21,Rajdhani Day,334,180
2016-09-22,Rajdhani Day,247,149
2016-09-23,Rajdhani Day,448,124
2016-09-24,Rajdhani Day,690,238
2016-09-26,Rajdhani Day,469,130
2016-09-27,Rajdhani Day,160,560
2016-09-28,Rajdhani Day,440,148
2016-09-29,Rajdhani Day,468,138
2016-09-30,Rajdhani Day,457,367
2016-10-01,Rajdhani Day,237,900
2016-10-03,Rajdhani Day,578,256
2016-10-04,Rajdhani Day,127,260
2016-10-05,Rajdhani Day,190,489
2016-10-06,Rajdhani Day,125,146
2016-10-07,Rajdhani Day,266,570
2016-10-08,Rajdhani Day,389,258
2016-10-10,Rajdhani Day,239,560
2016-10-11,Rajdhani Day,138,235
2016-10-12,Rajdhani Day,237,160
2016-10-13,Rajdhani Day,260,279
2016-10-14,Rajdhani Day,550,180
2016-10-15,Rajdhani Day,147,380
2016-10-17,Rajdhani Day,455,148
2016-10-18,Rajdhani Day,145,470
2016-10-19,Rajdhani Day,146,236
2016-10-20,Rajdhani Day,369,277
2016-10-21,Rajdhani Day,137,234
2016-10-22,Rajdhani Day,460,440
2016-10-24,Rajdhani Day,469,250
2016-10-25,Rajdhani Day,144,259
2016-10-26,Rajdhani Day,239,189
2016-11-02,Rajdhani Day,690,359
2016-11-03,Rajdhani Day,380,369
2016-11-04,Rajdhani Day,479,126
2016-11-05,Rajdhani Day,130,288
2016-11-07,Rajdhani Day,568,167
2016-11-08,Rajdhani Day,126,470
2016-11-09,Rajdhani Day,188,490
2016-11-10,Rajdhani Day,257,290
2016-11-11,Rajdhani Day,350,128
2016-11-12,Rajdhani Day,118,267
2016-11-14,Rajdhani Day,459,378
2016-11-15,Rajdhani Day,150,138
2016-11-16,Rajdhani Day,179,160
2016-11-17,Rajdhani Day,228,257
2016-11-18,Rajdhani Day,188,145
2016-11-19,Rajdhani Day,789,349
2016-11-21,Rajdhani Day,360,188
2016-11-22,Rajdhani Day,240,458
2016-11-23,Rajdhani Day,290,670
2016-11-24,Rajdhani Day,568,137
2016-11-25,Rajdhani Day,357,266
2016-11-26,Rajdhani Day,678,233
2016-11-28,Rajdhani Day,168,390
2016-11-29,Rajdhani Day,360,359
2016-11-30,Rajdhani Day,110,289
2016-12-01,Rajdhani Day,158,230
2016-12-02,Rajdhani Day,680,570
2016-12-03,Rajdhani Day,668,345
2016-12-05,Rajdhani Day,125,260
2016-12-06,Rajdhani Day,257,460
2016-12-07,Rajdhani Day,889,236
2016-12-08,Rajdhani Day,124,890
2016-12-09,Rajdhani Day,577,230
2016-12-10,Rajdhani Day,245,570
2016-12-12,Rajdhani Day,140,334
2016-12-13,Rajdhani Day,123,688
2016-12-14,Rajdhani Day,369,450
2016-12-15,Rajdhani Day,789,480
2016-12-16,Rajdhani Day,360,779
2016-12-17,Rajdhani Day,349,468
2016-12-19,Rajdhani Day,134,248
2016-12-20,Rajdhani Day,470,378
2016-12-21,Rajdhani Day,360,480
2016-12-22,Rajdhani Day,447,780
2016-12-23,Rajdhani Day,133,160
2016-12-24,Rajdhani Day,157,168
2016-12-26,Rajdhani Day,230,578
2016-12-27,Rajdhani Day,678,348
2016-12-28,Rajdhani Day,136,166
2016-12-29,Rajdhani Day,138,120
2016-12-30,Rajdhani Day,800,129
2016-12-31,Rajdhani Day,389,157
2017-01-02,Rajdhani Day,338,180
2017-01-03,Rajdhani Day,480,177
2017-01-04,Rajdhani Day,235,124
2017-01-05,Rajdhani Day,367,158
2017-01-06,Rajdhani Day,569,359
2017-01-07,Rajdhani Day,300,348
2017-01-09,Rajdhani Day,249,130
2017-01-10,Rajdhani Day,159,334
2017-01-11,Rajdhani Day,157,480
2017-01-12,Rajdhani Day,130,667
2017-01-13,Rajdhani Day,468,267
2017-01-14,Rajdhani Day,368,579
2017-01-16,Rajdhani Day,277,159
2017-01-17,Rajdhani Day,237,345
2017-01-18,Rajdhani Day,367,138
2017-01-19,Rajdhani Day,227,279
2017-01-20,Rajdhani Day,570,145
2017-01-21,Rajdhani Day,136,130
2017-01-23,Rajdhani Day,390,150
2017-01-24,Rajdhani Day,113,344
2017-01-25,Rajdhani Day,380,670
2017-01-27,Rajdhani Day,690,147
2017-01-28,Rajdhani Day,358,689
2017-01-30,Rajdhani Day,455,168
2017-01-31,Rajdhani Day,140,560
2017-02-01,Rajdhani Day,370,180
2017-02-02,Rajdhani Day,478,177
2017-02-03,Rajdhani Day,700,380
2017-02-04,Rajdhani Day,578,234
2017-02-06,Rajdhani Day,280,250
2017-02-07,Rajdhani Day,110,689
2017-02-08,Rajdhani Day,678,567
2017-02-09,Rajdhani Day,380,188
2017-02-10,Rajdhani Day,789,580
2017-02-11,Rajdhani Day,469,679
2017-02-13,Rajdhani Day,116,158
2017-02-14,Rajdhani Day,489,137
2017-02-15,Rajdhani Day,244,160
2017-02-16,Rajdhani Day,180,168
2017-02-17,Rajdhani Day,139,260
2017-02-18,Rajdhani Day,360,688
2017-02-20,Rajdhani Day,269,780
2017-02-21,Rajdhani Day,150,180
2017-02-22,Rajdhani Day,450,335
2017-02-23,Rajdhani Day,790,458
2017-02-24,Rajdhani Day,779,146
2017-02-25,Rajdhani Day,350,459
2017-02-27,Rajdhani Day,460,480
2017-02-28,Rajdhani Day,229,880
2017-03-01,Rajdhani Day,279,135
2017-03-02,Rajdhani Day,239,255
2017-03-03,Rajdhani Day,578,146
2017-03-04,Rajdhani Day,167,379
2017-03-06,Rajdhani Day,670,130
2017-03-07,Rajdhani Day,469,279
2017-03-08,Rajdhani Day,300,560
2017-03-09,Rajdhani Day,559,268
2017-03-10,Rajdhani Day,560,138
2017-03-11,Rajdhani Day,380,550
2017-03-14,Rajdhani Day,226,139
2017-03-15,Rajdhani Day,136,157
2017-03-16,Rajdhani Day,267,137
2017-03-17,Rajdhani Day,558,567
2017-03-18,Rajdhani Day,890,890
2017-03-20,Rajdhani Day,790,160
2017-03-21,Rajdhani Day,336,118
2017-03-22,Rajdhani Day,890,234
2017-03-23,Rajdhani Day,358,135
2017-03-24,Rajdhani Day,240,278
2017-03-25,Rajdhani Day,800,680
2017-03-27,Rajdhani Day,590,569
2017-03-28,Rajdhani Day,459,149
2017-03-29,Rajdhani Day,579,236
2017-03-30,Rajdhani Day,568,390
2017-03-31,Rajdhani Day,260,136
2017-04-01,Rajdhani Day,389,119
2017-04-03,Rajdhani Day,277,467
2017-04-04,Rajdhani Day,370,889
2017-04-05,Rajdhani Day,289,269
2017-04-06,Rajdhani Day,458,179
2017-04-07,Rajdhani Day,677,237
2017-04-08,Rajdhani Day,360,370
2017-04-10,Rajdhani Day,567,135
2017-04-11,Rajdhani Day,557,189
2017-04-12,Rajdhani Day,289,180
2017-04-13,Rajdhani Day,447,189
2017-04-14,Rajdhani Day,159,678
2017-04-15,Rajdhani Day,890,346
2017-04-17,Rajdhani Day,140,344
2017-04-18,Rajdhani Day,568,336
2017-04-19,Rajdhani Day,227,230
2017-04-20,Rajdhani Day,350,267
2017-04-21,Rajdhani Day,456,689
2017-04-22,Rajdhani Day,146,667
2017-04-24,Rajdhani Day,450,778
2017-04-25,Rajdhani Day,799,380
2017-04-26,Rajdhani Day,458,226
2017-04-27,Rajdhani Day,149,260
2017-04-28,Rajdhani Day,357,256
2017-04-29,Rajdhani Day,379,477
2017-05-01,Rajdhani Day,179,368
2017-05-02,Rajdhani Day,380,470
2017-05-03,Rajdhani Day,229,679
2017-05-04,Rajdhani Day,489,125
2017-05-05,Rajdhani Day,110,158
2017-05-06,Rajdhani Day,568,770
2017-05-08,Rajdhani Day,126,569
2017-05-09,Rajdhani Day,478,120
2017-05-10,Rajdhani Day,689,367
2017-05-11,Rajdhani Day,899,168
2017-05-12,Rajdhani Day,349,350
2017-05-13,Rajdhani Day,167,459
2017-05-15,Rajdhani Day,299,136
2017-05-16,Rajdhani Day,780,468
2017-05-17,Rajdhani Day,899,166
2017-05-18,Rajdhani Day,479,566
2017-05-19,Rajdhani Day,489,129
2017-05-20,Rajdhani Day,600,679
2017-05-22,Rajdhani Day,590,789
2017-05-23,Rajdhani Day,578,367
2017-05-24,Rajdhani Day,680,250
2017-05-25,Rajdhani Day,489,230
2017-05-26,Rajdhani Day,339,478
2017-05-27,Rajdhani Day,180,670
2017-05-29,Rajdhani Day,127,168
2017-05-30,Rajdhani Day,680,337
2017-05-31,Rajdhani Day,246,267
2017-06-01,Rajdhani Day,148,499
2017-06-02,Rajdhani Day,129,145
2017-06-03,Rajdhani Day,267,146
2017-06-05,Rajdhani Day,260,360
2017-06-06,Rajdhani Day,690,460
2017-06-07,Rajdhani Day,357,344
2017-06-08,Rajdhani Day,180,245
2017-06-09,Rajdhani Day,588,130
2017-06-10,Rajdhani Day,299,260
2017-06-12,Rajdhani Day,240,189
2017-06-13,Rajdhani Day,146,400
2017-06-14,Rajdhani Day,670,278
2017-06-15,Rajdhani Day,458,124
2017-06-16,Rajdhani Day,667,347
2017-06-17,Rajdhani Day,356,129
2017-06-19,Rajdhani Day,156,227
2017-06-20,Rajdhani Day,369,359
2017-06-21,Rajdhani Day,366,348
2017-06-22,Rajdhani Day,347,178
2017-06-23,Rajdhani Day,580,260
2017-06-24,Rajdhani Day,126,478
2017-06-27,Rajdhani Day,369,460
2017-06-28,Rajdhani Day,155,370
2017-06-29,Rajdhani Day,479,556
2017-06-30,Rajdhani Day,446,360
2017-07-01,Rajdhani Day,347,489
2017-07-03,Rajdhani Day,678,280
2017-07-04,Rajdhani Day,270,277
2017-07-05,Rajdhani Day,688,150
2017-07-06,Rajdhani Day,459,390
2017-07-07,Rajdhani Day,880,789
2017-07-08,Rajdhani Day,457,889
2017-07-10,Rajdhani Day,370,369
2017-07-11,Rajdhani Day,127,478
2017-07-12,Rajdhani Day,257,145
2017-07-13,Rajdhani Day,146,700
2017-07-14,Rajdhani Day,390,220
2017-07-15,Rajdhani Day,569,235
2017-07-17,Rajdhani Day,260,236
2017-07-18,Rajdhani Day,568,158
2017-07-19,Rajdhani Day,770,560
2017-07-20,Rajdhani Day,578,570
2017-07-21,Rajdhani Day,139,370
2017-07-22,Rajdhani Day,112,256
2017-07-24,Rajdhani Day,169,156
2017-07-25,Rajdhani Day,266,348
2017-07-26,Rajdhani Day,468,236
2017-07-27,Rajdhani Day,569,259
2017-07-28,Rajdhani Day,457,146
2017-07-29,Rajdhani Day,579,388
2017-07-31,Rajdhani Day,158,280
2017-08-01,Rajdhani Day,129,345
2017-08-02,Rajdhani Day,689,446
2017-08-03,Rajdhani Day,440,280
2017-08-04,Rajdhani Day,279,256
2017-08-05,Rajdhani Day,113,588
2017-08-07,Rajdhani Day,189,568
2017-08-08,Rajdhani Day,355,378
2017-08-09,Rajdhani Day,133,159
2017-08-10,Rajdhani Day,158,178
2017-08-11,Rajdhani Day,279,599
2017-08-12,Rajdhani Day,369,569
2017-08-14,Rajdhani Day,367,227
2017-08-16,Rajdhani Day,256,590
2017-08-17,Rajdhani Day,200,580
2017-08-18,Rajdhani Day,355,460
2017-08-19,Rajdhani Day,577,235
2017-08-21,Rajdhani Day,245,123
2017-08-22,Rajdhani Day,478,145
2017-08-23,Rajdhani Day,559,189
2017-08-24,Rajdhani Day,148,288
2017-08-25,Rajdhani Day,570,256
2017-08-26,Rajdhani Day,789,137
2017-08-28,Rajdhani Day,345,114
2017-08-29,Rajdhani Day,120,145
2017-08-30,Rajdhani Day,119,270
2017-08-31,Rajdhani Day,470,180
2017-09-01,Rajdhani Day,279,389
2017-09-02,Rajdhani Day,220,177
2017-09-04,Rajdhani Day,579,139
2017-09-05,Rajdhani Day,269,178
2017-09-06,Rajdhani Day,113,568
2017-09-07,Rajdhani Day,890,500
2017-09-08,Rajdhani Day,690,670
2017-09-09,Rajdhani Day,147,158
2017-09-11,Rajdhani Day,144,370
2017-09-12,Rajdhani Day,678,129
2017-09-13,Rajdhani Day,167,190
2017-09-14,Rajdhani Day,599,123
2017-09-15,Rajdhani Day,467,480
2017-09-16,Rajdhani Day,289,179
2017-09-18,Rajdhani Day,258,340
2017-09-19,Rajdhani Day,370,230
2017-09-20,Rajdhani Day,226,699
2017-09-21,Rajdhani Day,230,129
2017-09-22,Rajdhani Day,399,280
2017-09-23,Rajdhani Day,367,370
2017-09-25,Rajdhani Day,234,379
2017-09-26,Rajdhani Day,167,144
2017-09-27,Rajdhani Day,660,130
2017-09-28,Rajdhani Day,448,336
2017-09-29,Rajdhani Day,256,478
2017-09-30,Rajdhani Day,690,560
2017-10-02,Rajdhani Day,290,146
2017-10-03,Rajdhani Day,778,269
2017-10-04,Rajdhani Day,670,577
2017-10-05,Rajdhani Day,470,290
2017-10-06,Rajdhani Day,120,400
2017-10-07,Rajdhani Day,660,145
2017-10-09,Rajdhani Day,130,122
2017-10-10,Rajdhani Day,160,690
2017-10-11,Rajdhani Day,568,368
2017-10-12,Rajdhani Day,400,189
2017-10-13,Rajdhani Day,170,158
2017-10-23,Rajdhani Day,359,689
2017-10-24,Rajdhani Day,235,480
2017-10-25,Rajdhani Day,568,489
2017-10-26,Rajdhani Day,128,233
2017-10-27,Rajdhani Day,280,477
2017-10-28,Rajdhani Day,178,190
2017-10-30,Rajdhani Day,248,147
2017-10-31,Rajdhani Day,580,157
2017-11-01,Rajdhani Day,447,258
2017-11-02,Rajdhani Day,388,140
2017-11-04,Rajdhani Day,245,577
2017-11-06,Rajdhani Day,229,368
2017-11-07,Rajdhani Day,138,249
2017-11-08,Rajdhani Day,124,125
2017-11-09,Rajdhani Day,560,118
2017-11-11,Rajdhani Day,167,228
2017-11-13,Rajdhani Day,358,479
2017-11-14,Rajdhani Day,360,160
2017-11-15,Rajdhani Day,367,467
2017-11-16,Rajdhani Day,460,440
2017-11-18,Rajdhani Day,167,336
2017-11-20,Rajdhani Day,290,467
2017-11-21,Rajdhani Day,246,360
2017-11-22,Rajdhani Day,790,459
2017-11-23,Rajdhani Day,690,267
2017-11-24,Rajdhani Day,129,556
2017-11-25,Rajdhani Day,124,479
2017-11-27,Rajdhani Day,260,179
2017-11-28,Rajdhani Day,689,160
2017-11-29,Rajdhani Day,455,480
2017-11-30,Rajdhani Day,478,100
2017-12-01,Rajdhani Day,267,457
2017-12-02,Rajdhani Day,567,130
2017-12-04,Rajdhani Day,236,568
2017-12-05,Rajdhani Day,339,346
2017-12-06,Rajdhani Day,256,350
2017-12-07,Rajdhani Day,278,279
2017-12-08,Rajdhani Day,348,880
2017-12-09,Rajdhani Day,224,290
2017-12-11,Rajdhani Day,380,780
2017-12-12,Rajdhani Day,269,890
2017-12-13,Rajdhani Day,249,459
2017-12-14,Rajdhani Day,356,590
2017-12-15,Rajdhani Day,223,577
2017-12-16,Rajdhani Day,350,136
2017-12-18,Rajdhani Day,239,127
2017-12-19,Rajdhani Day,280,124
2017-12-20,Rajdhani Day,359,489
2017-12-21,Rajdhani Day,467,246
2017-12-22,Rajdhani Day,156,239
2017-12-23,Rajdhani Day,144,147
2017-12-25,Rajdhani Day,380,480
2017-12-26,Rajdhani Day,278,268
2017-12-27,Rajdhani Day,170,229
2017-12-28,Rajdhani Day,899,579
2017-12-29,Rajdhani Day,489,148
2017-12-30,Rajdhani Day,280,246
2018-01-01,Madhur Day,336,147
2018-01-01,Madhur Night,457,230
2018-01-01,Rajdhani Day,278,134
2018-01-02,Madhur Day,267,334
2018-01-02,Madhur Night,178,224
2018-01-02,Rajdhani Day,155,137
2018-01-03,Madhur Day,680,266
2018-01-03,Madhur Night,689,569
2018-01-03,Rajdhani Day,230,345
2018-01-04,Madhur Day,169,788
2018-01-04,Madhur Night,277,467
2018-01-04,Rajdhani Day,190,488
2018-01-05,Madhur Day,460,570
2018-01-05,Madhur Night,278,180
2018-01-05,Rajdhani Day,167,369
2018-01-06,Madhur Day,690,150
2018-01-06,Madhur Night,680,400
2018-01-06,Rajdhani Day,358,129
2018-01-07,Madhur Day,680,456
2018-01-08,Madhur Day,255,224
2018-01-08,Madhur Night,158,480
2018-01-08,Rajdhani Day,115,470
2018-01-09,Madhur Day,356,136
2018-01-09,Madhur Night,339,340
2018-01-09,Rajdhani Day,390,489
2018-01-10,Madhur Day,130,447
2018-01-10,Madhur Night,678,234
2018-01-10,Rajdhani Day,560,289
2018-01-11,Madhur Day,700,880
2018-01-11,Madhur Night,260,223
2018-01-11,Rajdhani Day,780,114
2018-01-12,Madhur Day,179,137
2018-01-12,Madhur Night,229,136
2018-01-12,Rajdhani Day,389,347
2018-01-13,Madhur Day,179,258
2018-01-13,Madhur Night,258,157
2018-01-13,Rajdhani Day,335,190
2018-01-15,Madhur Day,278,126
2018-01-15,Madhur Night,179,240
2018-01-15,Rajdhani Day,360,378
2018-01-16,Madhur Day,357,180
2018-01-16,Madhur Night,136,690
2018-01-16,Rajdhani Day,114,230
2018-01-17,Madhur Day,147,256
2018-01-17,Madhur Night,389,260
2018-01-17,Rajdhani Day,578,120
2018-01-18,Madhur Day,135,257
2018-01-18,Madhur Night,469,457
2018-01-18,Rajdhani Day,370,678
2018-01-19,Madhur Day,458,247
2018-01-19,Madhur Night,569,245
2018-01-19,Rajdhani Day,699,567
2018-01-20,Madhur Day,127,359
2018-01-20,Madhur Night,269,578
2018-01-20,Rajdhani Day,590,177
2018-01-21,Madhur Day,378,489
2018-01-22,Madhur Day,458,468
2018-01-22,Madhur Night,679,147
2018-01-22,Rajdhani Day,890,457
2018-01-23,Madhur Day,480,467
2018-01-23,Madhur Night,114,490
2018-01-23,Rajdhani Day,340,149
2018-01-24,Madhur Day,335,238
2018-01-24,Madhur Night,478,358
2018-01-24,Rajdhani Day,260,668
2018-01-25,Madhur Day,489,237
2018-01-25,Madhur Night,110,127
2018-01-25,Rajdhani Day,228,458
2018-01-27,Madhur Day,118,289
2018-01-27,Madhur Night,577,799
2018-01-27,Rajdhani Day,670,380
2018-01-28,Madhur Day,359,600
2018-01-29,Madhur Day,588,677
2018-01-29,Madhur Night,135,337
2018-01-29,Rajdhani Day,170,167
2018-01-30,Madhur Day,357,236
2018-01-30,Madhur Night,568,249
2018-01-30,Rajdhani Day,158,148
2018-01-31,Madhur Day,344,177
2018-01-31,Madhur Night,390,189
2018-01-31,Rajdhani Day,118,220
2018-02-01,Madhur Day,590,250
2018-02-01,Madhur Night,370,158
2018-02-01,Rajdhani Day,670,370
2018-02-02,Madhur Day,267,799
2018-02-02,Madhur Night,458,457
2018-02-02,Rajdhani Day,148,379
2018-02-03,Madhur Day,348,678
2018-02-03,Madhur Night,890,278
2018-02-03,Rajdhani Day,223,380
2018-02-04,Madhur Day,599,568
2018-02-05,Madhur Day,378,235
2018-02-05,Madhur Night,689,378
2018-02-05,Rajdhani Day,580,369
2018-02-06,Madhur Day,179,560
2018-02-06,Madhur Night,489,580
2018-02-06,Rajdhani Day,199,139
2018-02-07,Madhur Day,558,136
2018-02-07,Madhur Night,467,166
2018-02-07,Rajdhani Day,280,129
2018-02-08,Madhur Day,348,459
2018-02-08,Madhur Night,678,234
2018-02-08,Rajdhani Day,190,360
2018-02-09,Madhur Day,368,280
2018-02-09,Madhur Night,146,478
2018-02-09,Rajdhani Day,178,137
2018-02-10,Madhur Day,378,226
2018-02-10,Madhur Night,590,259
2018-02-10,Rajdhani Day,136,258
2018-02-11,Madhur Day,356,145
2018-02-12,Madhur Day,390,489
2018-02-12,Madhur Night,457,190
2018-02-12,Rajdhani Day,177,168
2018-02-13,Madhur Day,135,260
2018-02-13,Madhur Night,240,380
2018-02-13,Rajdhani Day,224,350
2018-02-14,Madhur Day,679,179
2018-02-14,Madhur Night,460,789
2018-02-14,Rajdhani Day,360,179
2018-02-15,Madhur Day,245,157
2018-02-15,Madhur Night,270,344
2018-02-15,Rajdhani Day,120,130
2018-02-16,Madhur Day,370,356
2018-02-16,Madhur Night,660,558
2018-02-16,Rajdhani Day,679,290
2018-02-17,Madhur Day,269,677
2018-02-17,Rajdhani Day,600,567
2018-02-18,Madhur Day,579,490
2018-02-19,Madhur Day,260,260
2018-02-19,Madhur Night,899,359
2018-02-19,Rajdhani Day,110,130
2018-02-20,Madhur Day,360,470
2018-02-20,Madhur Night,378,588
2018-02-20,Rajdhani Day,590,236
2018-02-21,Madhur Day,225,270
2018-02-21,Madhur Night,289,468
2018-02-21,Rajdhani Day,145,660
2018-02-22,Madhur Day,690,358
2018-02-22,Madhur Night,300,240
2018-02-22,Rajdhani Day,134,450
2018-02-23,Madhur Day,479,288
2018-02-23,Madhur Night,990,369
2018-02-23,Rajdhani Day,117,247
2018-02-24,Madhur Day,258,245
2018-02-24,Madhur Night,135,140
2018-02-24,Rajdhani Day,346,256
2018-02-25,Madhur Day,450,290
2018-02-26,Madhur Day,357,990
2018-02-26,Madhur Night,378,270
2018-02-26,Rajdhani Day,135,446
2018-02-27,Madhur Day,279,160
2018-02-27,Madhur Night,250,135
2018-02-27,Rajdhani Day,679,156
2018-02-28,Madhur Day,180,234
2018-02-28,Madhur Night,156,377
2018-02-28,Rajdhani Day,190,370
2018-03-01,Madhur Day,170,147
2018-03-01,Madhur Night,470,257
2018-03-01,Rajdhani Day,689,230
2018-03-03,Madhur Day,240,156
2018-03-03,Madhur Night,248,335
2018-03-03,Rajdhani Day,158,559
2018-03-04,Madhur Day,160,268
2018-03-05,Madhur Day,157,699
2018-03-05,Madhur Night,239,560
2018-03-05,Rajdhani Day,790,178
2018-03-06,Madhur Day,257,459
2018-03-06,Madhur Night,590,156
2018-03-06,Rajdhani Day,458,358
2018-03-07,Madhur Day,456,258
2018-03-07,Madhur Night,260,115
2018-03-07,Rajdhani Day,245,000
2018-03-08,Madhur Day,270,239
2018-03-08,Madhur Night,569,140
2018-03-08,Rajdhani Day,190,156
2018-03-09,Madhur Day,480,889
2018-03-09,Madhur Night,118,368
2018-03-09,Rajdhani Day,246,125
2018-03-10,Madhur Day,569,890
2018-03-10,Madhur Night,478,557
2018-03-10,Rajdhani Day,290,177
2018-03-11,Madhur Day,137,246
2018-03-12,Madhur Day,460,113
2018-03-12,Madhur Night,158,446
2018-03-12,Rajdhani Day,119,670
2018-03-13,Madhur Day,115,355
2018-03-13,Madhur Night,778,348
2018-03-13,Rajdhani Day,148,290
2018-03-14,Madhur Day,578,135
2018-03-14,Madhur Night,588,599
2018-03-14,Rajdhani Day,360,668
2018-03-15,Madhur Day,668,346
2018-03-15,Madhur Night,346,680
2018-03-15,Rajdhani Day,134,125
2018-03-16,Madhur Day,167,256
2018-03-16,Madhur Night,267,670
2018-03-16,Rajdhani Day,990,560
2018-03-17,Madhur Day,180,590
2018-03-17,Madhur Night,467,240
2018-03-17,Rajdhani Day,259,369
2018-03-18,Madhur Day,356,267
2018-03-19,Madhur Day,356,500
2018-03-19,Madhur Night,268,367
2018-03-19,Rajdhani Day,389,200
2018-03-20,Madhur Day,478,347
2018-03-20,Madhur Night,257,256
2018-03-20,Rajdhani Day,268,258
2018-03-21,Madhur Day,147,367
2018-03-21,Madhur Night,224,260
2018-03-21,Rajdhani Day,248,239
2018-03-22,Madhur Day,119,578
2018-03-22,Madhur Night,228,160
2018-03-22,Rajdhani Day,240,560
2018-03-23,Madhur Day,568,168
2018-03-23,Madhur Night,670,335
2018-03-23,Rajdhani Day,478,257
2018-03-24,Madhur Day,469,147
2018-03-24,Madhur Night,468,120
2018-03-24,Rajdhani Day,370,100
2018-03-25,Madhur Day,558,246
2018-03-26,Madhur Day,348,180
2018-03-26,Madhur Night,480,690
2018-03-26,Rajdhani Day,369,129
2018-03-27,Madhur Day,237,690
2018-03-27,Madhur Night,680,679
2018-03-27,Rajdhani Day,155,178
2018-03-28,Madhur Day,789,490
2018-03-28,Madhur Night,227,339
2018-03-28,Rajdhani Day,123,244
2018-03-29,Madhur Day,266,120
2018-03-29,Madhur Night,479,137
2018-03-29,Rajdhani Day,125,889
2018-03-30,Madhur Day,567,166
2018-03-30,Madhur Night,259,299
2018-03-30,Rajdhani Day,268,138
2018-03-31,Madhur Day,134,170
2018-03-31,Madhur Night,379,578
2018-03-31,Rajdhani Day,118,689
2018-04-01,Madhur Day,130,770
2018-04-02,Madhur Day,167,569
2018-04-02,Madhur Night,146,159
2018-04-02,Rajdhani Day,127,567
2018-04-03,Madhur Day,489,800
2018-04-03,Madhur Night,599,119
2018-04-03,Rajdhani Day,134,147
2018-04-04,Madhur Day,570,348
2018-04-04,Madhur Night,125,260
2018-04-04,Rajdhani Day,300,679
2018-04-05,Madhur Day,170,129
2018-04-05,Madhur Night,188,690
2018-04-05,Rajdhani Day,148,128
2018-04-06,Madhur Day,169,479
2018-04-06,Madhur Night,247,178
2018-04-06,Rajdhani Day,700,239
2018-04-07,Madhur Day,246,478
2018-04-07,Madhur Night,130,147
2018-04-07,Rajdhani Day,269,159
2018-04-08,Madhur Day,349,118
2018-04-09,Madhur Day,137,227
2018-04-09,Madhur Night,440,128
2018-04-09,Rajdhani Day,488,160
2018-04-10,Madhur Day,249,799
2018-04-10,Madhur Night,459,779
2018-04-10,Rajdhani Day,348,448
2018-04-11,Madhur Day,589,257
2018-04-11,Madhur Night,570,590
2018-04-11,Rajdhani Day,468,788
2018-04-12,Madhur Day,118,134
2018-04-12,Madhur Night,240,147
2018-04-12,Rajdhani Day,388,359
2018-04-13,Madhur Day,490,167
2018-04-13,Madhur Night,258,567
2018-04-13,Rajdhani Day,180,590
2018-04-14,Madhur Day,600,236
2018-04-14,Madhur Night,138,248
2018-04-14,Rajdhani Day,226,669
2018-04-15,Madhur Day,234,589
2018-04-16,Madhur Day,123,478
2018-04-16,Madhur Night,234,159
2018-04-16,Rajdhani Day,378,237
2018-04-17,Madhur Day,178,369
2018-04-17,Madhur Night,660,145
2018-04-17,Rajdhani Day,370,136
2018-04-18,Madhur Day,330,159
2018-04-18,Madhur Night,334,660
2018-04-18,Rajdhani Day,448,248
2018-04-19,Madhur Day,145,250
2018-04-19,Madhur Night,477,577
2018-04-19,Rajdhani Day,789,678
2018-04-20,Madhur Day,234,456
2018-04-20,Madhur Night,178,277
2018-04-20,Rajdhani Day,559,349
2018-04-21,Madhur Day,690,578
2018-04-21,Madhur Night,290,440
2018-04-21,Rajdhani Day,367,260
2018-04-22,Madhur Day,569,477
2018-04-23,Madhur Night,118,123
2018-04-23,Rajdhani Day,389,267
2018-04-24,Madhur Night,257,347
2018-04-24,Rajdhani Day,567,140
2018-04-25,Madhur Night,466,667
2018-04-25,Rajdhani Day,126,127
2018-04-26,Madhur Night,668,120
2018-04-26,Rajdhani Day,190,779
2018-04-27,Madhur Night,567,359
2018-04-27,Rajdhani Day,139,379
2018-04-28,Madhur Night,458,134
2018-04-28,Rajdhani Day,378,350
2018-04-30,Madhur Day,480,126
2018-04-30,Madhur Night,599,200
2018-04-30,Rajdhani Day,239,347
2018-05-01,Madhur Day,225,466
2018-05-01,Madhur Night,169,246
2018-05-01,Rajdhani Day,380,270
2018-05-02,Madhur Day,288,458
2018-05-02,Madhur Night,138,122
2018-05-02,Rajdhani Day,110,790
2018-05-03,Madhur Day,279,470
2018-05-03,Madhur Night,579,578
2018-05-03,Rajdhani Day,279,112
2018-05-04,Madhur Day,248,189
2018-05-04,Madhur Night,137,144
2018-05-04,Rajdhani Day,467,568
2018-05-05,Madhur Day,688,380
2018-05-05,Madhur Night,235,244
2018-05-05,Rajdhani Day,990,130
2018-05-06,Madhur Day,245,567
2018-05-07,Madhur Day,228,224
2018-05-07,Madhur Night,280,799
2018-05-07,Rajdhani Day,378,349
2018-05-08,Madhur Day,390,588
2018-05-08,Madhur Night,260,239
2018-05-08,Rajdhani Day,266,360
2018-05-09,Madhur Day,578,129
2018-05-09,Madhur Night,890,136
2018-05-09,Rajdhani Day,499,260
2018-05-10,Madhur Day,224,467
2018-05-10,Madhur Night,880,559
2018-05-10,Rajdhani Day,367,488
2018-05-11,Madhur Day,113,340
2018-05-11,Madhur Night,136,278
2018-05-11,Rajdhani Day,230,589
2018-05-12,Madhur Day,377,150
2018-05-12,Madhur Night,460,269
2018-05-12,Rajdhani Day,480,680
2018-05-13,Madhur Day,456,125
2018-05-14,Madhur Day,158,345
2018-05-14,Madhur Night,460,470
2018-05-14,Rajdhani Day,380,357
2018-05-15,Madhur Day,266,138
2018-05-15,Madhur Night,236,259
2018-05-15,Rajdhani Day,440,488
2018-05-16,Madhur Day,790,147
2018-05-16,Madhur Night,119,220
2018-05-16,Rajdhani Day,370,126
2018-05-17,Madhur Day,270,190
2018-05-17,Madhur Night,169,449
2018-05-17,Rajdhani Day,450,570
2018-05-18,Madhur Day,127,260
2018-05-18,Madhur Night,245,236
2018-05-18,Rajdhani Day,348,230
2018-05-19,Madhur Day,469,368
2018-05-19,Madhur Night,345,368
2018-05-19,Rajdhani Day,569,400
2018-05-20,Madhur Day,669,379
2018-05-21,Madhur Day,256,335
2018-05-21,Madhur Night,249,667
2018-05-21,Rajdhani Day,267,578
2018-05-22,Madhur Day,667,478
2018-05-22,Madhur Night,260,359
2018-05-22,Rajdhani Day,160,156
2018-05-23,Madhur Day,279,348
2018-05-23,Madhur Night,248,148
2018-05-23,Rajdhani Day,146,668
2018-05-24,Madhur Day,567,245
2018-05-24,Madhur Night,235,146
2018-05-24,Rajdhani Day,234,450
2018-05-25,Madhur Day,560,346
2018-05-25,Madhur Night,360,580
2018-05-25,Rajdhani Day,229,177
2018-05-26,Madhur Day,335,467
2018-05-26,Madhur Night,679,138
2018-05-26,Rajdhani Day,450,138
2018-05-27,Madhur Day,350,488
2018-05-28,Madhur Day,480,247
2018-05-28,Madhur Night,145,239
2018-05-28,Rajdhani Day,190,330
2018-05-29,Madhur Day,688,135
2018-05-29,Madhur Night,248,247
2018-05-29,Rajdhani Day,239,260
2018-05-30,Madhur Day,289,167
2018-05-30,Madhur Night,180,466
2018-05-30,Rajdhani Day,166,399
2018-05-31,Madhur Day,160,370
2018-05-31,Madhur Night,159,560
2018-05-31,Rajdhani Day,670,580
2018-06-01,Madhur Day,339,880
2018-06-01,Madhur Night,450,440
2018-06-01,Rajdhani Day,360,570
2018-06-02,Madhur Day,367,349
2018-06-02,Madhur Night,278,456
2018-06-02,Rajdhani Day,256,130
2018-06-03,Madhur Day,459,260
2018-06-04,Madhur Day,233,448
2018-06-04,Madhur Night,267,249
2018-06-04,Rajdhani Day,137,568
2018-06-05,Madhur Day,368,359
2018-06-05,Madhur Night,124,147
2018-06-05,Rajdhani Day,277,180
2018-06-06,Madhur Day,890,489
2018-06-06,Madhur Night,135,236
2018-06-06,Rajdhani Day,579,269
2018-06-07,Madhur Day,890,489
2018-06-07,Madhur Night,590,700
2018-06-07,Rajdhani Day,500,899
2018-06-08,Madhur Day,670,270
2018-06-08,Madhur Night,148,160
2018-06-08,Rajdhani Day,168,889
2018-06-09,Madhur Day,350,240
2018-06-09,Madhur Night,238,670
2018-06-09,Rajdhani Day,178,125
2018-06-10,Madhur Day,459,248
2018-06-11,Madhur Day,133,338
2018-06-11,Madhur Night,134,590
2018-06-11,Rajdhani Day,568,150
2018-06-12,Madhur Day,127,148
2018-06-12,Madhur Night,178,135
2018-06-12,Rajdhani Day,480,440
2018-06-13,Madhur Day,237,490
2018-06-13,Madhur Night,249,119
2018-06-13,Rajdhani Day,112,159
2018-06-14,Madhur Day,134,226
2018-06-14,Madhur Night,350,220
2018-06-14,Rajdhani Day,478,456
2018-06-15,Madhur Day,457,369
2018-06-15,Madhur Night,239,139
2018-06-15,Rajdhani Day,157,149
2018-06-18,Madhur Day,126,388
2018-06-18,Madhur Night,299,490
2018-06-18,Rajdhani Day,456,579
2018-06-19,Madhur Day,240,579
2018-06-19,Madhur Night,234,360
2018-06-19,Rajdhani Day,690,133
2018-06-20,Madhur Day,788,269
2018-06-20,Madhur Night,230,689
2018-06-20,Rajdhani Day,477,468
2018-06-21,Madhur Day,139,157
2018-06-21,Madhur Night,359,236
2018-06-21,Rajdhani Day,677,236
2018-06-22,Madhur Day,579,236
2018-06-22,Madhur Night,237,127
2018-06-22,Rajdhani Day,468,169
2018-06-23,Madhur Day,230,133
2018-06-23,Madhur Night,470,348
2018-06-23,Rajdhani Day,356,568
2018-06-24,Madhur Day,357,580
2018-06-25,Madhur Day,450,157
2018-06-25,Madhur Night,260,246
2018-06-25,Rajdhani Day,800,179
2018-06-26,Madhur Day,237,478
2018-06-26,Madhur Night,138,169
2018-06-26,Rajdhani Day,690,578
2018-06-27,Madhur Day,134,235
2018-06-27,Madhur Night,199,133
2018-06-27,Rajdhani Day,560,678
2018-06-28,Madhur Day,489,230
2018-06-28,Madhur Night,446,134
2018-06-28,Rajdhani Day,590,118
2018-06-29,Madhur Day,357,289
2018-06-29,Madhur Night,489,446
2018-06-29,Rajdhani Day,370,249
2018-06-30,Madhur Day,459,125
2018-06-30,Madhur Night,138,125
2018-06-30,Rajdhani Day,149,238
2018-07-01,Madhur Day,240,228
2018-07-02,Madhur Day,125,569
2018-07-02,Madhur Night,136,230
2018-07-02,Rajdhani Day,156,458
2018-07-03,Madhur Day,290,150
2018-07-03,Madhur Night,570,239
2018-07-03,Rajdhani Day,258,100
2018-07-04,Madhur Day,124,458
2018-07-04,Madhur Night,280,145
2018-07-04,Rajdhani Day,167,560
2018-07-05,Madhur Day,567,290
2018-07-05,Madhur Night,679,224
2018-07-05,Rajdhani Day,566,130
2018-07-06,Madhur Day,229,800
2018-07-06,Madhur Night,579,223
2018-07-06,Rajdhani Day,120,124
2018-07-07,Madhur Day,159,447
2018-07-07,Madhur Night,600,159
2018-07-07,Rajdhani Day,267,370
2018-07-08,Madhur Day,445,133
2018-07-09,Madhur Day,368,500
2018-07-09,Madhur Night,459,370
2018-07-09,Rajdhani Day,139,248
2018-07-10,Madhur Day,146,368
2018-07-10,Madhur Night,690,590
2018-07-10,Rajdhani Day,149,880
2018-07-11,Madhur Day,123,270
2018-07-11,Madhur Night,450,122
2018-07-11,Rajdhani Day,167,249
2018-07-12,Madhur Day,169,459
2018-07-12,Madhur Night,117,490
2018-07-12,Rajdhani Day,778,140
2018-07-13,Madhur Day,230,478
2018-07-13,Madhur Night,379,188
2018-07-13,Rajdhani Day,460,234
2018-07-14,Madhur Day,230,478
2018-07-14,Madhur Night,155,349
2018-07-14,Rajdhani Day,579,800
2018-07-15,Madhur Day,257,370
2018-07-16,Madhur Day,389,236
2018-07-16,Madhur Night,178,137
2018-07-16,Rajdhani Day,488,346
2018-07-17,Madhur Day,227,490
2018-07-17,Madhur Night,578,230
2018-07-17,Rajdhani Day,378,138
2018-07-18,Madhur Day,559,129
2018-07-18,Madhur Night,112,388
2018-07-18,Rajdhani Day,578,112
2018-07-19,Madhur Day,135,138
2018-07-19,Madhur Night,890,134
2018-07-19,Rajdhani Day,667,359
2018-07-20,Madhur Day,790,155
2018-07-20,Madhur Night,489,456
2018-07-20,Rajdhani Day,259,357
2018-07-21,Madhur Day,266,578
2018-07-21,Madhur Night,227,448
2018-07-21,Rajdhani Day,225,135
2018-07-22,Madhur Day,138,115
2018-07-23,Madhur Night,190,236
2018-07-23,Rajdhani Day,566,459
2018-07-24,Madhur Night,268,257
2018-07-24,Rajdhani Day,480,250
2018-07-25,Madhur Night,340,455
2018-07-25,Rajdhani Day,459,478
2018-07-26,Madhur Night,470,148
2018-07-26,Rajdhani Day,589,389
2018-07-27,Madhur Night,477,115
2018-07-27,Rajdhani Day,679,225
2018-07-28,Madhur Night,238,236
2018-07-28,Rajdhani Day,359,579
2018-07-30,Madhur Day,299,169
2018-07-30,Madhur Night,368,239
2018-07-30,Rajdhani Day,267,139
2018-07-31,Madhur Day,567,336
2018-07-31,Madhur Night,117,278
2018-07-31,Rajdhani Day,233,789
2018-08-01,Madhur Day,299,169
2018-08-01,Madhur Night,228,400
2018-08-01,Rajdhani Day,679,689
2018-08-02,Madhur Day,345,567
2018-08-02,Madhur Night,345,448
2018-08-02,Rajdhani Day,115,126
2018-08-03,Madhur Day,469,589
2018-08-03,Madhur Night,149,388
2018-08-03,Rajdhani Day,790,168
2018-08-04,Madhur Day,178,137
2018-08-04,Madhur Night,248,378
2018-08-04,Rajdhani Day,390,157
2018-08-05,Madhur Day,346,380
2018-08-06,Madhur Day,379,669
2018-08-06,Madhur Night,167,139
2018-08-06,Rajdhani Day,188,456
2018-08-07,Madhur Day,590,678
2018-08-07,Madhur Night,258,157
2018-08-07,Rajdhani Day,123,140
2018-08-08,Madhur Day,360,139
2018-08-08,Madhur Night,347,127
2018-08-08,Rajdhani Day,135,335
2018-08-09,Madhur Day,557,249
2018-08-09,Madhur Night,347,139
2018-08-09,Rajdhani Day,340,470
2018-08-10,Madhur Day,234,780
2018-08-10,Madhur Night,157,166
2018-08-10,Rajdhani Day,469,130
2018-08-11,Madhur Day,349,569
2018-08-11,Madhur Night,570,240
2018-08-11,Rajdhani Day,779,678
2018-08-12,Madhur Day,223,456
2018-08-13,Madhur Day,236,180
2018-08-13,Madhur Night,140,799
2018-08-13,Rajdhani Day,270,789
2018-08-14,Madhur Day,234,567
2018-08-14,Madhur Night,138,689
2018-08-14,Rajdhani Day,330,558
2018-08-16,Madhur Day,150,668
2018-08-16,Madhur Night,478,138
2018-08-16,Rajdhani Day,390,127
2018-08-17,Madhur Day,499,335
2018-08-17,Madhur Night,569,114
2018-08-17,Rajdhani Day,112,569
2018-08-18,Madhur Day,370,780
2018-08-18,Madhur Night,400,690
2018-08-18,Rajdhani Day,800,138
2018-08-19,Madhur Day,490,457
2018-08-20,Madhur Day,130,889
2018-08-20,Madhur Night,330,177
2018-08-20,Rajdhani Day,178,169
2018-08-21,Madhur Day,238,445
2018-08-21,Madhur Night,238,568
2018-08-21,Rajdhani Day,566,139
2018-08-22,Madhur Day,146,248
2018-08-22,Madhur Night,238,568
2018-08-22,Rajdhani Day,157,568
2018-08-23,Madhur Day,268,156
2018-08-23,Madhur Night,448,579
2018-08-23,Rajdhani Day,259,689
2018-08-24,Madhur Day,399,234
2018-08-24,Madhur Night,670,237
2018-08-24,Rajdhani Day,688,369
2018-08-25,Madhur Day,470,128
2018-08-25,Madhur Night,569,800
2018-08-25,Rajdhani Day,589,799
2018-08-27,Madhur Day,266,678
2018-08-27,Madhur Night,267,700
2018-08-27,Rajdhani Day,469,337
2018-08-28,Madhur Day,336,488
2018-08-28,Madhur Night,588,248
2018-08-28,Rajdhani Day,268,379
2018-08-29,Madhur Day,335,470
2018-08-29,Madhur Night,478,225
2018-08-29,Rajdhani Day,369,470
2018-08-30,Madhur Day,579,466
2018-08-30,Madhur Night,669,299
2018-08-30,Rajdhani Day,570,458
2018-08-31,Madhur Day,248,478
2018-08-31,Madhur Night,669,299
2018-08-31,Rajdhani Day,579,588
2018-09-01,Madhur Day,220,226
2018-09-01,Madhur Night,279,178
2018-09-01,Rajdhani Day,667,157
2018-09-02,Madhur Day,120,780
2018-09-03,Madhur Day,158,379
2018-09-03,Madhur Night,267,357
2018-09-03,Rajdhani Day,128,357
2018-09-04,Madhur Day,370,179
2018-09-04,Madhur Night,356,589
2018-09-04,Rajdhani Day,136,566
2018-09-05,Madhur Day,267,780
2018-09-05,Madhur Night,248,279
2018-09-05,Rajdhani Day,499,160
2018-09-06,Madhur Day,568,167
2018-09-06,Madhur Night,129,668
2018-09-06,Rajdhani Day,134,139
2018-09-07,Madhur Day,334,370
2018-09-07,Madhur Night,588,350
2018-09-07,Rajdhani Day,247,299
2018-09-08,Madhur Day,169,237
2018-09-08,Madhur Night,480,479
2018-09-08,Rajdhani Day,139,170
2018-09-09,Madhur Day,245,145
2018-09-10,Madhur Day,678,166
2018-09-10,Madhur Night,788,120
2018-09-10,Rajdhani Day,800,178
2018-09-11,Madhur Day,125,369
2018-09-11,Madhur Night,567,123
2018-09-11,Rajdhani Day,380,146
2018-09-12,Madhur Day,137,578
2018-09-12,Madhur Night,150,378
2018-09-12,Rajdhani Day,550,360
2018-09-13,Madhur Day,180,157
2018-09-13,Madhur Night,156,499
2018-09-13,Rajdhani Day,146,479
2018-09-14,Madhur Day,127,359
2018-09-14,Madhur Night,470,345
2018-09-14,Rajdhani Day,469,679
2018-09-15,Madhur Day,599,349
2018-09-15,Madhur Night,159,148
2018-09-15,Rajdhani Day,340,124
2018-09-16,Madhur Day,334,237
2018-09-17,Madhur Day,225,166
2018-09-17,Madhur Night,350,445
2018-09-17,Rajdhani Day,447,278
2018-09-18,Madhur Day,389,244
2018-09-18,Madhur Night,456,179
2018-09-18,Rajdhani Day,168,129
2018-09-19,Madhur Day,378,127
2018-09-19,Madhur Night,230,124
2018-09-19,Rajdhani Day,290,440
2018-09-20,Madhur Day,258,247
2018-09-20,Madhur Night,234,124
2018-09-20,Rajdhani Day,159,157
2018-09-21,Madhur Day,260,368
2018-09-21,Madhur Night,234,460
2018-09-21,Rajdhani Day,147,136
2018-09-22,Madhur Day,246,667
2018-09-22,Madhur Night,568,469
2018-09-22,Rajdhani Day,390,446
2018-09-24,Madhur Day,480,157
2018-09-24,Madhur Night,127,157
2018-09-24,Rajdhani Day,269,348
2018-09-25,Madhur Day,137,590
2018-09-25,Madhur Night,580,136
2018-09-25,Rajdhani Day,366,170
2018-09-26,Madhur Day,125,690
2018-09-26,Madhur Night,289,127
2018-09-26,Rajdhani Day,259,290
2018-09-27,Madhur Day,246,380
2018-09-27,Madhur Night,240,580
2018-09-27,Rajdhani Day,379,789
2018-09-28,Madhur Day,146,660
2018-09-28,Madhur Night,450,679
2018-09-28,Rajdhani Day,579,660
2018-09-29,Madhur Day,270,178
2018-09-29,Madhur Night,258,369
2018-09-29,Rajdhani Day,257,699
2018-09-30,Madhur Day,248,458
2018-10-01,Madhur Day,258,269
2018-10-01,Madhur Night,144,167
2018-10-01,Rajdhani Day,889,259
2018-10-02,Madhur Day,579,688
2018-10-02,Madhur Night,690,144
2018-10-02,Rajdhani Day,120,128
2018-10-03,Madhur Day,167,134
2018-10-03,Madhur Night,560,260
2018-10-03,Rajdhani Day,267,467
2018-10-04,Madhur Day,156,240
2018-10-04,Madhur Night,390,268
2018-10-04,Rajdhani Day,260,120
2018-10-05,Madhur Day,390,177
2018-10-05,Madhur Night,460,178
2018-10-05,Rajdhani Day,370,990
2018-10-06,Madhur Day,889,237
2018-10-06,Madhur Night,679,124
2018-10-06,Rajdhani Day,344,557
2018-10-07,Madhur Day,136,144
2018-10-08,Madhur Day,789,300
2018-10-08,Madhur Night,138,590
2018-10-08,Rajdhani Day,590,167
2018-10-09,Madhur Day,578,667
2018-10-09,Madhur Night,236,139
2018-10-09,Rajdhani Day,334,367
2018-10-10,Madhur Day,199,128
2018-10-10,Madhur Night,490,137
2018-10-10,Rajdhani Day,230,136
2018-10-11,Madhur Day,148,170
2018-10-11,Madhur Night,568,489
2018-10-11,Rajdhani Day,127,256
2018-10-12,Madhur Day,579,113
2018-10-12,Madhur Night,270,223
2018-10-12,Rajdhani Day,330,145
2018-10-13,Madhur Day,168,699
2018-10-13,Madhur Night,155,230
2018-10-13,Rajdhani Day,158,237
2018-10-14,Madhur Day,178,369
2018-10-15,Madhur Day,126,335
2018-10-15,Madhur Night,589,146
2018-10-15,Rajdhani Day,138,370
2018-10-16,Madhur Day,567,277
2018-10-16,Madhur Night,136,367
2018-10-16,Rajdhani Day,900,129
2018-10-17,Madhur Day,370,469
2018-10-17,Madhur Night,156,190
2018-10-17,Rajdhani Day,259,669
2018-10-18,Madhur Day,249,245
2018-10-18,Madhur Night,580,120
2018-10-18,Rajdhani Day,223,670
2018-10-19,Madhur Day,569,137
2018-10-19,Madhur Night,149,226
2018-10-19,Rajdhani Day,380,268
2018-10-20,Madhur Day,166,389
2018-10-20,Madhur Night,880,368
2018-10-20,Rajdhani Day,780,348
2018-10-21,Madhur Day,146,680
2018-10-22,Madhur Day,157,256
2018-10-22,Madhur Night,358,128
2018-10-22,Rajdhani Day,790,350
2018-10-23,Madhur Day,247,235
2018-10-23,Madhur Night,169,338
2018-10-23,Rajdhani Day,560,590
2018-10-24,Madhur Day,445,449
2018-10-24,Madhur Night,225,355
2018-10-24,Rajdhani Day,488,148
2018-10-25,Madhur Day,570,459
2018-10-25,Madhur Night,249,150
2018-10-25,Rajdhani Day,566,250
2018-10-26,Madhur Day,460,170
2018-10-26,Madhur Night,225,268
2018-10-26,Rajdhani Day,140,556
2018-10-27,Madhur Day,234,115
2018-10-27,Madhur Night,680,146
2018-10-27,Rajdhani Day,370,136
2018-10-28,Madhur Day,345,189
2018-10-29,Madhur Day,357,568
2018-10-29,Madhur Night,580,270
2018-10-29,Rajdhani Day,249,256
2018-10-30,Madhur Day,550,778
2018-10-30,Madhur Night,469,679
2018-10-30,Rajdhani Day,480,179
2018-10-31,Madhur Day,389,170
2018-10-31,Madhur Night,180,145
2018-10-31,Rajdhani Day,790,349
2018-11-01,Madhur Day,147,237
2018-11-01,Madhur Night,120,889
2018-11-01,Rajdhani Day,129,399
2018-11-02,Madhur Day,790,167
2018-11-02,Madhur Night,339,189
2018-11-02,Rajdhani Day,250,460
2018-11-03,Madhur Day,577,469
2018-11-03,Madhur Night,570,120
2018-11-04,Madhur Day,000,000
2018-11-12,Madhur Day,348,790
2018-11-12,Rajdhani Day,334,457
2018-11-13,Madhur Day,489,166
2018-11-13,Rajdhani Day,278,137
2018-11-14,Madhur Day,239,230
2018-11-14,Rajdhani Day,349,279
2018-11-15,Madhur Day,550,228
2018-11-15,Rajdhani Day,167,138
2018-11-16,Madhur Day,579,148
2018-11-16,Rajdhani Day,199,134
2018-11-17,Madhur Day,569,158
2018-11-17,Madhur Night,558,567
2018-11-17,Rajdhani Day,236,679
2018-11-18,Madhur Day,488,357
2018-11-19,Madhur Day,250,667
2018-11-19,Madhur Night,137,155
2018-11-19,Rajdhani Day,238,558
2018-11-20,Madhur Day,360,259
2018-11-20,Madhur Night,380,377
2018-11-20,Rajdhani Day,136,123
2018-11-21,Madhur Day,149,680
2018-11-21,Madhur Night,578,788
2018-11-21,Rajdhani Day,456,679
2018-11-22,Madhur Day,355,229
2018-11-22,Madhur Night,244,370
2018-11-22,Rajdhani Day,114,156
2018-11-23,Madhur Day,240,789
2018-11-23,Rajdhani Day,125,167
2018-11-24,Madhur Day,178,236
2018-11-24,Madhur Night,469,599
2018-11-24,Rajdhani Day,170,229
2018-11-25,Madhur Day,279,347
2018-11-26,Madhur Day,448,268
2018-11-26,Madhur Night,350,118
2018-11-26,Rajdhani Day,359,246
2018-11-27,Madhur Day,168,119
2018-11-27,Madhur Night,667,135
2018-11-27,Rajdhani Day,112,135
2018-11-28,Madhur Day,230,900
2018-11-28,Madhur Night,158,780
2018-11-28,Rajdhani Day,179,389
2018-11-29,Madhur Day,118,360
2018-11-29,Madhur Night,128,156
2018-11-29,Rajdhani Day,559,159
2018-11-30,Madhur Day,460,369
2018-11-30,Rajdhani Day,569,340
2018-12-01,Madhur Day,340,699
2018-12-01,Madhur Night,180,124
2018-12-01,Rajdhani Day,479,680
2018-12-02,Madhur Day,134,890
2018-12-03,Madhur Day,340,260
2018-12-03,Madhur Night,349,226
2018-12-03,Rajdhani Day,128,169
2018-12-04,Madhur Day,266,239
2018-12-04,Rajdhani Day,667,137
2018-12-05,Madhur Day,179,170
2018-12-05,Madhur Night,470,259
2018-12-05,Rajdhani Day,188,579
2018-12-06,Madhur Day,340,388
2018-12-06,Madhur Night,355,689
2018-12-06,Rajdhani Day,289,228
2018-12-07,Madhur Day,166,330
2018-12-07,Rajdhani Day,167,380
2018-12-08,Madhur Day,129,489
2018-12-08,Madhur Night,148,277
2018-12-08,Rajdhani Day,347,158
2018-12-09,Madhur Day,233,289
2018-12-10,Madhur Day,990,359
2018-12-10,Madhur Night,158,157
2018-12-10,Rajdhani Day,169,125
2018-12-11,Madhur Day,117,340
2018-12-11,Madhur Night,126,188
2018-12-11,Rajdhani Day,288,189
2018-12-12,Madhur Day,780,123
2018-12-12,Madhur Night,247,668
2018-12-12,Rajdhani Day,389,255
2018-12-13,Madhur Day,177,358
2018-12-13,Madhur Night,234,240
2018-12-13,Rajdhani Day,130,358
2018-12-14,Madhur Day,166,478
2018-12-14,Rajdhani Day,378,148
2018-12-15,Madhur Day,148,246
2018-12-15,Madhur Night,456,235
2018-12-15,Rajdhani Day,778,789
2018-12-16,Madhur Day,688,249
2018-12-17,Madhur Day,240,489
2018-12-17,Madhur Night,177,145
2018-12-17,Rajdhani Day,128,578
2018-12-18,Madhur Day,190,133
2018-12-18,Madhur Night,478,269
2018-12-18,Rajdhani Day,569,240
2018-12-19,Madhur Day,589,670
2018-12-19,Madhur Night,368,550
2018-12-19,Rajdhani Day,447,479
2018-12-20,Madhur Day,280,258
2018-12-20,Madhur Night,670,378
2018-12-20,Rajdhani Day,117,126
2018-12-21,Madhur Day,477,799
2018-12-21,Rajdhani Day,127,134
2018-12-22,Madhur Day,136,190
2018-12-22,Madhur Night,990,168
2018-12-22,Rajdhani Day,379,150
2018-12-23,Madhur Day,779,670
2018-12-24,Madhur Day,446,670
2018-12-24,Madhur Night,366,169
2018-12-24,Rajdhani Day,455,167
2018-12-25,Madhur Day,269,225
2018-12-25,Madhur Night,446,137
2018-12-25,Rajdhani Day,178,270
2018-12-26,Madhur Day,246,479
2018-12-26,Madhur Night,136,278
2018-12-26,Rajdhani Day,550,670
2018-12-27,Madhur Day,890,478
2018-12-27,Madhur Night,389,135
2018-12-27,Rajdhani Day,137,136
2018-12-28,Madhur Day,380,270
2018-12-28,Rajdhani Day,120,470
2018-12-29,Madhur Day,250,259
2018-12-29,Madhur Night,230,270
2018-12-29,Rajdhani Day,335,240
2018-12-30,Madhur Day,890,455
2018-12-31,Madhur Day,113,588
2018-12-31,Madhur Night,390,467
2018-12-31,Rajdhani Day,269,299
2019-01-01,Madhur Day,689,248
2019-01-01,Madhur Night,788,460
2019-01-01,Rajdhani Day,234,170
2019-01-02,Madhur Day,457,478
2019-01-02,Madhur Night,135,245
2019-01-02,Rajdhani Day,458,128
2019-01-03,Madhur Day,119,157
2019-01-03,Madhur Night,579,129
2019-01-03,Rajdhani Day,259,190
2019-01-04,Madhur Day,228,679
2019-01-04,Rajdhani Day,189,156
2019-01-05,Madhur Day,335,779
2019-01-05,Rajdhani Day,239,600
2019-01-06,Madhur Day,360,456
2019-01-07,Madhur Day,470,389
2019-01-07,Madhur Night,578,145
2019-01-07,Rajdhani Day,390,124
2019-01-08,Madhur Day,245,345
2019-01-08,Madhur Night,114,589
2019-01-08,Rajdhani Day,700,346
2019-01-09,Madhur Day,469,450
2019-01-09,Madhur Night,390,349
2019-01-09,Rajdhani Day,669,127
2019-01-10,Madhur Day,260,146
2019-01-10,Madhur Night,589,235
2019-01-10,Rajdhani Day,380,346
2019-01-11,Madhur Day,138,390
2019-01-11,Madhur Night,449,470
2019-01-11,Rajdhani Day,556,469
2019-01-12,Madhur Day,668,147
2019-01-12,Madhur Night,269,468
2019-01-12,Rajdhani Day,269,370
2019-01-13,Madhur Day,144,238
2019-01-14,Madhur Day,129,899
2019-01-14,Madhur Night,558,790
2019-01-14,Rajdhani Day,589,168
2019-01-15,Madhur Day,144,660
2019-01-15,Madhur Night,230,137
2019-01-15,Rajdhani Day,689,135
2019-01-16,Madhur Day,238,268
2019-01-16,Madhur Night,279,788
2019-01-16,Rajdhani Day,156,578
2019-01-17,Madhur Day,348,259
2019-01-17,Madhur Night,700,467
2019-01-17,Rajdhani Day,116,467
2019-01-18,Madhur Day,459,249
2019-01-18,Rajdhani Day,570,390
2019-01-19,Madhur Day,455,590
2019-01-19,Madhur Night,236,479
2019-01-19,Rajdhani Day,460,688
2019-01-20,Madhur Day,224,388
2019-01-21,Madhur Day,138,500
2019-01-21,Madhur Night,900,170
2019-01-21,Rajdhani Day,239,250
2019-01-22,Madhur Day,770,450
2019-01-22,Madhur Night,158,220
2019-01-22,Rajdhani Day,289,139
2019-01-23,Madhur Day,267,147
2019-01-23,Madhur Night,156,389
2019-01-23,Rajdhani Day,567,148
2019-01-24,Madhur Day,113,478
2019-01-24,Madhur Night,237,224
2019-01-24,Rajdhani Day,488,240
2019-01-25,Madhur Day,679,568
2019-01-25,Rajdhani Day,145,233
2019-01-28,Madhur Day,158,489
2019-01-28,Madhur Night,146,266
2019-01-28,Rajdhani Day,399,449
2019-01-29,Madhur Day,299,116
2019-01-29,Madhur Night,280,380
2019-01-29,Rajdhani Day,125,129
2019-01-30,Madhur Day,148,156
2019-01-30,Madhur Night,348,560
2019-01-30,Rajdhani Day,290,236
2019-01-31,Madhur Day,138,448
2019-01-31,Madhur Night,139,346
2019-01-31,Rajdhani Day,166,340
2019-02-01,Madhur Day,137,166
2019-02-01,Rajdhani Day,139,367
2019-02-02,Madhur Day,279,230
2019-02-02,Madhur Night,779,125
2019-02-02,Rajdhani Day,688,238
2019-02-03,Madhur Day,467,268
2019-02-04,Madhur Night,166,157
2019-02-04,Rajdhani Day,129,226
2019-02-05,Madhur Night,800,130
2019-02-05,Rajdhani Day,124,339
2019-02-06,Madhur Night,249,690
2019-02-06,Rajdhani Day,248,180
2019-02-07,Madhur Night,490,489
2019-02-07,Rajdhani Day,147,124
2019-02-08,Rajdhani Day,144,148
2019-02-09,Madhur Night,334,137
2019-02-09,Rajdhani Day,179,178
2019-02-11,Madhur Day,123,780
2019-02-11,Madhur Night,150,114
2019-02-11,Rajdhani Day,466,470
2019-02-12,Madhur Day,260,179
2019-02-12,Madhur Night,145,235
2019-02-12,Rajdhani Day,168,158
2019-02-13,Madhur Day,239,470
2019-02-13,Madhur Night,128,157
2019-02-13,Rajdhani Day,238,680
2019-02-14,Madhur Day,139,126
2019-02-14,Madhur Night,450,269
2019-02-14,Rajdhani Day,579,678
2019-02-15,Madhur Day,389,148
2019-02-15,Rajdhani Day,146,349
2019-02-16,Madhur Day,118,260
2019-02-16,Madhur Night,468,677
2019-02-16,Rajdhani Day,680,125
2019-02-17,Madhur Day,278,249
2019-02-18,Madhur Day,167,569
2019-02-18,Madhur Night,479,158
2019-02-19,Madhur Day,350,125
2019-02-19,Madhur Night,336,567
2019-02-19,Rajdhani Day,468,238
2019-02-20,Madhur Day,245,246
2019-02-20,Madhur Night,126,237
2019-02-20,Rajdhani Day,478,167
2019-02-21,Madhur Day,167,345
2019-02-21,Madhur Night,240,180
2019-02-21,Rajdhani Day,157,499
2019-02-22,Madhur Day,149,137
2019-02-22,Rajdhani Day,246,139
2019-02-23,Madhur Day,348,156
2019-02-23,Madhur Night,256,667
2019-02-23,Rajdhani Day,170,199
2019-02-24,Madhur Day,249,679
2019-02-25,Madhur Day,140,237
2019-02-25,Madhur Night,690,678
2019-02-25,Rajdhani Day,478,128
2019-02-26,Madhur Day,137,169
2019-02-26,Madhur Night,128,137
2019-02-26,Rajdhani Day,558,679
2019-02-27,Madhur Day,289,236
2019-02-27,Madhur Night,679,379
2019-02-27,Rajdhani Day,780,489
2019-02-28,Madhur Day,289,236
2019-02-28,Madhur Night,366,240
2019-02-28,Rajdhani Day,370,799
2019-03-01,Madhur Day,289,236
2019-03-01,Rajdhani Day,390,136
2019-03-02,Madhur Day,466,448
2019-03-02,Madhur Night,126,230
2019-03-02,Rajdhani Day,667,144
2019-03-03,Madhur Day,689,117
2019-03-04,Madhur Day,400,255
2019-03-04,Madhur Night,160,180
2019-03-04,Rajdhani Day,489,178
2019-03-05,Madhur Day,113,567
2019-03-05,Madhur Night,127,490
2019-03-05,Rajdhani Day,167,460
2019-03-06,Madhur Day,116,770
2019-03-06,Madhur Night,256,240
2019-03-06,Rajdhani Day,127,239
2019-03-07,Madhur Day,467,457
2019-03-07,Madhur Night,138,468
2019-03-07,Rajdhani Day,679,199
2019-03-08,Madhur Day,470,249
2019-03-08,Rajdhani Day,133,469
2019-03-09,Madhur Day,147,245
2019-03-09,Rajdhani Day,399,127
2019-03-10,Madhur Day,157,680
2019-03-11,Madhur Day,660,259
2019-03-11,Madhur Night,889,569
2019-03-11,Rajdhani Day,139,800
2019-03-12,Madhur Day,249,189
2019-03-12,Madhur Night,158,100
2019-03-13,Madhur Day,360,279
2019-03-13,Madhur Night,689,170
2019-03-13,Rajdhani Day,690,348
2019-03-14,Madhur Day,670,269
2019-03-14,Madhur Night,139,114
2019-03-14,Rajdhani Day,689,488
2019-03-15,Madhur Day,127,150
2019-03-15,Madhur Night,146,300
2019-03-15,Rajdhani Day,369,136
2019-03-16,Madhur Day,468,578
2019-03-16,Madhur Night,124,170
2019-03-16,Rajdhani Day,348,459
2019-03-17,Madhur Day,189,290
2019-03-18,Madhur Day,800,157
2019-03-18,Madhur Night,147,390
2019-03-18,Rajdhani Day,112,157
2019-03-19,Madhur Day,269,137
2019-03-19,Madhur Night,139,390
2019-03-19,Rajdhani Day,335,239
2019-03-20,Madhur Day,890,467
2019-03-20,Madhur Night,127,190
2019-03-20,Rajdhani Day,336,135
2019-03-22,Madhur Day,299,790
2019-03-22,Madhur Night,334,489
2019-03-22,Rajdhani Day,236,488
2019-03-23,Madhur Day,478,446
2019-03-23,Madhur Night,188,569
2019-03-23,Rajdhani Day,127,679
2019-03-24,Madhur Day,570,127
2019-03-25,Madhur Day,447,588
2019-03-25,Madhur Night,478,180
2019-03-25,Rajdhani Day,256,479
2019-03-26,Madhur Day,228,479
2019-03-26,Madhur Night,700,300
2019-03-26,Rajdhani Day,270,440
2019-03-27,Madhur Day,688,114
2019-03-27,Madhur Night,890,566
2019-03-27,Rajdhani Day,380,799
2019-03-28,Madhur Day,890,689
2019-03-28,Madhur Night,149,129
2019-03-28,Rajdhani Day,350,130
2019-03-29,Madhur Day,223,770
2019-03-29,Madhur Night,244,459
2019-03-29,Rajdhani Day,259,180
2019-03-30,Madhur Day,558,900
2019-03-30,Madhur Night,488,128
2019-03-30,Rajdhani Day,478,670
2019-03-31,Madhur Day,258,269
2019-04-01,Madhur Day,360,137
2019-04-01,Madhur Night,356,223
2019-04-01,Rajdhani Day,235,158
2019-04-02,Madhur Day,680,128
2019-04-02,Madhur Night,350,335
2019-04-02,Rajdhani Day,699,127
2019-04-03,Madhur Day,359,589
2019-04-03,Madhur Night,445,780
2019-04-03,Rajdhani Day,690,269
2019-04-04,Madhur Day,460,237
2019-04-04,Madhur Night,277,460
2019-04-04,Rajdhani Day,233,280
2019-04-05,Madhur Day,334,559
2019-04-05,Madhur Night,480,127
2019-04-05,Rajdhani Day,269,288
2019-04-06,Madhur Day,679,235
2019-04-06,Madhur Night,125,690
2019-04-06,Rajdhani Day,249,470
2019-04-07,Madhur Day,790,127
2019-04-08,Madhur Day,399,280
2019-04-08,Madhur Night,137,260
2019-04-08,Rajdhani Day,359,447
2019-04-09,Madhur Day,688,244
2019-04-09,Madhur Night,679,156
2019-04-09,Rajdhani Day,489,790
2019-04-10,Madhur Day,248,145
2019-04-10,Madhur Night,135,267
2019-04-10,Rajdhani Day,189,149
2019-04-11,Madhur Day,147,339
2019-04-11,Madhur Night,126,345
2019-04-11,Rajdhani Day,138,266
2019-04-12,Madhur Day,134,224
2019-04-12,Madhur Night,240,237
2019-04-12,Rajdhani Day,356,368
2019-04-13,Madhur Day,700,144
2019-04-13,Madhur Night,245,270
2019-04-13,Rajdhani Day,135,269
2019-04-14,Madhur Day,478,458
2019-04-15,Madhur Day,458,280
2019-04-15,Madhur Night,138,246
2019-04-15,Rajdhani Day,469,600
2019-04-16,Madhur Day,180,378
2019-04-16,Madhur Night,780,568
2019-04-16,Rajdhani Day,259,567
2019-04-17,Madhur Day,139,589
2019-04-17,Madhur Night,236,690
2019-04-17,Rajdhani Day,340,499
2019-04-18,Madhur Day,469,340
2019-04-18,Madhur Night,134,449
2019-04-18,Rajdhani Day,460,680
2019-04-19,Madhur Day,233,234
2019-04-19,Madhur Night,129,368
2019-04-19,Rajdhani Day,200,256
2019-04-20,Madhur Day,266,478
2019-04-20,Madhur Night,220,670
2019-04-20,Rajdhani Day,489,366
2019-04-21,Madhur Day,468,458
2019-04-22,Madhur Day,567,118
2019-04-22,Madhur Night,160,257
2019-04-22,Rajdhani Day,280,190
2019-04-23,Madhur Day,137,380
2019-04-23,Madhur Night,356,370
2019-04-23,Rajdhani Day,358,136
2019-04-24,Madhur Day,450,158
2019-04-24,Madhur Night,139,490
2019-04-25,Madhur Day,569,770
2019-04-25,Madhur Night,269,339
2019-04-25,Rajdhani Day,460,447
2019-04-26,Madhur Day,360,380
2019-04-26,Madhur Night,478,189
2019-04-26,Rajdhani Day,220,249
2019-04-27,Madhur Day,128,389
2019-04-27,Madhur Night,137,259
2019-04-27,Rajdhani Day,570,449
2019-04-28,Madhur Day,488,269
2019-04-29,Madhur Day,445,889
2019-04-29,Madhur Night,289,238
2019-04-29,Rajdhani Day,190,158
2019-04-30,Madhur Day,578,256
2019-04-30,Madhur Night,479,246
2019-04-30,Rajdhani Day,458,356
2019-05-01,Madhur Day,356,668
2019-05-01,Madhur Night,559,229
2019-05-01,Rajdhani Day,137,236
2019-05-02,Madhur Day,337,356
2019-05-02,Madhur Night,370,677
2019-05-02,Rajdhani Day,889,345
2019-05-03,Madhur Day,245,160
2019-05-03,Madhur Night,349,168
2019-05-03,Rajdhani Day,178,230
2019-05-04,Madhur Day,278,599
2019-05-04,Madhur Night,570,367
2019-05-04,Rajdhani Day,600,358
2019-05-05,Madhur Day,114,123
2019-05-06,Madhur Day,560,489
2019-05-06,Madhur Night,600,227
2019-05-06,Rajdhani Day,170,400
2019-05-07,Madhur Day,300,359
2019-05-07,Madhur Night,178,778
2019-05-07,Rajdhani Day,370,189
2019-05-08,Madhur Day,568,567
2019-05-08,Madhur Night,348,237
2019-05-08,Rajdhani Day,459,120
2019-05-09,Madhur Day,680,228
2019-05-09,Madhur Night,256,459
2019-05-09,Rajdhani Day,448,568
2019-05-10,Madhur Day,168,244
2019-05-10,Madhur Night,236,160
2019-05-10,Rajdhani Day,566,114
2019-05-11,Madhur Day,680,135
2019-05-11,Madhur Night,236,160
2019-05-11,Rajdhani Day,359,489
2019-05-12,Madhur Day,259,779
2019-05-13,Madhur Day,800,780
2019-05-13,Madhur Night,458,238
2019-05-13,Rajdhani Day,480,280
2019-05-14,Madhur Day,780,168
2019-05-14,Madhur Night,346,158
2019-05-14,Rajdhani Day,770,470
2019-05-15,Madhur Day,157,139
2019-05-15,Madhur Night,680,169
2019-05-15,Rajdhani Day,180,278
2019-05-16,Madhur Day,780,470
2019-05-16,Madhur Night,260,367
2019-05-16,Rajdhani Day,338,129
2019-05-17,Madhur Day,157,277
2019-05-17,Madhur Night,226,135
2019-05-17,Rajdhani Day,128,369
2019-05-18,Madhur Day,124,236
2019-05-18,Madhur Night,112,468
2019-05-18,Rajdhani Day,288,578
2019-05-19,Madhur Day,568,126
2019-05-20,Madhur Day,359,247
2019-05-20,Madhur Night,689,189
2019-05-20,Rajdhani Day,577,458
2019-05-21,Madhur Day,560,166
2019-05-21,Madhur Night,490,360
2019-05-21,Rajdhani Day,278,580
2019-05-22,Madhur Day,234,240
2019-05-22,Madhur Night,489,170
2019-05-22,Rajdhani Day,569,467
2019-05-23,Madhur Day,134,167
2019-05-23,Madhur Night,399,690
2019-05-23,Rajdhani Day,167,660
2019-05-24,Madhur Day,167,227
2019-05-24,Madhur Night,289,399
2019-05-24,Rajdhani Day,689,290
2019-05-25,Madhur Day,279,379
2019-05-25,Madhur Night,140,568
2019-05-25,Rajdhani Day,116,267
2019-05-26,Madhur Day,890,236
2019-05-27,Madhur Day,348,489
2019-05-27,Madhur Night,230,135
2019-05-27,Rajdhani Day,780,130
2019-05-28,Madhur Day,679,468
2019-05-28,Madhur Night,248,570
2019-05-28,Rajdhani Day,137,890
2019-05-29,Madhur Day,230,137
2019-05-29,Madhur Night,249,170
2019-05-29,Rajdhani Day,270,577
2019-05-30,Madhur Day,179,679
2019-05-30,Madhur Night,345,890
2019-05-30,Rajdhani Day,130,280
2019-05-31,Madhur Day,179,148
2019-05-31,Madhur Night,147,380
2019-05-31,Rajdhani Day,134,257
2019-06-01,Madhur Day,578,138
2019-06-01,Madhur Night,157,247
2019-06-01,Rajdhani Day,356,120
2019-06-02,Madhur Day,138,170
2019-06-03,Madhur Day,110,238
2019-06-03,Madhur Night,289,145
2019-06-03,Rajdhani Day,447,138
2019-06-04,Madhur Day,269,147
2019-06-04,Madhur Night,147,100
2019-06-04,Rajdhani Day,267,680
2019-06-05,Madhur Day,169,178
2019-06-05,Madhur Night,590,690
2019-06-05,Rajdhani Day,380,137
2019-06-06,Madhur Day,134,247
2019-06-06,Madhur Night,189,146
2019-06-06,Rajdhani Day,900,489
2019-06-07,Madhur Day,149,134
2019-06-07,Madhur Night,228,120
2019-06-07,Rajdhani Day,377,139
2019-06-08,Madhur Day,159,590
2019-06-08,Madhur Night,299,700
2019-06-08,Rajdhani Day,236,347
2019-06-09,Madhur Day,189,134
2019-06-10,Madhur Day,568,668
2019-06-10,Madhur Night,146,250
2019-06-10,Rajdhani Day,200,237
2019-06-11,Madhur Day,135,670
2019-06-11,Madhur Night,788,677
2019-06-11,Rajdhani Day,123,170
2019-06-12,Madhur Day,234,360
2019-06-12,Madhur Night,568,228
2019-06-12,Rajdhani Day,146,579
2019-06-13,Madhur Day,150,167
2019-06-13,Madhur Night,270,268
2019-06-13,Rajdhani Day,169,569
2019-06-14,Madhur Day,248,147
2019-06-14,Madhur Night,160,168
2019-06-14,Rajdhani Day,138,170
2019-06-15,Madhur Day,270,899
2019-06-15,Madhur Night,268,357
2019-06-15,Rajdhani Day,337,679
2019-06-16,Madhur Day,137,566
2019-06-17,Madhur Day,899,177
2019-06-17,Madhur Night,239,578
2019-06-17,Rajdhani Day,557,115
2019-06-18,Madhur Day,250,147
2019-06-18,Madhur Night,169,144
2019-06-18,Rajdhani Day,240,300
2019-06-19,Madhur Day,112,778
2019-06-19,Madhur Night,670,690
2019-06-19,Rajdhani Day,690,480
2019-06-20,Madhur Day,489,256
2019-06-20,Madhur Night,169,118
2019-06-20,Rajdhani Day,368,249
2019-06-21,Madhur Day,138,199
2019-06-21,Madhur Night,137,259
2019-06-21,Rajdhani Day,340,128
2019-06-22,Madhur Day,289,110
2019-06-22,Madhur Night,579,167
2019-06-22,Rajdhani Day,138,370
2019-06-23,Madhur Day,168,250
2019-06-24,Madhur Day,237,340
2019-06-24,Madhur Night,229,599
2019-06-24,Rajdhani Day,280,270
2019-06-25,Madhur Day,224,578
2019-06-25,Madhur Night,110,580
2019-06-25,Rajdhani Day,267,167
2019-06-26,Madhur Day,560,148
2019-06-26,Madhur Night,229,145
2019-06-26,Rajdhani Day,899,460
2019-06-27,Madhur Day,489,467
2019-06-27,Madhur Night,258,280
2019-06-27,Rajdhani Day,148,169
2019-06-28,Madhur Day,680,799
2019-06-28,Madhur Night,580,668
2019-06-28,Rajdhani Day,122,780
2019-06-29,Madhur Day,248,569
2019-06-29,Madhur Night,489,126
2019-06-29,Rajdhani Day,123,299
2019-06-30,Madhur Day,158,144
2019-07-01,Madhur Day,900,690
2019-07-01,Madhur Night,230,890
2019-07-01,Rajdhani Day,233,128
2019-07-02,Madhur Day,149,450
2019-07-02,Madhur Night,246,237
2019-07-02,Rajdhani Day,149,460
2019-07-03,Madhur Day,128,567
2019-07-03,Madhur Night,457,256
2019-07-03,Rajdhani Day,159,349
2019-07-04,Madhur Day,568,445
2019-07-04,Madhur Night,689,277
2019-07-04,Rajdhani Day,890,199
2019-07-05,Madhur Day,180,790
2019-07-05,Madhur Night,457,579
2019-07-05,Rajdhani Day,357,179
2019-07-06,Madhur Day,248,557
2019-07-06,Madhur Night,168,570
2019-07-06,Rajdhani Day,577,128
2019-07-07,Madhur Day,780,114
2019-07-08,Madhur Day,568,256
2019-07-08,Rajdhani Day,125,480
2019-07-09,Madhur Day,567,149
2019-07-09,Madhur Night,300,890
2019-07-09,Rajdhani Day,568,260
2019-07-10,Madhur Day,123,789
2019-07-10,Madhur Night,340,160
2019-07-10,Rajdhani Day,357,257
2019-07-11,Madhur Day,300,679
2019-07-11,Madhur Night,469,157
2019-07-11,Rajdhani Day,460,267
2019-07-12,Madhur Day,135,488
2019-07-12,Madhur Night,118,258
2019-07-12,Rajdhani Day,335,136
2019-07-13,Madhur Day,467,670
2019-07-13,Madhur Night,790,136
2019-07-13,Rajdhani Day,148,356
2019-07-14,Madhur Day,689,126
2019-07-15,Madhur Day,569,347
2019-07-15,Madhur Night,357,489
2019-07-15,Rajdhani Day,566,269
2019-07-16,Madhur Day,150,590
2019-07-16,Madhur Night,138,236
2019-07-16,Rajdhani Day,390,346
2019-07-17,Madhur Day,358,157
2019-07-17,Madhur Night,130,346
2019-07-17,Rajdhani Day,236,160
2019-07-18,Madhur Day,690,245
2019-07-18,Madhur Night,268,579
2019-07-18,Rajdhani Day,259,267
2019-07-19,Madhur Day,129,579
2019-07-19,Madhur Night,117,180
2019-07-19,Rajdhani Day,800,230
2019-07-20,Madhur Day,138,150
2019-07-20,Madhur Night,990,789
2019-07-20,Rajdhani Day,369,445
2019-07-21,Madhur Day,100,126
2019-07-22,Madhur Day,689,269
2019-07-22,Madhur Night,669,490
2019-07-22,Rajdhani Day,890,560
2019-07-23,Madhur Day,459,169
2019-07-23,Madhur Night,570,367
2019-07-23,Rajdhani Day,478,289
2019-07-24,Madhur Day,116,169
2019-07-24,Madhur Night,116,140
2019-07-24,Rajdhani Day,236,346
2019-07-25,Madhur Day,600,446
2019-07-25,Madhur Night,699,699
2019-07-25,Rajdhani Day,239,118
2019-07-26,Madhur Day,133,130
2019-07-26,Madhur Night,778,344
2019-07-26,Rajdhani Day,279,278
2019-07-27,Madhur Day,560,134
2019-07-27,Madhur Night,220,239
2019-07-27,Rajdhani Day,355,244
2019-07-28,Madhur Day,299,346
2019-07-29,Madhur Day,360,700
2019-07-29,Madhur Night,389,180
2019-07-29,Rajdhani Day,569,236
2019-07-30,Madhur Day,129,240
2019-07-30,Madhur Night,133,259
2019-07-30,Rajdhani Day,255,678
2019-07-31,Madhur Day,240,590
2019-07-31,Madhur Night,268,356
2019-07-31,Rajdhani Day,889,129
2019-08-01,Madhur Day,567,599
2019-08-01,Madhur Night,246,570
2019-08-01,Rajdhani Day,290,149
2019-08-02,Madhur Day,268,479
2019-08-02,Madhur Night,280,377
2019-08-02,Rajdhani Day,188,120
2019-08-03,Madhur Day,123,244
2019-08-03,Madhur Night,124,135
2019-08-03,Rajdhani Day,157,334
2019-08-04,Madhur Day,138,679
2019-08-05,Madhur Day,120,140
2019-08-05,Madhur Night,560,356
2019-08-05,Rajdhani Day,378,288
2019-08-06,Madhur Day,226,100
2019-08-06,Madhur Night,445,156
2019-08-06,Rajdhani Day,780,127
2019-08-07,Madhur Day,340,568
2019-08-07,Madhur Night,157,660
2019-08-07,Rajdhani Day,569,690
2019-08-08,Madhur Day,347,257
2019-08-08,Madhur Night,226,177
2019-08-08,Rajdhani Day,455,669
2019-08-09,Madhur Day,239,246
2019-08-09,Madhur Night,270,367
2019-08-09,Rajdhani Day,568,145
2019-08-10,Madhur Day,249,168
2019-08-10,Madhur Night,236,560
2019-08-10,Rajdhani Day,267,469
2019-08-11,Madhur Day,378,168
2019-08-12,Madhur Day,489,259
2019-08-12,Madhur Night,245,479
2019-08-12,Rajdhani Day,240,148
2019-08-13,Madhur Day,490,134
2019-08-13,Madhur Night,368,479
2019-08-13,Rajdhani Day,300,579
2019-08-14,Madhur Day,180,459
2019-08-14,Madhur Night,360,247
2019-08-14,Rajdhani Day,566,569
2019-08-16,Madhur Day,136,349
2019-08-16,Madhur Night,389,255
2019-08-16,Rajdhani Day,670,130
2019-08-17,Madhur Day,590,679
2019-08-17,Madhur Night,467,130
2019-08-17,Rajdhani Day,245,122
2019-08-18,Madhur Day,389,356
2019-08-19,Madhur Day,270,133
2019-08-19,Madhur Night,255,245
2019-08-19,Rajdhani Day,113,370
2019-08-20,Madhur Day,257,114
2019-08-20,Madhur Night,389,449
2019-08-20,Rajdhani Day,240,568
2019-08-21,Madhur Day,258,570
2019-08-21,Madhur Night,480,468
2019-08-21,Rajdhani Day,790,380
2019-08-22,Madhur Day,270,223
2019-08-22,Madhur Night,128,136
2019-08-22,Rajdhani Day,490,116
2019-08-23,Madhur Day,379,799
2019-08-23,Madhur Night,120,256
2019-08-23,Rajdhani Day,230,370
2019-08-24,Madhur Day,450,114
2019-08-24,Madhur Night,777,127
2019-08-24,Rajdhani Day,260,268
2019-08-25,Madhur Day,139,178
2019-08-26,Madhur Day,460,147
2019-08-26,Madhur Night,126,267
2019-08-26,Rajdhani Day,390,135
2019-08-27,Madhur Day,256,890
2019-08-27,Madhur Night,234,489
2019-08-27,Rajdhani Day,358,110
2019-08-28,Madhur Day,347,369
2019-08-28,Madhur Night,110,179
2019-08-28,Rajdhani Day,446,570
2019-08-29,Madhur Day,470,360
2019-08-29,Madhur Night,669,259
2019-08-29,Rajdhani Day,133,670
2019-08-30,Madhur Day,128,489
2019-08-30,Madhur Night,580,168
2019-08-30,Rajdhani Day,247,260
2019-08-31,Madhur Day,269,356
2019-08-31,Madhur Night,700,799
2019-08-31,Rajdhani Day,129,245
2019-09-01,Madhur Day,340,267
2019-09-02,Madhur Day,248,559
2019-09-02,Madhur Night,147,358
2019-09-02,Rajdhani Day,370,447
2019-09-03,Madhur Day,137,578
2019-09-03,Madhur Night,356,248
2019-09-03,Rajdhani Day,160,344
2019-09-04,Madhur Day,789,346
2019-09-04,Madhur Night,550,345
2019-09-04,Rajdhani Day,247,124
2019-09-05,Madhur Day,150,570
2019-09-05,Madhur Night,366,450
2019-09-05,Rajdhani Day,278,146
2019-09-06,Madhur Day,148,356
2019-09-06,Madhur Night,455,360
2019-09-06,Rajdhani Day,135,299
2019-09-07,Madhur Day,489,236
2019-09-07,Madhur Night,460,267
2019-09-07,Rajdhani Day,334,470
2019-09-08,Madhur Day,234,469
2019-09-09,Madhur Day,124,559
2019-09-09,Madhur Night,345,167
2019-09-09,Rajdhani Day,570,478
2019-09-10,Madhur Day,789,700
2019-09-10,Madhur Night,267,290
2019-09-10,Rajdhani Day,350,112
2019-09-11,Madhur Day,130,780
2019-09-11,Madhur Night,159,279
2019-09-11,Rajdhani Day,700,280
2019-09-12,Madhur Day,280,127
2019-09-12,Madhur Night,469,250
2019-09-12,Rajdhani Day,789,788
2019-09-13,Madhur Day,134,159
2019-09-13,Madhur Night,236,677
2019-09-13,Rajdhani Day,367,269
2019-09-14,Madhur Day,237,459
2019-09-14,Madhur Night,670,236
2019-09-14,Rajdhani Day,568,347
2019-09-15,Madhur Day,259,124
2019-09-16,Madhur Day,340,238
2019-09-16,Madhur Night,378,339
2019-09-16,Rajdhani Day,223,458
2019-09-17,Madhur Day,338,377
2019-09-17,Madhur Night,166,799
2019-09-17,Rajdhani Day,360,790
2019-09-18,Madhur Day,578,448
2019-09-18,Madhur Night,118,558
2019-09-18,Rajdhani Day,580,360
2019-09-19,Madhur Day,370,148
2019-09-19,Madhur Night,334,790
2019-09-19,Rajdhani Day,157,669
2019-09-20,Madhur Day,112,677
2019-09-20,Madhur Night,190,466
2019-09-20,Rajdhani Day,146,279
2019-09-21,Madhur Day,130,259
2019-09-21,Madhur Night,140,490
2019-09-21,Rajdhani Day,148,677
2019-09-22,Madhur Day,168,789
2019-09-23,Madhur Day,589,389
2019-09-23,Madhur Night,880,126
2019-09-23,Rajdhani Day,135,178
2019-09-24,Madhur Day,140,990
2019-09-24,Madhur Night,467,358
2019-09-24,Rajdhani Day,399,167
2019-09-25,Madhur Day,224,449
2019-09-25,Madhur Night,179,599
2019-09-25,Rajdhani Day,257,238
2019-09-26,Madhur Day,458,468
2019-09-26,Madhur Night,250,149
2019-09-26,Rajdhani Day,899,500
2019-09-27,Madhur Day,479,224
2019-09-27,Madhur Night,669,267
2019-09-27,Rajdhani Day,157,235
2019-09-28,Madhur Day,467,790
2019-09-28,Madhur Night,899,789
2019-09-28,Rajdhani Day,578,160
2019-09-29,Madhur Day,179,135
2019-09-30,Madhur Day,259,150
2019-09-30,Madhur Night,200,588
2019-09-30,Rajdhani Day,889,679
2019-10-01,Madhur Day,238,127
2019-10-01,Madhur Night,123,288
2019-10-01,Rajdhani Day,227,780
2019-10-02,Madhur Day,357,479
2019-10-02,Madhur Night,267,667
2019-10-02,Rajdhani Day,128,580
2019-10-03,Madhur Day,233,290
2019-10-03,Madhur Night,570,227
2019-10-03,Rajdhani Day,120,160
2019-10-04,Madhur Day,278,119
2019-10-04,Madhur Night,580,127
2019-10-04,Rajdhani Day,590,230
2019-10-05,Madhur Day,246,300
2019-10-05,Madhur Night,170,390
2019-10-05,Rajdhani Day,270,250
2019-10-06,Madhur Day,280,779
2019-10-07,Madhur Day,156,146
2019-10-07,Madhur Night,368,289
2019-10-07,Rajdhani Day,359,469
2019-10-08,Madhur Day,360,135
2019-10-08,Madhur Night,377,240
2019-10-08,Rajdhani Day,157,488
2019-10-09,Madhur Day,568,339
2019-10-09,Madhur Night,224,567
2019-10-09,Rajdhani Day,335,679
2019-10-10,Madhur Day,678,670
2019-10-10,Madhur Night,490,129
2019-10-10,Rajdhani Day,250,168
2019-10-11,Madhur Day,250,678
2019-10-11,Madhur Night,156,669
2019-10-11,Rajdhani Day,480,178
2019-10-12,Madhur Day,179,133
2019-10-12,Madhur Night,269,330
2019-10-12,Rajdhani Day,899,789
2019-10-13,Madhur Day,137,115
2019-10-14,Madhur Day,450,229
2019-10-14,Madhur Night,777,690
2019-10-14,Rajdhani Day,136,334
2019-10-15,Madhur Day,358,290
2019-10-15,Madhur Night,334,480
2019-10-15,Rajdhani Day,220,146
2019-10-16,Madhur Day,130,124
2019-10-16,Madhur Night,579,245
2019-10-16,Rajdhani Day,360,478
2019-10-17,Madhur Day,334,169
2019-10-17,Madhur Night,288,468
2019-10-17,Rajdhani Day,277,690
2019-10-18,Madhur Day,339,390
2019-10-18,Madhur Night,167,366
2019-10-18,Rajdhani Day,190,248
2019-10-19,Madhur Day,680,260
2019-10-19,Madhur Night,280,345
2019-10-19,Rajdhani Day,680,146
2019-10-20,Madhur Day,578,370
2019-10-21,Madhur Day,249,589
2019-10-21,Madhur Night,280,456
2019-10-21,Rajdhani Day,300,134
2019-10-22,Madhur Day,135,488
2019-10-22,Madhur Night,445,238
2019-10-22,Rajdhani Day,126,667
2019-10-23,Madhur Day,457,159
2019-10-23,Madhur Night,344,560
2019-10-23,Rajdhani Day,248,349
2019-10-24,Madhur Day,134,699
2019-10-24,Madhur Night,159,180
2019-10-24,Rajdhani Day,167,458
2019-11-04,Madhur Day,338,667
2019-11-04,Madhur Night,368,578
2019-11-04,Rajdhani Day,589,157
2019-11-05,Madhur Day,245,123
2019-11-05,Madhur Night,579,669
2019-11-05,Rajdhani Day,360,790
2019-11-06,Madhur Day,177,230
2019-11-06,Madhur Night,169,199
2019-11-06,Rajdhani Day,668,489
2019-11-07,Madhur Day,268,247
2019-11-07,Madhur Night,128,337
2019-11-07,Rajdhani Day,180,690
2019-11-08,Madhur Day,123,280
2019-11-08,Madhur Night,158,470
2019-11-08,Rajdhani Day,345,139
2019-11-09,Madhur Day,777,148
2019-11-09,Madhur Night,668,148
2019-11-09,Rajdhani Day,449,125
2019-11-10,Madhur Day,230,789
2019-11-11,Madhur Day,580,110
2019-11-11,Madhur Night,880,146
2019-11-11,Rajdhani Day,156,359
2019-11-12,Madhur Day,178,669
2019-11-12,Madhur Night,688,577
2019-11-12,Rajdhani Day,230,258
2019-11-13,Madhur Day,340,368
2019-11-13,Madhur Night,280,235
2019-11-13,Rajdhani Day,340,299
2019-11-14,Madhur Day,358,567
2019-11-14,Madhur Night,340,580
2019-11-14,Rajdhani Day,229,279
2019-11-15,Madhur Day,290,268
2019-11-15,Madhur Night,257,122
2019-11-15,Rajdhani Day,145,689
2019-11-16,Madhur Day,600,889
2019-11-16,Madhur Night,448,260
2019-11-16,Rajdhani Day,146,480
2019-11-17,Madhur Day,380,180
2019-11-18,Madhur Day,578,136
2019-11-18,Madhur Night,380,478
2019-11-18,Rajdhani Day,268,258
2019-11-19,Madhur Day,158,356
2019-11-19,Madhur Night,347,356
2019-11-19,Rajdhani Day,248,500
2019-11-20,Madhur Day,670,250
2019-11-20,Madhur Night,490,667
2019-11-20,Rajdhani Day,188,147
2019-11-21,Madhur Day,789,499
2019-11-21,Madhur Night,138,469
2019-11-21,Rajdhani Day,236,290
2019-11-22,Madhur Day,345,224
2019-11-22,Madhur Night,245,256
2019-11-22,Rajdhani Day,230,189
2019-11-23,Madhur Day,235,579
2019-11-23,Madhur Night,780,247
2019-11-23,Rajdhani Day,179,114
2019-11-24,Madhur Day,157,600
2019-11-25,Madhur Day,168,136
2019-11-25,Madhur Night,467,123
2019-11-25,Rajdhani Day,125,120
2019-11-26,Madhur Day,890,230
2019-11-26,Madhur Night,345,238
2019-11-26,Rajdhani Day,335,129
2019-11-27,Madhur Day,149,478
2019-11-27,Madhur Night,156,458
2019-11-27,Rajdhani Day,156,260
2019-11-28,Madhur Day,125,577
2019-11-28,Madhur Night,230,255
2019-11-28,Rajdhani Day,136,269
2019-11-29,Madhur Day,179,140
2019-11-29,Madhur Night,260,800
2019-11-29,Rajdhani Day,990,360
2019-11-30,Madhur Day,458,390
2019-11-30,Madhur Night,190,124
2019-11-30,Rajdhani Day,280,138
2019-12-01,Madhur Day,690,269
2019-12-02,Madhur Day,347,268
2019-12-02,Madhur Night,556,259
2019-12-02,Rajdhani Day,236,600
2019-12-03,Madhur Day,124,147
2019-12-03,Madhur Night,167,380
2019-12-03,Rajdhani Day,457,167
2019-12-04,Madhur Day,228,167
2019-12-04,Madhur Night,147,779
2019-12-04,Rajdhani Day,123,660
2019-12-05,Madhur Day,345,244
2019-12-05,Madhur Night,199,160
2019-12-05,Rajdhani Day,288,134
2019-12-06,Madhur Day,469,679
2019-12-06,Madhur Night,390,129
2019-12-06,Rajdhani Day,334,110
2019-12-07,Madhur Day,249,560
2019-12-07,Madhur Night,136,239
2019-12-07,Rajdhani Day,167,339
2019-12-08,Madhur Day,678,124
2019-12-09,Madhur Day,370,127
2019-12-09,Madhur Night,369,118
2019-12-09,Rajdhani Day,125,789
2019-12-10,Madhur Day,236,138
2019-12-10,Madhur Night,359,223
2019-12-10,Rajdhani Day,134,180
2019-12-11,Madhur Day,167,157
2019-12-11,Madhur Night,257,247
2019-12-11,Rajdhani Day,568,119
2019-12-12,Madhur Day,239,670
2019-12-12,Madhur Night,378,370
2019-12-12,Rajdhani Day,360,580
2019-12-13,Madhur Day,279,480
2019-12-13,Madhur Night,146,159
2019-12-13,Rajdhani Day,119,790
2019-12-14,Madhur Day,247,680
2019-12-14,Madhur Night,489,690
2019-12-14,Rajdhani Day,117,560
2019-12-15,Madhur Day,468,148
2019-12-16,Madhur Day,667,390
2019-12-16,Madhur Night,180,270
2019-12-16,Rajdhani Day,125,158
2019-12-17,Madhur Day,690,300
2019-12-17,Madhur Night,120,390
2019-12-17,Rajdhani Day,245,600
2019-12-18,Madhur Day,679,330
2019-12-18,Madhur Night,126,260
2019-12-18,Rajdhani Day,279,350
2019-12-19,Madhur Day,290,247
2019-12-19,Madhur Night,156,558
2019-12-19,Rajdhani Day,249,140
2019-12-20,Madhur Day,468,680
2019-12-20,Madhur Night,677,349
2019-12-20,Rajdhani Day,479,599
2019-12-21,Madhur Day,569,899
2019-12-21,Madhur Night,459,489
2019-12-21,Rajdhani Day,488,588
2019-12-22,Madhur Day,477,124
2019-12-23,Madhur Day,130,127
2019-12-23,Madhur Night,249,159
2019-12-23,Rajdhani Day,267,127
2019-12-24,Madhur Day,139,378
2019-12-24,Madhur Night,468,778
2019-12-24,Rajdhani Day,880,137
2019-12-25,Madhur Day,469,167
2019-12-25,Madhur Night,130,289
2019-12-25,Rajdhani Day,680,117
2019-12-26,Madhur Day,357,234
2019-12-26,Madhur Night,239,677
2019-12-26,Rajdhani Day,390,379
2019-12-27,Madhur Day,890,146
2019-12-27,Madhur Night,158,229
2019-12-27,Rajdhani Day,334,136
2019-12-28,Madhur Day,478,278
2019-12-28,Madhur Night,267,690
2019-12-28,Rajdhani Day,460,122
2019-12-29,Madhur Day,235,466
2019-12-30,Madhur Day,269,389
2019-12-30,Madhur Night,360,235
2019-12-30,Rajdhani Day,778,400
2019-12-31,Madhur Day,250,188
2019-12-31,Madhur Night,136,680
2019-12-31,Rajdhani Day,124,340
2020-01-01,Madhur Day,235,117
2020-01-01,Madhur Night,460,130
2020-01-01,Rajdhani Day,169,469
2020-01-02,Madhur Day,789,125
2020-01-02,Madhur Night,168,288
2020-01-02,Rajdhani Day,130,150
2020-01-03,Madhur Day,360,159
2020-01-03,Madhur Night,589,990
2020-01-03,Rajdhani Day,340,269
2020-01-04,Madhur Day,168,127
2020-01-04,Madhur Night,224,390
2020-01-04,Rajdhani Day,148,470
2020-01-05,Madhur Day,248,199
2020-01-06,Madhur Day,467,390
2020-01-06,Madhur Night,470,800
2020-01-06,Rajdhani Day,488,177
2020-01-07,Madhur Day,228,457
2020-01-07,Madhur Night,139,238
2020-01-07,Rajdhani Day,770,347
2020-01-08,Madhur Day,124,178
2020-01-08,Madhur Night,278,680
2020-01-08,Rajdhani Day,789,469
2020-01-09,Madhur Day,399,458
2020-01-09,Madhur Night,167,145
2020-01-09,Rajdhani Day,668,388
2020-01-10,Madhur Day,590,259
2020-01-10,Madhur Night,589,245
2020-01-10,Rajdhani Day,239,268
2020-01-11,Madhur Day,378,170
2020-01-11,Madhur Night,778,169
2020-01-12,Madhur Day,455,579
2020-01-13,Madhur Day,467,460
2020-01-13,Madhur Night,459,249
2020-01-13,Rajdhani Day,469,189
2020-01-14,Madhur Day,590,479
2020-01-14,Madhur Night,360,156
2020-01-14,Rajdhani Day,569,116
2020-01-15,Madhur Day,580,569
2020-01-15,Madhur Night,234,359
2020-01-15,Rajdhani Day,178,289
2020-01-16,Madhur Day,590,147
2020-01-16,Madhur Night,338,178
2020-01-16,Rajdhani Day,146,670
2020-01-17,Madhur Day,235,157
2020-01-17,Madhur Night,260,248
2020-01-17,Rajdhani Day,269,600
2020-01-18,Madhur Day,790,127
2020-01-18,Madhur Night,259,280
2020-01-18,Rajdhani Day,560,225
2020-01-19,Madhur Day,579,159
2020-01-20,Madhur Day,170,240
2020-01-20,Madhur Night,277,239
2020-01-20,Rajdhani Day,459,369
2020-01-21,Madhur Day,347,680
2020-01-21,Madhur Night,890,488
2020-01-21,Rajdhani Day,660,334
2020-01-22,Madhur Day,290,690
2020-01-22,Madhur Night,157,389
2020-01-22,Rajdhani Day,349,189
2020-01-23,Madhur Day,140,579
2020-01-23,Madhur Night,147,667
2020-01-23,Rajdhani Day,155,238
2020-01-24,Madhur Day,159,346
2020-01-24,Madhur Night,238,379
2020-01-24,Rajdhani Day,445,346
2020-01-25,Madhur Day,145,569
2020-01-25,Madhur Night,279,499
2020-01-25,Rajdhani Day,478,150
2020-01-27,Madhur Day,115,137
2020-01-27,Madhur Night,245,259
2020-01-27,Rajdhani Day,169,158
2020-01-28,Madhur Day,399,445
2020-01-28,Madhur Night,355,146
2020-01-28,Rajdhani Day,119,249
2020-01-29,Madhur Day,120,125
2020-01-29,Madhur Night,160,789
2020-01-29,Rajdhani Day,258,146
2020-01-30,Madhur Day,579,147
2020-01-30,Madhur Night,240,599
2020-01-30,Rajdhani Day,289,689
2020-01-31,Madhur Day,150,789
2020-01-31,Madhur Night,489,150
2020-01-31,Rajdhani Day,223,129
2020-02-01,Madhur Day,157,258
2020-02-01,Madhur Night,238,225
2020-02-01,Rajdhani Day,589,116
2020-02-02,Madhur Day,378,236
2020-02-03,Madhur Day,478,590
2020-02-03,Madhur Night,479,145
2020-02-03,Rajdhani Day,259,289
2020-02-04,Madhur Day,170,570
2020-02-04,Madhur Night,358,457
2020-02-04,Rajdhani Day,568,780
2020-02-05,Madhur Day,689,124
2020-02-05,Madhur Night,190,255
2020-02-05,Rajdhani Day,799,389
2020-02-06,Madhur Day,670,346
2020-02-06,Madhur Night,590,235
2020-02-06,Rajdhani Day,579,137
2020-02-07,Madhur Day,268,330
2020-02-07,Madhur Night,245,369
2020-02-07,Rajdhani Day,690,558
2020-02-08,Madhur Day,278,249
2020-02-08,Madhur Night,359,458
2020-02-08,Rajdhani Day,390,200
2020-02-09,Madhur Day,269,357
2020-02-10,Madhur Day,235,260
2020-02-10,Madhur Night,114,279
2020-02-10,Rajdhani Day,270,380
2020-02-11,Madhur Day,160,890
2020-02-11,Madhur Night,238,234
2020-02-11,Rajdhani Day,118,340
2020-02-12,Madhur Day,680,129
2020-02-12,Madhur Night,456,479
2020-02-12,Rajdhani Day,278,779
2020-02-13,Madhur Day,179,479
2020-02-13,Madhur Night,278,160
2020-02-13,Rajdhani Day,299,249
2020-02-14,Madhur Day,146,370
2020-02-14,Madhur Night,223,128
2020-02-14,Rajdhani Day,246,400
2020-02-15,Madhur Day,448,170
2020-02-15,Madhur Night,135,127
2020-02-15,Rajdhani Day,579,288
2020-02-16,Madhur Day,557,233
2020-02-17,Madhur Day,467,490
2020-02-17,Madhur Night,266,560
2020-02-17,Rajdhani Day,145,290
2020-02-18,Madhur Day,388,458
2020-02-18,Madhur Night,180,447
2020-02-18,Rajdhani Day,246,127
2020-02-19,Madhur Day,239,459
2020-02-19,Madhur Night,779,128
2020-02-19,Rajdhani Day,358,800
2020-02-20,Madhur Day,356,100
2020-02-20,Madhur Night,489,256
2020-02-20,Rajdhani Day,257,489
2020-02-21,Madhur Day,126,349
2020-02-21,Madhur Night,356,170
2020-02-21,Rajdhani Day,579,250
2020-02-22,Madhur Day,245,450
2020-02-22,Madhur Night,589,889
2020-02-22,Rajdhani Day,158,338
2020-02-23,Madhur Day,567,470
2020-02-24,Madhur Day,140,236
2020-02-24,Madhur Night,126,560
2020-02-24,Rajdhani Day,157,245
2020-02-25,Madhur Day,379,578
2020-02-25,Madhur Night,278,470
2020-02-25,Rajdhani Day,146,179
2020-02-26,Madhur Day,679,178
2020-02-26,Madhur Night,280,269
2020-02-26,Rajdhani Day,459,458
2020-02-27,Madhur Day,457,277
2020-02-27,Madhur Night,567,239
2020-02-27,Rajdhani Day,445,569
2020-02-28,Madhur Day,125,990
2020-02-28,Madhur Night,567,345
2020-02-28,Rajdhani Day,249,490
2020-02-29,Madhur Day,348,445
2020-02-29,Madhur Night,123,346
2020-02-29,Rajdhani Day,235,126
2020-03-01,Madhur Day,227,245
2020-03-02,Kalyan Night,269,778
2020-03-02,Madhur Day,269,568
2020-03-02,Madhur Night,269,244
2020-03-02,Rajdhani Day,667,245
2020-03-03,Kalyan Night,789,145
2020-03-03,Madhur Day,356,569
2020-03-03,Madhur Night,480,149
2020-03-03,Rajdhani Day,145,246
2020-03-04,Kalyan Night,700,469
2020-03-04,Madhur Day,240,357
2020-03-04,Madhur Night,350,115
2020-03-04,Rajdhani Day,145,246
2020-03-05,Kalyan Night,680,300
2020-03-05,Madhur Day,260,159
2020-03-05,Madhur Night,460,147
2020-03-05,Rajdhani Day,144,190
2020-03-06,Kalyan Night,144,156
2020-03-06,Madhur Day,116,137
2020-03-06,Madhur Night,120,445
2020-03-06,Rajdhani Day,178,188
2020-03-07,Madhur Day,680,226
2020-03-07,Madhur Night,188,225
2020-03-07,Rajdhani Day,460,146
2020-03-08,Madhur Day,259,455
2020-03-09,Kalyan Night,245,148
2020-03-09,Madhur Day,146,245
2020-03-09,Madhur Night,600,234
2020-03-09,Rajdhani Day,890,580
2020-03-11,Kalyan Night,147,450
2020-03-11,Madhur Day,160,156
2020-03-11,Madhur Night,167,114
2020-03-11,Rajdhani Day,688,169
2020-03-12,Kalyan Night,568,289
2020-03-12,Madhur Day,236,245
2020-03-12,Madhur Night,248,278
2020-03-13,Kalyan Night,467,399
2020-03-13,Madhur Day,578,223
2020-03-13,Madhur Night,189,450
2020-03-13,Rajdhani Day,258,370
2020-03-14,Madhur Day,136,249
2020-03-14,Madhur Night,190,378
2020-03-14,Rajdhani Day,680,233
2020-03-15,Madhur Day,489,180
2020-03-16,Kalyan Night,157,689
2020-03-16,Madhur Day,156,679
2020-03-16,Madhur Night,115,780
2020-03-16,Rajdhani Day,490,148
2020-03-17,Kalyan Night,578,458
2020-03-17,Madhur Day,468,350
2020-03-17,Madhur Night,156,239
2020-03-17,Rajdhani Day,126,889
2020-03-18,Kalyan Night,247,344
2020-03-18,Madhur Day,234,336
2020-03-18,Madhur Night,134,270
2020-03-18,Rajdhani Day,168,260
2020-03-19,Kalyan Night,369,346
2020-03-19,Madhur Day,469,459
2020-03-19,Madhur Night,267,123
2020-03-19,Rajdhani Day,380,360
2020-03-20,Kalyan Night,246,458
2020-03-20,Madhur Day,246,278
2020-03-20,Madhur Night,257,567
2020-03-20,Rajdhani Day,667,115
2020-03-21,Madhur Day,790,126
2020-03-21,Madhur Night,116,269
2020-03-21,Rajdhani Day,468,345
2020-03-23,Rajdhani Day,150,157
2020-03-24,Rajdhani Day,679,366
2020-03-25,Rajdhani Day,568,136
2020-03-26,Rajdhani Day,459,167
2020-03-27,Rajdhani Day,567,247
2020-03-28,Rajdhani Day,770,129
2020-03-30,Rajdhani Day,460,690
2020-03-31,Rajdhani Day,258,138
2020-04-01,Rajdhani Day,256,127
2020-04-02,Rajdhani Day,117,179
2020-04-03,Rajdhani Day,138,378
2020-04-04,Rajdhani Day,220,670
2020-04-06,Rajdhani Day,240,160
2020-04-07,Rajdhani Day,389,229
2020-04-08,Rajdhani Day,459,249
2020-04-09,Rajdhani Day,114,467
2020-04-10,Rajdhani Day,170,256
2020-04-11,Rajdhani Day,227,189
2020-04-13,Madhur Day,123,159
2020-04-13,Madhur Night,149,480
2020-04-13,Rajdhani Day,269,127
2020-04-14,Madhur Day,789,147
2020-04-14,Madhur Night,269,250
2020-04-14,Rajdhani Day,578,289
2020-04-15,Madhur Day,278,180
2020-04-15,Madhur Night,180,179
2020-04-15,Rajdhani Day,589,390
2020-04-16,Madhur Day,456,180
2020-04-16,Madhur Night,178,589
2020-04-16,Rajdhani Day,455,135
2020-04-17,Madhur Day,378,124
2020-04-17,Madhur Night,579,290
2020-04-17,Rajdhani Day,178,124
2020-04-18,Madhur Day,139,580
2020-04-18,Madhur Night,579,790
2020-04-18,Rajdhani Day,157,490
2020-04-19,Madhur Day,456,178
2020-04-20,Madhur Day,129,190
2020-04-20,Madhur Night,145,258
2020-04-20,Rajdhani Day,140,559
2020-04-21,Madhur Day,370,400
2020-04-21,Madhur Night,130,158
2020-04-21,Rajdhani Day,336,240
2020-04-22,Madhur Day,110,669
2020-04-22,Madhur Night,128,169
2020-04-22,Rajdhani Day,489,280
2020-04-23,Madhur Day,125,199
2020-04-23,Madhur Night,235,300
2020-04-23,Rajdhani Day,370,369
2020-04-24,Madhur Day,156,677
2020-04-24,Madhur Night,233,456
2020-04-24,Rajdhani Day,566,460
2020-04-25,Madhur Day,223,335
2020-04-25,Madhur Night,570,116
2020-04-25,Rajdhani Day,590,380
2020-04-26,Madhur Day,367,145
2020-04-27,Madhur Day,247,199
2020-04-27,Madhur Night,780,190
2020-04-27,Rajdhani Day,248,118
2020-04-28,Madhur Day,146,134
2020-04-28,Madhur Night,370,224
2020-04-28,Rajdhani Day,180,366
2020-04-29,Madhur Day,156,355
2020-04-29,Madhur Night,280,346
2020-04-29,Rajdhani Day,450,458
2020-04-30,Madhur Day,550,358
2020-04-30,Madhur Night,380,330
2020-04-30,Rajdhani Day,160,568
2020-05-01,Madhur Day,279,229
2020-05-01,Madhur Night,566,469
2020-05-01,Rajdhani Day,200,189
2020-05-02,Madhur Day,259,100
2020-05-02,Madhur Night,118,570
2020-05-02,Rajdhani Day,259,469
2020-05-03,Madhur Day,266,250
2020-05-04,Madhur Day,177,128
2020-05-04,Madhur Night,280,355
2020-05-04,Rajdhani Day,236,345
2020-05-05,Madhur Day,278,600
2020-05-05,Madhur Night,112,559
2020-05-05,Rajdhani Day,668,259
2020-05-06,Madhur Day,139,119
2020-05-06,Madhur Night,148,488
2020-05-06,Rajdhani Day,267,456
2020-05-07,Madhur Day,239,679
2020-05-07,Madhur Night,135,336
2020-05-07,Rajdhani Day,199,236
2020-05-08,Madhur Day,990,169
2020-05-08,Madhur Night,369,460
2020-05-08,Rajdhani Day,167,257
2020-05-09,Madhur Day,226,127
2020-05-09,Madhur Night,347,148
2020-05-09,Rajdhani Day,456,679
2020-05-10,Madhur Day,356,289
2020-05-11,Kalyan Night,224,380
2020-05-11,Madhur Day,360,126
2020-05-11,Madhur Night,447,158
2020-05-11,Rajdhani Day,660,560
2020-05-12,Kalyan Night,245,249
2020-05-12,Madhur Day,579,225
2020-05-12,Madhur Night,290,569
2020-05-12,Rajdhani Day,137,178
2020-05-13,Kalyan Night,578,344
2020-05-13,Madhur Day,380,569
2020-05-13,Madhur Night,468,135
2020-05-13,Rajdhani Day,477,148
2020-05-14,Kalyan Night,480,147
2020-05-14,Madhur Day,139,467
2020-05-14,Madhur Night,157,347
2020-05-14,Rajdhani Day,359,179
2020-05-15,Kalyan Night,244,369
2020-05-15,Madhur Day,490,479
2020-05-15,Madhur Night,239,589
2020-05-15,Rajdhani Day,789,589
2020-05-16,Madhur Day,457,489
2020-05-16,Madhur Night,110,400
2020-05-16,Rajdhani Day,369,235
2020-05-17,Madhur Day,135,258
2020-05-18,Kalyan Night,113,279
2020-05-18,Madhur Day,246,567
2020-05-18,Madhur Night,229,460
2020-05-18,Rajdhani Day,680,590
2020-05-19,Kalyan Night,240,380
2020-05-19,Madhur Day,490,679
2020-05-19,Madhur Night,148,225
2020-05-19,Rajdhani Day,790,347
2020-05-20,Kalyan Night,249,358
2020-05-20,Madhur Day,449,459
2020-05-20,Madhur Night,347,235
2020-05-20,Rajdhani Day,245,300
2020-05-21,Kalyan Night,249,179
2020-05-21,Madhur Day,146,368
2020-05-21,Madhur Night,168,578
2020-05-21,Rajdhani Day,569,139
2020-05-22,Kalyan Night,289,579
2020-05-22,Madhur Day,157,699
2020-05-22,Madhur Night,156,700
2020-05-22,Rajdhani Day,178,560
2020-05-23,Madhur Day,188,156
2020-05-23,Madhur Night,677,248
2020-05-23,Rajdhani Day,119,390
2020-05-24,Madhur Day,459,290
2020-05-25,Kalyan Night,677,360
2020-05-25,Madhur Day,366,678
2020-05-25,Madhur Night,259,489
2020-05-25,Rajdhani Day,334,244
2020-05-26,Kalyan Night,457,367
2020-05-26,Madhur Day,280,239
2020-05-26,Madhur Night,679,260
2020-05-26,Rajdhani Day,120,248
2020-05-27,Kalyan Night,460,299
2020-05-27,Madhur Day,357,246
2020-05-27,Madhur Night,249,889
2020-05-27,Rajdhani Day,480,467
2020-05-28,Kalyan Night,580,249
2020-05-28,Madhur Day,789,178
2020-05-28,Madhur Night,346,349
2020-05-28,Rajdhani Day,460,138
2020-05-29,Kalyan Night,369,378
2020-05-29,Madhur Day,257,480
2020-05-29,Madhur Night,588,168
2020-05-29,Rajdhani Day,247,379
2020-05-30,Madhur Day,790,477
2020-05-30,Madhur Night,778,122
2020-05-30,Rajdhani Day,448,455
2020-05-31,Madhur Day,269,345
2020-06-01,Kalyan Night,446,267
2020-06-01,Madhur Day,349,268
2020-06-01,Madhur Night,579,245
2020-06-01,Rajdhani Day,149,145
2020-06-02,Kalyan Night,677,122
2020-06-02,Madhur Day,357,560
2020-06-02,Madhur Night,556,358
2020-06-02,Rajdhani Day,457,156
2020-06-03,Kalyan Night,149,779
2020-06-03,Madhur Day,138,580
2020-06-03,Madhur Night,257,890
2020-06-03,Rajdhani Day,227,368
2020-06-04,Kalyan Night,679,227
2020-06-04,Madhur Day,123,370
2020-06-04,Madhur Night,389,246
2020-06-04,Rajdhani Day,488,129
2020-06-05,Kalyan Night,579,170
2020-06-05,Madhur Day,236,280
2020-06-05,Madhur Night,567,350
2020-06-05,Rajdhani Day,580,348
2020-06-06,Madhur Day,122,136
2020-06-06,Madhur Night,467,379
2020-06-06,Rajdhani Day,128,359
2020-06-07,Madhur Day,230,158
2020-06-08,Kalyan Night,268,780
2020-06-08,Madhur Day,460,348
2020-06-08,Madhur Night,788,370
2020-06-08,Rajdhani Day,480,123
2020-06-09,Kalyan Night,340,700
2020-06-09,Madhur Day,459,238
2020-06-09,Madhur Night,470,890
2020-06-09,Rajdhani Day,268,900
2020-06-10,Kalyan Night,336,135
2020-06-10,Madhur Day,456,345
2020-06-10,Madhur Night,447,230
2020-06-10,Rajdhani Day,136,280
2020-06-11,Kalyan Night,458,269
2020-06-11,Madhur Day,348,347
2020-06-11,Madhur Night,269,336
2020-06-11,Rajdhani Day,880,680
2020-06-12,Kalyan Night,125,899
2020-06-12,Madhur Day,280,226
2020-06-12,Madhur Night,355,567
2020-06-12,Rajdhani Day,227,167
2020-06-13,Madhur Day,130,139
2020-06-13,Madhur Night,245,347
2020-06-13,Rajdhani Day,479,679
2020-06-14,Madhur Day,780,240
2020-06-15,Kalyan Night,178,190
2020-06-15,Madhur Day,670,240
2020-06-15,Madhur Night,280,668
2020-06-15,Rajdhani Day,134,340
2020-06-16,Kalyan Night,370,899
2020-06-16,Madhur Day,335,489
2020-06-16,Madhur Night,568,240
2020-06-16,Rajdhani Day,780,300
2020-06-17,Kalyan Night,359,259
2020-06-17,Madhur Day,249,490
2020-06-17,Madhur Night,357,127
2020-06-17,Rajdhani Day,224,479
2020-06-18,Kalyan Night,170,368
2020-06-18,Madhur Day,260,133
2020-06-18,Madhur Night,589,590
2020-06-18,Rajdhani Day,460,149
2020-06-19,Kalyan Night,247,690
2020-06-19,Madhur Day,468,248
2020-06-19,Madhur Night,890,368
2020-06-19,Rajdhani Day,158,150
2020-06-20,Madhur Day,156,120
2020-06-20,Madhur Night,469,200
2020-06-20,Rajdhani Day,489,779
2020-06-21,Madhur Day,589,258
2020-06-22,Kalyan Night,499,349
2020-06-22,Madhur Day,690,457
2020-06-22,Madhur Night,890,669
2020-06-22,Rajdhani Day,339,180
2020-06-23,Kalyan Night,490,578
2020-06-23,Madhur Day,380,248
2020-06-23,Madhur Night,479,259
2020-06-23,Rajdhani Day,270,260
2020-06-24,Kalyan Night,340,289
2020-06-24,Madhur Day,489,789
2020-06-24,Madhur Night,190,568
2020-06-24,Rajdhani Day,133,278
2020-06-25,Kalyan Night,679,134
2020-06-25,Madhur Day,234,240
2020-06-25,Madhur Night,567,335
2020-06-25,Rajdhani Day,189,246
2020-06-26,Kalyan Night,468,345
2020-06-26,Madhur Day,588,450
2020-06-26,Madhur Night,490,146
2020-06-26,Rajdhani Day,166,157
2020-06-27,Madhur Day,349,128
2020-06-27,Madhur Night,278,177
2020-06-27,Rajdhani Day,180,345
2020-06-28,Madhur Day,468,389
2020-06-29,Kalyan Night,459,899
2020-06-29,Madhur Day,247,145
2020-06-29,Madhur Night,379,468
2020-06-29,Rajdhani Day,479,279
2020-06-30,Kalyan Night,179,459
2020-06-30,Madhur Day,267,136
2020-06-30,Madhur Night,279,345
2020-06-30,Rajdhani Day,238,114
2020-07-01,Kalyan Night,256,679
2020-07-01,Madhur Day,190,489
2020-07-01,Madhur Night,390,247
2020-07-01,Rajdhani Day,227,570
2020-07-02,Kalyan Night,159,589
2020-07-02,Madhur Day,347,678
2020-07-02,Madhur Night,500,790
2020-07-02,Rajdhani Day,780,123
2020-07-03,Kalyan Night,570,248
2020-07-03,Madhur Day,550,133
2020-07-03,Madhur Night,500,344
2020-07-03,Rajdhani Day,789,569
2020-07-04,Madhur Day,239,559
2020-07-04,Madhur Night,124,236
2020-07-04,Rajdhani Day,270,480
2020-07-05,Madhur Day,399,336
2020-07-06,Kalyan Night,156,390
2020-07-06,Madhur Day,679,158
2020-07-06,Madhur Night,159,447
2020-07-06,Rajdhani Day,177,678
2020-07-07,Kalyan Night,990,257
2020-07-07,Madhur Day,579,790
2020-07-07,Madhur Night,167,457
2020-07-07,Rajdhani Day,127,126
2020-07-08,Kalyan Night,446,889
2020-07-08,Madhur Day,490,470
2020-07-08,Madhur Night,789,269
2020-07-08,Rajdhani Day,157,499
2020-07-09,Kalyan Night,156,136
2020-07-09,Madhur Day,120,224
2020-07-09,Madhur Night,358,779
2020-07-09,Rajdhani Day,488,358
2020-07-10,Kalyan Night,348,147
2020-07-10,Madhur Day,138,138
2020-07-10,Madhur Night,468,340
2020-07-10,Rajdhani Day,125,266
2020-07-11,Madhur Day,268,160
2020-07-11,Madhur Night,169,457
2020-07-11,Rajdhani Day,168,899
2020-07-12,Madhur Day,234,467
2020-07-13,Kalyan Night,178,467
2020-07-13,Madhur Day,479,460
2020-07-13,Madhur Night,130,289
2020-07-13,Rajdhani Day,489,178
2020-07-14,Kalyan Night,567,278
2020-07-14,Madhur Day,126,467
2020-07-14,Madhur Night,156,258
2020-07-14,Rajdhani Day,135,337
2020-07-15,Kalyan Night,338,128
2020-07-15,Madhur Day,334,124
2020-07-15,Madhur Night,468,158
2020-07-15,Rajdhani Day,233,257
2020-07-16,Kalyan Night,377,779
2020-07-16,Madhur Day,389,570
2020-07-16,Madhur Night,399,248
2020-07-16,Rajdhani Day,245,359
2020-07-17,Kalyan Night,488,127
2020-07-17,Madhur Day,269,240
2020-07-17,Madhur Night,479,170
2020-07-17,Rajdhani Day,479,577
2020-07-18,Madhur Day,127,190
2020-07-18,Madhur Night,459,680
2020-07-18,Rajdhani Day,249,789
2020-07-19,Madhur Day,139,357
2020-07-20,Kalyan Night,458,299
2020-07-20,Madhur Day,240,279
2020-07-20,Madhur Night,118,126
2020-07-20,Rajdhani Day,348,558
2020-07-21,Kalyan Night,779,550
2020-07-21,Madhur Day,138,789
2020-07-21,Madhur Night,147,188
2020-07-21,Rajdhani Day,890,569
2020-07-22,Kalyan Night,250,355
2020-07-22,Madhur Day,120,690
2020-07-22,Madhur Night,359,234
2020-07-22,Rajdhani Day,290,259
2020-07-23,Kalyan Night,359,247
2020-07-23,Madhur Day,880,234
2020-07-23,Madhur Night,100,299
2020-07-23,Rajdhani Day,168,467
2020-07-24,Kalyan Night,230,123
2020-07-24,Madhur Day,550,667
2020-07-24,Madhur Night,255,260
2020-07-24,Rajdhani Day,145,128
2020-07-25,Madhur Day,590,148
2020-07-25,Madhur Night,350,458
2020-07-25,Rajdhani Day,790,378
2020-07-26,Madhur Day,345,800
2020-07-27,Kalyan Night,236,388
2020-07-27,Madhur Day,167,223
2020-07-27,Madhur Night,770,350
2020-07-27,Rajdhani Day,458,228
2020-07-28,Kalyan Night,470,360
2020-07-28,Madhur Day,567,460
2020-07-28,Madhur Night,225,333
2020-07-28,Rajdhani Day,660,360
2020-07-29,Kalyan Night,689,240
2020-07-29,Madhur Day,139,220
2020-07-29,Madhur Night,156,345
2020-07-29,Rajdhani Day,235,145
2020-07-30,Kalyan Night,455,150
2020-07-30,Madhur Day,460,468
2020-07-30,Madhur Night,249,189
2020-07-30,Rajdhani Day,468,122
2020-07-31,Kalyan Night,458,577
2020-07-31,Madhur Day,570,350
2020-07-31,Madhur Night,258,789
2020-07-31,Rajdhani Day,113,460
2020-08-01,Madhur Day,267,135
2020-08-01,Madhur Night,330,267
2020-08-01,Rajdhani Day,240,269
2020-08-02,Madhur Day,112,178
2020-08-03,Kalyan Night,120,138
2020-08-03,Madhur Day,334,122
2020-08-03,Madhur Night,168,400
2020-08-03,Rajdhani Day,467,167
2020-08-04,Kalyan Night,146,349
2020-08-04,Madhur Day,126,460
2020-08-04,Madhur Night,245,335
2020-08-04,Rajdhani Day,668,140
2020-08-05,Kalyan Night,245,245
2020-08-05,Madhur Day,279,338
2020-08-05,Madhur Night,890,340
2020-08-05,Rajdhani Day,128,125
2020-08-06,Kalyan Night,690,126
2020-08-06,Madhur Day,369,126
2020-08-06,Madhur Night,128,113
2020-08-06,Rajdhani Day,447,680
2020-08-07,Kalyan Night,229,380
2020-08-07,Madhur Day,258,127
2020-08-07,Madhur Night,130,469
2020-08-07,Rajdhani Day,159,478
2020-08-08,Madhur Day,237,148
2020-08-08,Madhur Night,239,568
2020-08-08,Rajdhani Day,679,168
2020-08-09,Madhur Day,344,256
2020-08-10,Kalyan Night,167,570
2020-08-10,Madhur Day,180,480
2020-08-10,Madhur Night,258,367
2020-08-10,Rajdhani Day,150,457
2020-08-11,Kalyan Night,379,590
2020-08-11,Madhur Day,379,378
2020-08-11,Madhur Night,145,260
2020-08-11,Rajdhani Day,190,688
2020-08-12,Kalyan Night,689,137
2020-08-12,Madhur Day,480,239
2020-08-12,Madhur Night,360,167
2020-08-12,Rajdhani Day,579,789
2020-08-13,Kalyan Night,367,160
2020-08-13,Madhur Day,789,257
2020-08-13,Madhur Night,119,236
2020-08-13,Rajdhani Day,334,145
2020-08-14,Kalyan Night,129,179
2020-08-14,Madhur Day,268,289
2020-08-14,Madhur Night,233,147
2020-08-14,Rajdhani Day,700,379
2020-08-17,Kalyan Night,370,170
2020-08-17,Madhur Day,678,125
2020-08-17,Madhur Night,189,448
2020-08-17,Rajdhani Day,450,367
2020-08-18,Kalyan Night,300,566
2020-08-18,Madhur Day,127,256
2020-08-18,Madhur Night,569,156
2020-08-18,Rajdhani Day,380,246
2020-08-19,Kalyan Night,119,599
2020-08-19,Madhur Day,569,245
2020-08-19,Madhur Night,128,780
2020-08-19,Rajdhani Day,270,249
2020-08-20,Kalyan Night,470,224
2020-08-20,Madhur Day,111,550
2020-08-20,Madhur Night,239,223
2020-08-20,Rajdhani Day,567,335
2020-08-21,Kalyan Night,234,369
2020-08-21,Madhur Day,240,178
2020-08-21,Madhur Night,589,270
2020-08-21,Rajdhani Day,680,349
2020-08-22,Madhur Day,789,550
2020-08-22,Madhur Night,178,567
2020-08-22,Rajdhani Day,113,579
2020-08-24,Kalyan Night,368,489
2020-08-24,Madhur Day,269,238
2020-08-24,Madhur Night,800,399
2020-08-24,Rajdhani Day,790,455
2020-08-25,Kalyan Night,338,489
2020-08-25,Madhur Day,158,400
2020-08-25,Madhur Night,247,248
2020-08-25,Rajdhani Day,160,260
2020-08-26,Kalyan Night,168,467
2020-08-26,Madhur Day,150,679
2020-08-26,Madhur Night,589,129
2020-08-26,Rajdhani Day,113,360
2020-08-27,Kalyan Night,270,233
2020-08-27,Madhur Day,235,150
2020-08-27,Madhur Night,245,370
2020-08-27,Rajdhani Day,570,355
2020-08-28,Kalyan Night,699,334
2020-08-28,Madhur Day,578,118
2020-08-28,Madhur Night,178,188
2020-08-28,Rajdhani Day,345,700
2020-08-29,Madhur Day,148,114
2020-08-29,Madhur Night,247,799
2020-08-29,Rajdhani Day,234,126
2020-08-30,Madhur Day,178,230
2020-08-31,Kalyan Night,560,379
2020-08-31,Madhur Day,589,790
2020-08-31,Madhur Night,340,467
2020-08-31,Rajdhani Day,466,670
2020-09-01,Kalyan Night,477,469
2020-09-01,Madhur Day,170,670
2020-09-01,Madhur Night,348,366
2020-09-01,Rajdhani Day,459,478
2020-09-02,Kalyan Night,479,456
2020-09-02,Madhur Day,170,580
2020-09-02,Madhur Night,259,355
2020-09-02,Rajdhani Day,147,250
2020-09-03,Kalyan Night,567,125
2020-09-03,Madhur Day,680,458
2020-09-03,Madhur Night,340,235
2020-09-03,Rajdhani Day,178,124
2020-09-04,Kalyan Night,170,134
2020-09-04,Madhur Day,124,367
2020-09-04,Madhur Night,268,478
2020-09-04,Rajdhani Day,388,668
2020-09-05,Madhur Day,146,380
2020-09-05,Madhur Night,345,580
2020-09-05,Rajdhani Day,458,235
2020-09-06,Madhur Day,347,600
2020-09-07,Kalyan Night,147,126
2020-09-07,Madhur Day,247,278
2020-09-07,Madhur Night,189,367
2020-09-07,Rajdhani Day,680,159
2020-09-08,Kalyan Night,220,790
2020-09-08,Madhur Day,125,348
2020-09-08,Madhur Night,480,256
2020-09-08,Rajdhani Day,149,289
2020-09-09,Kalyan Night,130,178
2020-09-09,Madhur Day,110,900
2020-09-09,Madhur Night,500,255
2020-09-09,Rajdhani Day,247,889
2020-09-10,Kalyan Night,369,170
2020-09-10,Madhur Day,237,556
2020-09-10,Madhur Night,237,234
2020-09-10,Rajdhani Day,588,138
2020-09-11,Kalyan Night,569,189
2020-09-11,Madhur Day,224,899
2020-09-11,Madhur Night,269,150
2020-09-11,Rajdhani Day,800,680
2020-09-12,Madhur Day,156,356
2020-09-12,Madhur Night,890,130
2020-09-12,Rajdhani Day,167,126
2020-09-13,Madhur Day,158,260
2020-09-14,Kalyan Night,335,459
2020-09-14,Madhur Day,145,255
2020-09-14,Madhur Night,258,468
2020-09-14,Rajdhani Day,499,789
2020-09-15,Kalyan Night,250,138
2020-09-15,Madhur Day,240,467
2020-09-15,Madhur Night,380,779
2020-09-15,Rajdhani Day,369,190
2020-09-16,Kalyan Night,690,350
2020-09-16,Madhur Day,678,400
2020-09-16,Madhur Night,569,790
2020-09-16,Rajdhani Day,159,189
2020-09-17,Kalyan Night,167,127
2020-09-17,Madhur Day,278,589
2020-09-17,Madhur Night,180,567
2020-09-17,Rajdhani Day,690,490
2020-09-18,Kalyan Night,138,245
2020-09-18,Madhur Day,145,269
2020-09-18,Madhur Night,136,367
2020-09-18,Rajdhani Day,390,899
2020-09-19,Madhur Day,179,345
2020-09-19,Madhur Night,680,119
2020-09-19,Rajdhani Day,127,459
2020-09-20,Madhur Day,149,479
2020-09-21,Kalyan Night,699,699
2020-09-21,Madhur Day,679,370
2020-09-21,Madhur Night,448,569
2020-09-21,Rajdhani Day,670,689
2020-09-22,Kalyan Night,778,469
2020-09-22,Madhur Day,440,678
2020-09-22,Madhur Night,367,780
2020-09-22,Rajdhani Day,235,500
2020-09-23,Kalyan Night,456,248
2020-09-23,Madhur Day,150,234
2020-09-23,Madhur Night,369,347
2020-09-23,Rajdhani Day,468,167
2020-09-24,Kalyan Night,358,168
2020-09-24,Madhur Day,890,129
2020-09-24,Madhur Night,378,390
2020-09-24,Rajdhani Day,270,460
2020-09-25,Kalyan Night,150,490
2020-09-25,Madhur Day,480,779
2020-09-25,Madhur Night,778,234
2020-09-25,Rajdhani Day,456,256
2020-09-26,Madhur Day,350,238
2020-09-26,Madhur Night,158,357
2020-09-26,Rajdhani Day,170,780
2020-09-27,Madhur Day,125,179
2020-09-28,Kalyan Night,248,125
2020-09-28,Madhur Day,139,459
2020-09-28,Madhur Night,579,268
2020-09-28,Rajdhani Day,225,478
2020-09-29,Kalyan Night,399,234
2020-09-29,Madhur Day,368,340
2020-09-29,Madhur Night,260,446
2020-09-29,Rajdhani Day,130,369
2020-09-30,Kalyan Night,168,667
2020-09-30,Madhur Day,189,299
2020-09-30,Madhur Night,499,490
2020-09-30,Rajdhani Day,460,279
2020-10-01,Kalyan Night,223,500
2020-10-01,Madhur Day,260,139
2020-10-01,Madhur Night,260,278
2020-10-01,Rajdhani Day,489,267
2020-10-02,Kalyan Night,500,678
2020-10-02,Madhur Day,459,445
2020-10-02,Madhur Night,268,136
2020-10-02,Rajdhani Day,556,134
2020-10-03,Madhur Day,140,259
2020-10-03,Madhur Night,788,145
2020-10-03,Rajdhani Day,470,479
2020-10-04,Madhur Day,247,357
2020-10-05,Kalyan Night,357,239
2020-10-05,Madhur Day,480,127
2020-10-05,Madhur Night,370,157
2020-10-05,Rajdhani Day,889,166
2020-10-06,Kalyan Night,124,479
2020-10-06,Madhur Day,245,390
2020-10-06,Madhur Night,799,470
2020-10-06,Rajdhani Day,569,180
2020-10-07,Kalyan Night,369,778
2020-10-07,Madhur Day,556,140
2020-10-07,Madhur Night,499,369
2020-10-07,Rajdhani Day,459,466
2020-10-08,Kalyan Night,247,367
2020-10-08,Madhur Day,180,377
2020-10-08,Madhur Night,667,118
2020-10-08,Rajdhani Day,350,456
2020-10-09,Kalyan Night,468,479
2020-10-09,Madhur Day,128,126
2020-10-09,Madhur Night,139,255
2020-10-09,Rajdhani Day,370,122
2020-10-10,Madhur Day,145,222
2020-10-10,Madhur Night,566,460
2020-10-10,Rajdhani Day,180,670
2020-10-11,Madhur Day,230,290
2020-10-12,Kalyan Night,259,255
2020-10-12,Madhur Day,118,125
2020-10-12,Madhur Night,134,379
2020-10-12,Rajdhani Day,248,260
2020-10-13,Kalyan Night,138,445
2020-10-13,Madhur Day,700,390
2020-10-13,Madhur Night,125,470
2020-10-13,Rajdhani Day,146,360
2020-10-14,Kalyan Night,150,367
2020-10-14,Madhur Day,344,110
2020-10-14,Madhur Night,280,119
2020-10-14,Rajdhani Day,800,137
2020-10-15,Kalyan Night,290,177
2020-10-15,Madhur Day,260,350
2020-10-15,Madhur Night,240,227
2020-10-15,Rajdhani Day,228,169
2020-10-16,Kalyan Night,689,480
2020-10-16,Madhur Day,380,149
2020-10-16,Madhur Night,347,115
2020-10-16,Rajdhani Day,280,300
2020-10-17,Madhur Day,569,379
2020-10-17,Madhur Night,667,457
2020-10-17,Rajdhani Day,156,160
2020-10-18,Madhur Day,134,990
2020-10-19,Kalyan Night,240,589
2020-10-19,Madhur Day,258,579
2020-10-19,Madhur Night,467,149
2020-10-19,Rajdhani Day,170,134
2020-10-20,Kalyan Night,380,679
2020-10-20,Madhur Day,357,589
2020-10-20,Madhur Night,559,680
2020-10-20,Rajdhani Day,456,100
2020-10-21,Kalyan Night,460,300
2020-10-21,Madhur Day,358,450
2020-10-21,Madhur Night,568,899
2020-10-21,Rajdhani Day,179,124
2020-10-22,Kalyan Night,144,260
2020-10-22,Madhur Day,468,449
2020-10-22,Madhur Night,448,170
2020-10-22,Rajdhani Day,357,237
2020-10-23,Kalyan Night,700,137
2020-10-23,Madhur Day,580,100
2020-10-23,Madhur Night,227,380
2020-10-23,Rajdhani Day,147,489
2020-10-24,Madhur Day,588,490
2020-10-24,Madhur Night,238,479
2020-10-24,Rajdhani Day,669,260
2020-10-25,Madhur Day,380,170
2020-10-26,Kalyan Night,170,277
2020-10-26,Madhur Day,478,112
2020-10-26,Madhur Night,345,250
2020-10-26,Rajdhani Day,124,137
2020-10-27,Kalyan Night,450,688
2020-10-27,Madhur Day,148,469
2020-10-27,Madhur Night,570,345
2020-10-27,Rajdhani Day,118,559
2020-10-28,Kalyan Night,168,169
2020-10-28,Madhur Day,157,159
2020-10-28,Madhur Night,269,449
2020-10-28,Rajdhani Day,688,480
2020-10-29,Kalyan Night,139,468
2020-10-29,Madhur Day,467,126
2020-10-29,Madhur Night,230,390
2020-10-29,Rajdhani Day,456,458
2020-10-30,Kalyan Night,157,690
2020-10-30,Madhur Day,467,146
2020-10-30,Madhur Night,248,258
2020-10-30,Rajdhani Day,400,178
2020-10-31,Madhur Day,688,447
2020-10-31,Madhur Night,379,389
2020-10-31,Rajdhani Day,229,368
2020-11-01,Madhur Day,250,349
2020-11-02,Kalyan Night,799,337
2020-11-02,Madhur Day,222,236
2020-11-02,Madhur Night,257,147
2020-11-02,Rajdhani Day,130,280
2020-11-03,Kalyan Night,180,180
2020-11-03,Madhur Day,559,290
2020-11-03,Madhur Night,378,469
2020-11-03,Rajdhani Day,380,689
2020-11-04,Kalyan Night,478,300
2020-11-04,Madhur Day,680,139
2020-11-04,Madhur Night,348,799
2020-11-04,Rajdhani Day,139,148
2020-11-05,Kalyan Night,458,789
2020-11-05,Madhur Day,560,580
2020-11-05,Madhur Night,127,189
2020-11-05,Rajdhani Day,780,100
2020-11-06,Kalyan Night,138,246
2020-11-06,Madhur Day,268,455
2020-11-06,Madhur Night,300,126
2020-11-06,Rajdhani Day,344,379
2020-11-07,Madhur Day,450,669
2020-11-07,Madhur Night,136,880
2020-11-07,Rajdhani Day,118,489
2020-11-16,Madhur Day,179,230
2020-11-16,Madhur Night,137,679
2020-11-16,Rajdhani Day,450,690
2020-11-17,Madhur Day,780,370
2020-11-17,Madhur Night,234,339
2020-11-17,Rajdhani Day,124,149
2020-11-18,Madhur Day,148,125
2020-11-18,Madhur Night,350,278
2020-11-18,Rajdhani Day,147,159
2020-11-19,Madhur Day,449,159
2020-11-19,Madhur Night,270,679
2020-11-19,Rajdhani Day,360,179
2020-11-20,Madhur Day,670,124
2020-11-20,Madhur Night,589,244
2020-11-20,Rajdhani Day,790,116
2020-11-21,Madhur Day,267,190
2020-11-21,Madhur Night,238,128
2020-11-21,Rajdhani Day,359,469
2020-11-22,Madhur Day,289,235
2020-11-23,Kalyan Night,460,233
2020-11-23,Madhur Day,134,155
2020-11-23,Madhur Night,349,246
2020-11-23,Rajdhani Day,570,678
2020-11-24,Kalyan Night,470,680
2020-11-24,Madhur Day,368,458
2020-11-24,Madhur Night,368,267
2020-11-24,Rajdhani Day,990,790
2020-11-25,Kalyan Night,157,669
2020-11-25,Madhur Day,238,355
2020-11-25,Madhur Night,270,345
2020-11-25,Rajdhani Day,235,446
2020-11-26,Kalyan Night,247,267
2020-11-26,Madhur Day,780,479
2020-11-26,Madhur Night,249,133
2020-11-26,Rajdhani Day,367,123
2020-11-27,Kalyan Night,133,355
2020-11-27,Madhur Day,180,447
2020-11-27,Madhur Night,123,690
2020-11-27,Rajdhani Day,470,889
2020-11-28,Madhur Day,245,148
2020-11-28,Madhur Night,559,357
2020-11-28,Rajdhani Day,490,448
2020-11-29,Madhur Day,167,358
2020-11-30,Kalyan Night,267,457
2020-11-30,Madhur Day,390,480
2020-11-30,Madhur Night,589,128
2020-11-30,Rajdhani Day,478,269
2020-12-01,Kalyan Night,470,389
2020-12-01,Madhur Day,158,389
2020-12-01,Madhur Night,569,568
2020-12-01,Rajdhani Day,690,370
2020-12-02,Kalyan Night,150,334
2020-12-02,Madhur Day,145,377
2020-12-02,Madhur Night,259,160
2020-12-02,Rajdhani Day,170,236
2020-12-03,Kalyan Night,148,236
2020-12-03,Madhur Day,290,290
2020-12-03,Madhur Night,389,369
2020-12-03,Rajdhani Day,112,467
2020-12-04,Kalyan Night,479,458
2020-12-04,Madhur Day,278,136
2020-12-04,Madhur Night,568,368
2020-12-04,Rajdhani Day,677,245
2020-12-05,Madhur Day,890,360
2020-12-05,Madhur Night,560,568
2020-12-05,Rajdhani Day,457,129
2020-12-06,Madhur Day,367,270
2020-12-07,Kalyan Night,267,899
2020-12-07,Madhur Day,789,399
2020-12-07,Madhur Night,340,180
2020-12-07,Rajdhani Day,126,220
2020-12-08,Kalyan Night,130,250
2020-12-08,Madhur Day,567,399
2020-12-08,Madhur Night,358,268
2020-12-08,Rajdhani Day,239,127
2020-12-09,Kalyan Night,269,379
2020-12-09,Madhur Day,399,490
2020-12-09,Madhur Night,159,580
2020-12-09,Rajdhani Day,288,447
2020-12-10,Kalyan Night,136,134
2020-12-10,Madhur Day,145,180
2020-12-10,Madhur Night,579,167
2020-12-10,Rajdhani Day,780,890
2020-12-11,Kalyan Night,158,599
2020-12-11,Madhur Day,456,570
2020-12-11,Madhur Night,589,146
2020-12-11,Rajdhani Day,247,590
2020-12-12,Madhur Day,136,357
2020-12-12,Madhur Night,145,339
2020-12-12,Rajdhani Day,580,180
2020-12-13,Madhur Day,457,236
2020-12-14,Kalyan Night,669,770
2020-12-14,Madhur Day,348,670
2020-12-14,Madhur Night,689,568
2020-12-14,Rajdhani Day,138,140
2020-12-15,Kalyan Night,345,257
2020-12-15,Madhur Day,233,200
2020-12-15,Madhur Night,479,330
2020-12-15,Rajdhani Day,359,566
2020-12-16,Kalyan Night,489,467
2020-12-16,Madhur Day,279,156
2020-12-16,Madhur Night,134,129
2020-12-16,Rajdhani Day,237,127
2020-12-17,Kalyan Night,157,234
2020-12-17,Madhur Day,259,279
2020-12-17,Madhur Night,123,790
2020-12-17,Rajdhani Day,256,129
2020-12-18,Kalyan Night,677,239
2020-12-18,Madhur Day,890,330
2020-12-18,Madhur Night,577,160
2020-12-18,Rajdhani Day,340,234
2020-12-19,Madhur Day,260,358
2020-12-19,Madhur Night,389,250
2020-12-19,Rajdhani Day,236,220
2020-12-20,Madhur Day,560,488
2020-12-21,Kalyan Night,245,118
2020-12-21,Madhur Day,450,467
2020-12-21,Madhur Night,556,157
2020-12-21,Rajdhani Day,255,470
2020-12-22,Kalyan Night,679,260
2020-12-22,Madhur Day,388,389
2020-12-22,Madhur Night,800,345
2020-12-22,Rajdhani Day,159,690
2020-12-23,Kalyan Night,357,358
2020-12-23,Madhur Day,350,339
2020-12-23,Madhur Night,130,129
2020-12-23,Rajdhani Day,169,490
2020-12-24,Kalyan Night,889,177
2020-12-24,Madhur Day,348,148
2020-12-24,Madhur Night,139,156
2020-12-24,Rajdhani Day,268,119
2020-12-25,Kalyan Night,226,567
2020-12-25,Madhur Day,146,244
2020-12-25,Madhur Night,366,159
2020-12-25,Rajdhani Day,346,278
2020-12-26,Madhur Day,249,560
2020-12-26,Madhur Night,237,229
2020-12-26,Rajdhani Day,779,690
2020-12-27,Madhur Day,450,377
2020-12-28,Kalyan Night,469,157
2020-12-28,Madhur Day,689,800
2020-12-28,Madhur Night,680,560
2020-12-28,Rajdhani Day,458,579
2020-12-28,Rajdhani Night,390,257
2020-12-29,Kalyan Night,156,167
2020-12-29,Madhur Day,379,278
2020-12-29,Madhur Night,690,120
2020-12-29,Rajdhani Day,158,589
2020-12-29,Rajdhani Night,123,129
2020-12-30,Kalyan Night,147,338
2020-12-30,Madhur Day,789,350
2020-12-30,Madhur Night,460,222
2020-12-30,Rajdhani Day,257,347
2020-12-30,Rajdhani Night,380,245
2020-12-31,Kalyan Night,378,126
2020-12-31,Madhur Day,569,799
2020-12-31,Madhur Night,226,280
2020-12-31,Rajdhani Day,468,367
2020-12-31,Rajdhani Night,116,469
2021-01-01,Kalyan Night,160,459
2021-01-01,Madhur Day,278,600
2021-01-01,Madhur Night,890,670
2021-01-01,Rajdhani Day,134,336
2021-01-01,Rajdhani Night,266,567
2021-01-02,Madhur Day,338,358
2021-01-02,Madhur Night,689,356
2021-01-02,Rajdhani Day,226,169
2021-01-03,Madhur Day,278,670
2021-01-04,Kalyan Night,247,589
2021-01-04,Madhur Day,279,156
2021-01-04,Madhur Night,125,147
2021-01-04,Rajdhani Day,160,690
2021-01-04,Rajdhani Night,580,269
2021-01-04,Sridevi,459,280
2021-01-04,Time Bazar,189,277
2021-01-05,Kalyan Night,245,670
2021-01-05,Madhur Day,166,357
2021-01-05,Madhur Night,489,359
2021-01-05,Rajdhani Day,136,458
2021-01-05,Rajdhani Night,567,680
2021-01-05,Sridevi,466,770
2021-01-05,Time Bazar,790,280
2021-01-06,Kalyan Night,780,799
2021-01-06,Madhur Day,580,770
2021-01-06,Madhur Night,266,339
2021-01-06,Rajdhani Day,467,899
2021-01-06,Rajdhani Night,155,233
2021-01-06,Sridevi,229,889
2021-01-06,Time Bazar,489,269
2021-01-07,Kalyan Night,679,470
2021-01-07,Madhur Day,366,239
2021-01-07,Madhur Night,167,379
2021-01-07,Rajdhani Day,360,379
2021-01-07,Rajdhani Night,380,560
2021-01-07,Sridevi,126,480
2021-01-07,Time Bazar,346,579
2021-01-08,Kalyan Night,450,360
2021-01-08,Madhur Day,490,660
2021-01-08,Madhur Night,145,468
2021-01-08,Rajdhani Day,477,267
2021-01-08,Rajdhani Night,349,259
2021-01-08,Sridevi,247,113
2021-01-08,Time Bazar,140,155
2021-01-09,Madhur Day,459,134
2021-01-09,Madhur Night,799,140
2021-01-09,Rajdhani Day,359,578
2021-01-09,Sridevi,278,345
2021-01-09,Time Bazar,780,223
2021-01-10,Madhur Day,679,114
2021-01-10,Sridevi,567,130
2021-01-10,Time Bazar,400,170
2021-01-11,Kalyan Night,267,278
2021-01-11,Madhur Day,230,268
2021-01-11,Madhur Night,160,679
2021-01-11,Rajdhani Day,169,350
2021-01-11,Rajdhani Night,129,257
2021-01-11,Sridevi,234,233
2021-01-11,Time Bazar,246,670
2021-01-12,Kalyan Night,468,247
2021-01-12,Madhur Day,450,560
2021-01-12,Madhur Night,255,669
2021-01-12,Rajdhani Day,400,157
2021-01-12,Rajdhani Night,157,799
2021-01-12,Sridevi,249,346
2021-01-12,Time Bazar,350,230
2021-01-13,Kalyan Night,127,589
2021-01-13,Madhur Day,448,449
2021-01-13,Madhur Night,169,377
2021-01-13,Rajdhani Day,146,448
2021-01-13,Rajdhani Night,159,336
2021-01-13,Sridevi,670,228
2021-01-13,Time Bazar,189,230
2021-01-14,Kalyan Night,479,278
2021-01-14,Madhur Day,220,246
2021-01-14,Madhur Night,178,379
2021-01-14,Rajdhani Day,258,138
2021-01-14,Rajdhani Night,689,559
2021-01-14,Sridevi,489,468
2021-01-14,Time Bazar,679,390
2021-01-15,Kalyan Night,336,116
2021-01-15,Madhur Day,680,590
2021-01-15,Madhur Night,160,468
2021-01-15,Rajdhani Day,122,128
2021-01-15,Rajdhani Night,167,480
2021-01-15,Sridevi,457,689
2021-01-15,Time Bazar,150,359
2021-01-16,Madhur Day,250,890
2021-01-16,Madhur Night,589,290
2021-01-16,Rajdhani Day,568,180
2021-01-16,Sridevi,579,127
2021-01-16,Time Bazar,133,116
2021-01-17,Madhur Day,680,467
2021-01-17,Sridevi,279,178
2021-01-17,Time Bazar,239,560
2021-01-18,Kalyan Night,599,116
2021-01-18,Madhur Day,570,125
2021-01-18,Madhur Night,135,567
2021-01-18,Rajdhani Day,577,167
2021-01-18,Rajdhani Night,158,278
2021-01-18,Sridevi,158,670
2021-01-18,Sridevi Night,457,122
2021-01-18,Time Bazar,348,800
2021-01-19,Kalyan Night,670,349
2021-01-19,Madhur Day,678,579
2021-01-19,Madhur Night,236,338
2021-01-19,Rajdhani Day,257,779
2021-01-19,Rajdhani Night,478,559
2021-01-19,Sridevi,489,890
2021-01-19,Sridevi Night,770,235
2021-01-19,Time Bazar,118,257
2021-01-20,Kalyan Night,130,459
2021-01-20,Madhur Day,145,236
2021-01-20,Madhur Night,790,460
2021-01-20,Rajdhani Day,278,568
2021-01-20,Rajdhani Night,225,168
2021-01-20,Sridevi,280,590
2021-01-20,Sridevi Night,147,144
2021-01-20,Time Bazar,470,378
2021-01-21,Kalyan Night,277,668
2021-01-21,Madhur Day,690,180
2021-01-21,Madhur Night,688,359
2021-01-21,Rajdhani Day,249,237
2021-01-21,Rajdhani Night,447,590
2021-01-21,Sridevi,237,479
2021-01-21,Sridevi Night,469,136
2021-01-21,Time Bazar,778,289
2021-01-22,Kalyan Night,400,799
2021-01-22,Madhur Day,379,339
2021-01-22,Madhur Night,130,356
2021-01-22,Rajdhani Day,236,588
2021-01-22,Rajdhani Night,237,670
2021-01-22,Sridevi,245,688
2021-01-22,Sridevi Night,159,127
2021-01-22,Time Bazar,118,889
2021-01-23,Madhur Day,340,145
2021-01-23,Madhur Night,488,444
2021-01-23,Rajdhani Day,180,113
2021-01-23,Sridevi,130,399
2021-01-23,Sridevi Night,188,300
2021-01-23,Time Bazar,567,780
2021-01-24,Madhur Day,689,228
2021-01-24,Sridevi,168,379
2021-01-24,Sridevi Night,335,599
2021-01-24,Time Bazar,780,258
2021-01-25,Kalyan Night,224,778
2021-01-25,Madhur Day,188,578
2021-01-25,Madhur Night,134,167
2021-01-25,Rajdhani Day,468,190
2021-01-25,Rajdhani Night,239,359
2021-01-25,Sridevi,135,447
2021-01-25,Sridevi Night,188,357
2021-01-25,Time Bazar,188,466
2021-01-27,Kalyan Night,120,138
2021-01-27,Madhur Day,134,170
2021-01-27,Madhur Night,357,890
2021-01-27,Rajdhani Day,226,159
2021-01-27,Rajdhani Night,557,279
2021-01-27,Sridevi,467,449
2021-01-27,Sridevi Night,389,118
2021-01-27,Time Bazar,490,149
2021-01-28,Kalyan Night,134,446
2021-01-28,Madhur Day,579,568
2021-01-28,Madhur Night,346,667
2021-01-28,Rajdhani Day,146,259
2021-01-28,Rajdhani Night,189,249
2021-01-28,Sridevi,679,789
2021-01-28,Sridevi Night,340,590
2021-01-28,Time Bazar,169,168
2021-01-29,Kalyan Night,266,356
2021-01-29,Madhur Day,139,157
2021-01-29,Madhur Night,180,368
2021-01-29,Rajdhani Day,278,269
2021-01-29,Rajdhani Night,239,356
2021-01-29,Sridevi,249,348
2021-01-29,Sridevi Night,126,156
2021-01-29,Time Bazar,445,228
2021-01-30,Madhur Day,460,289
2021-01-30,Madhur Night,789,668
2021-01-30,Rajdhani Day,679,118
2021-01-30,Sridevi,347,556
2021-01-30,Sridevi Night,220,246
2021-01-30,Time Bazar,670,160
2021-01-31,Madhur Day,346,258
2021-01-31,Sridevi,478,578
2021-01-31,Sridevi Night,119,667
2021-01-31,Time Bazar,679,335
2021-02-01,Madhur Day,368,780
2021-02-01,Madhur Night,599,238
2021-02-01,Rajdhani Day,790,234
2021-02-01,Rajdhani Night,360,236
2021-02-01,Sridevi,448,120
2021-02-01,Sridevi Night,188,357
2021-02-01,Time Bazar,159,258
2021-02-02,Madhur Day,267,500
2021-02-02,Madhur Night,359,489
2021-02-02,Rajdhani Day,160,259
2021-02-02,Rajdhani Night,690,114
2021-02-02,Sridevi,356,134
2021-02-02,Sridevi Night,124,335
2021-02-02,Time Bazar,469,799
2021-02-03,Madhur Day,135,990
2021-02-03,Madhur Night,480,190
2021-02-03,Rajdhani Day,115,189
2021-02-03,Rajdhani Night,388,779
2021-02-03,Sridevi,559,377
2021-02-03,Sridevi Night,233,178
2021-02-03,Time Bazar,789,359
2021-02-04,Madhur Day,490,223
2021-02-04,Madhur Night,557,470
2021-02-04,Rajdhani Day,190,267
2021-02-04,Rajdhani Night,778,117
2021-02-04,Sridevi,577,138
2021-02-04,Sridevi Night,127,345
2021-02-04,Time Bazar,367,457
2021-02-05,Madhur Day,348,111
2021-02-05,Madhur Night,234,479
2021-02-05,Rajdhani Day,348,568
2021-02-05,Rajdhani Night,126,468
2021-02-05,Sridevi,557,115
2021-02-05,Sridevi Night,780,347
2021-02-05,Time Bazar,358,589
2021-02-06,Madhur Day,123,380
2021-02-06,Madhur Night,480,340
2021-02-06,Rajdhani Day,334,667
2021-02-06,Sridevi,589,470
2021-02-06,Sridevi Night,144,358
2021-02-06,Time Bazar,338,190
2021-02-07,Madhur Day,780,467
2021-02-07,Sridevi,168,660
2021-02-07,Sridevi Night,180,157
2021-02-07,Time Bazar,160,199
2021-02-08,Kalyan Night,890,690
2021-02-08,Madhur Day,119,379
2021-02-08,Madhur Night,578,467
2021-02-08,Rajdhani Day,378,389
2021-02-08,Rajdhani Night,470,670
2021-02-08,Sridevi,899,458
2021-02-08,Sridevi Night,235,245
2021-02-08,Time Bazar,388,557
2021-02-09,Kalyan Night,445,247
2021-02-09,Madhur Day,170,789
2021-02-09,Madhur Night,369,457
2021-02-09,Rajdhani Day,890,200
2021-02-09,Rajdhani Night,180,155
2021-02-09,Sridevi,399,190
2021-02-09,Sridevi Night,390,268
2021-02-09,Time Bazar,660,489
2021-02-10,Kalyan Night,189,245
2021-02-10,Madhur Day,456,450
2021-02-10,Madhur Night,117,245
2021-02-10,Rajdhani Day,129,480
2021-02-10,Rajdhani Night,280,128
2021-02-10,Sridevi,125,278
2021-02-10,Sridevi Night,678,459
2021-02-10,Time Bazar,169,114
2021-02-11,Kalyan Night,800,260
2021-02-11,Madhur Day,170,135
2021-02-11,Madhur Night,450,277
2021-02-11,Rajdhani Day,579,188
2021-02-11,Rajdhani Night,990,244
2021-02-11,Sridevi,259,367
2021-02-11,Sridevi Night,479,289
2021-02-11,Time Bazar,690,248
2021-02-12,Kalyan Night,299,568
2021-02-12,Madhur Day,127,467
2021-02-12,Madhur Night,270,127
2021-02-12,Rajdhani Day,348,466
2021-02-12,Rajdhani Night,247,348
2021-02-12,Sridevi,445,344
2021-02-12,Sridevi Night,558,458
2021-02-12,Time Bazar,500,570
2021-02-13,Madhur Day,115,123
2021-02-13,Madhur Night,239,380
2021-02-13,Rajdhani Day,445,260
2021-02-13,Sridevi,479,118
2021-02-13,Sridevi Night,599,180
2021-02-13,Time Bazar,449,179
2021-02-14,Madhur Day,268,280
2021-02-14,Sridevi,359,677
2021-02-14,Sridevi Night,800,778
2021-02-14,Time Bazar,124,447
2021-02-15,Kalyan Night,580,338
2021-02-15,Madhur Day,789,129
2021-02-15,Madhur Night,248,334
2021-02-15,Rajdhani Day,159,168
2021-02-15,Rajdhani Night,388,189
2021-02-15,Sridevi,678,380
2021-02-15,Sridevi Night,230,389
2021-02-15,Time Bazar,358,366
2021-02-16,Kalyan Night,357,577
2021-02-16,Madhur Day,240,450
2021-02-16,Madhur Night,560,499
2021-02-16,Rajdhani Day,246,569
2021-02-16,Rajdhani Night,238,257
2021-02-16,Sridevi,377,167
2021-02-16,Sridevi Night,560,237
2021-02-16,Time Bazar,228,780
2021-02-17,Kalyan Night,267,289
2021-02-17,Madhur Day,470,124
2021-02-17,Madhur Night,789,356
2021-02-17,Rajdhani Day,570,699
2021-02-17,Rajdhani Night,579,390
2021-02-17,Sridevi,334,240
2021-02-17,Sridevi Night,349,223
2021-02-17,Time Bazar,124,389
2021-02-18,Kalyan Night,550,237
2021-02-18,Madhur Day,344,379
2021-02-18,Madhur Night,158,677
2021-02-18,Rajdhani Day,358,560
2021-02-18,Rajdhani Night,489,457
2021-02-18,Sridevi,129,248
2021-02-18,Sridevi Night,277,578
2021-02-18,Time Bazar,567,167
2021-02-19,Kalyan Night,446,589
2021-02-19,Madhur Day,145,247
2021-02-19,Madhur Night,100,580
2021-02-19,Rajdhani Day,244,136
2021-02-19,Rajdhani Night,456,156
2021-02-19,Sridevi,360,126
2021-02-19,Sridevi Night,990,366
2021-02-19,Time Bazar,157,340
2021-02-20,Madhur Day,470,446
2021-02-20,Madhur Night,240,560
2021-02-20,Rajdhani Day,137,789
2021-02-20,Sridevi,268,145
2021-02-20,Sridevi Night,257,130
2021-02-20,Time Bazar,259,389
2021-02-21,Madhur Day,357,468
2021-02-21,Sridevi,357,159
2021-02-21,Sridevi Night,244,566
2021-02-21,Time Bazar,114,569
2021-02-22,Kalyan Night,499,260
2021-02-22,Madhur Day,379,350
2021-02-22,Madhur Night,234,166
2021-02-22,Rajdhani Day,480,146
2021-02-22,Rajdhani Night,450,677
2021-02-22,Sridevi,569,347
2021-02-22,Sridevi Night,679,780
2021-02-22,Time Bazar,778,279
2021-02-23,Kalyan Night,780,137
2021-02-23,Madhur Day,249,140
2021-02-23,Madhur Night,680,247
2021-02-23,Rajdhani Day,255,557
2021-02-23,Rajdhani Night,680,170
2021-02-23,Sridevi,378,589
2021-02-23,Sridevi Night,367,127
2021-02-23,Time Bazar,369,880
2021-02-24,Kalyan Night,227,356
2021-02-24,Madhur Day,157,248
2021-02-24,Madhur Night,119,236
2021-02-24,Rajdhani Day,450,130
2021-02-24,Rajdhani Night,449,390
2021-02-24,Sridevi,148,379
2021-02-24,Sridevi Night,770,179
2021-02-24,Time Bazar,190,228
2021-02-25,Kalyan Night,556,239
2021-02-25,Madhur Day,460,278
2021-02-25,Madhur Night,150,369
2021-02-25,Rajdhani Day,268,379
2021-02-25,Rajdhani Night,349,240
2021-02-25,Sridevi,156,356
2021-02-25,Sridevi Night,670,270
2021-02-25,Time Bazar,350,378
2021-02-26,Kalyan Night,490,256
2021-02-26,Madhur Day,235,245
2021-02-26,Madhur Night,157,579
2021-02-26,Rajdhani Day,190,790
2021-02-26,Rajdhani Night,267,468
2021-02-26,Sridevi,267,147
2021-02-26,Sridevi Night,335,268
2021-02-26,Time Bazar,889,225
2021-02-27,Madhur Day,225,247
2021-02-27,Madhur Night,340,260
2021-02-27,Rajdhani Day,334,223
2021-02-27,Sridevi,459,189
2021-02-27,Sridevi Night,477,390
2021-02-27,Time Bazar,390,335
2021-02-28,Madhur Day,138,378
2021-02-28,Sridevi,234,567
2021-02-28,Sridevi Night,124,149
2021-02-28,Time Bazar,139,800
2021-03-01,Kalyan Night,270,400
2021-03-01,Madhur Day,589,236
2021-03-01,Madhur Night,134,358
2021-03-01,Rajdhani Day,678,136
2021-03-01,Rajdhani Night,457,470
2021-03-01,Sridevi,457,178
2021-03-01,Sridevi Night,550,480
2021-03-01,Time Bazar,468,126
2021-03-02,Kalyan Night,477,579
2021-03-02,Madhur Day,460,129
2021-03-02,Madhur Night,370,460
2021-03-02,Rajdhani Day,134,567
2021-03-02,Rajdhani Night,245,579
2021-03-02,Sridevi,269,257
2021-03-02,Sridevi Night,199,689
2021-03-02,Time Bazar,127,116
2021-03-03,Kalyan Night,189,458
2021-03-03,Madhur Day,799,257
2021-03-03,Madhur Night,239,135
2021-03-03,Rajdhani Day,347,679
2021-03-03,Rajdhani Night,346,460
2021-03-03,Sridevi,112,467
2021-03-03,Sridevi Night,236,339
2021-03-03,Time Bazar,356,356
2021-03-04,Kalyan Night,234,356
2021-03-04,Madhur Day,188,467
2021-03-04,Madhur Night,377,369
2021-03-04,Rajdhani Day,340,990
2021-03-04,Rajdhani Night,366,466
2021-03-04,Sridevi,157,170
2021-03-04,Sridevi Night,447,120
2021-03-04,Time Bazar,478,347
2021-03-05,Kalyan Night,158,188
2021-03-05,Madhur Day,338,560
2021-03-05,Madhur Night,560,140
2021-03-05,Rajdhani Day,129,770
2021-03-05,Rajdhani Night,160,378
2021-03-05,Sridevi,469,489
2021-03-05,Sridevi Night,279,177
2021-03-05,Time Bazar,680,389
2021-03-06,Madhur Day,366,489
2021-03-06,Madhur Night,378,129
2021-03-06,Rajdhani Day,158,450
2021-03-06,Sridevi,370,268
2021-03-06,Sridevi Night,123,578
2021-03-06,Time Bazar,347,260
2021-03-07,Madhur Day,140,127
2021-03-07,Sridevi,369,118
2021-03-07,Sridevi Night,110,556
2021-03-07,Time Bazar,139,139
2021-03-08,Kalyan Night,266,458
2021-03-08,Madhur Day,489,340
2021-03-08,Madhur Night,899,136
2021-03-08,Rajdhani Day,224,120
2021-03-08,Rajdhani Night,169,134
2021-03-08,Sridevi,360,233
2021-03-08,Sridevi Night,459,569
2021-03-08,Time Bazar,225,690
2021-03-09,Kalyan Night,456,688
2021-03-09,Madhur Day,239,110
2021-03-09,Madhur Night,670,170
2021-03-09,Rajdhani Day,679,113
2021-03-09,Rajdhani Night,458,356
2021-03-09,Sridevi,158,226
2021-03-09,Sridevi Night,349,260
2021-03-09,Time Bazar,236,139
2021-03-10,Kalyan Night,669,179
2021-03-10,Madhur Day,356,489
2021-03-10,Madhur Night,349,456
2021-03-10,Rajdhani Day,389,790
2021-03-10,Rajdhani Night,345,356
2021-03-10,Sridevi,178,790
2021-03-10,Sridevi Night,889,667
2021-03-10,Time Bazar,258,600
2021-03-11,Kalyan Night,356,259
2021-03-11,Madhur Day,224,248
2021-03-11,Madhur Night,480,458
2021-03-11,Rajdhani Day,140,290
2021-03-11,Rajdhani Night,248,478
2021-03-11,Sridevi,588,349
2021-03-11,Sridevi Night,389,699
2021-03-11,Time Bazar,590,134
2021-03-12,Kalyan Night,458,367
2021-03-12,Madhur Day,349,488
2021-03-12,Madhur Night,356,360
2021-03-12,Rajdhani Day,358,114
2021-03-12,Rajdhani Night,250,128
2021-03-12,Sridevi,157,667
2021-03-12,Sridevi Night,559,348
2021-03-12,Time Bazar,358,678
2021-03-13,Madhur Day,367,279
2021-03-13,Madhur Night,557,399
2021-03-13,Rajdhani Day,577,680
2021-03-13,Sridevi,188,255
2021-03-13,Sridevi Night,790,668
2021-03-13,Time Bazar,346,356
2021-03-14,Madhur Day,558,469
2021-03-14,Sridevi,770,114
2021-03-14,Sridevi Night,678,568
2021-03-14,Time Bazar,588,278
2021-03-15,Kalyan Night,358,137
2021-03-15,Madhur Day,269,567
2021-03-15,Madhur Night,234,778
2021-03-15,Rajdhani Day,190,234
2021-03-15,Rajdhani Night,588,146
2021-03-15,Sridevi,246,129
2021-03-15,Sridevi Night,114,225
2021-03-15,Time Bazar,257,347
2021-03-16,Kalyan Night,790,338
2021-03-16,Madhur Day,477,359
2021-03-16,Madhur Night,160,289
2021-03-16,Rajdhani Day,457,380
2021-03-16,Rajdhani Night,246,150
2021-03-16,Sridevi,134,455
2021-03-16,Sridevi Night,244,900
2021-03-16,Time Bazar,489,445
2021-03-17,Kalyan Night,379,270
2021-03-17,Madhur Day,678,400
2021-03-17,Madhur Night,116,119
2021-03-17,Rajdhani Day,455,247
2021-03-17,Rajdhani Night,237,600
2021-03-17,Sridevi,158,235
2021-03-17,Sridevi Night,290,330
2021-03-17,Time Bazar,466,489
2021-03-18,Kalyan Night,112,578
2021-03-18,Madhur Day,699,248
2021-03-18,Madhur Night,256,149
2021-03-18,Rajdhani Day,266,479
2021-03-18,Rajdhani Night,340,300
2021-03-18,Sridevi,569,378
2021-03-18,Sridevi Night,279,233
2021-03-18,Time Bazar,188,170
2021-03-19,Kalyan Night,388,257
2021-03-19,Madhur Day,134,128
2021-03-19,Madhur Night,590,257
2021-03-19,Rajdhani Day,369,110
2021-03-19,Rajdhani Night,335,120
2021-03-19,Sridevi,700,256
2021-03-19,Sridevi Night,890,579
2021-03-19,Time Bazar,790,479
2021-03-20,Madhur Day,226,240
2021-03-20,Madhur Night,779,468
2021-03-20,Rajdhani Day,347,150
2021-03-20,Sridevi,450,568
2021-03-20,Sridevi Night,336,790
2021-03-20,Time Bazar,338,688
2021-03-21,Madhur Day,347,499
2021-03-21,Sridevi,670,225
2021-03-21,Sridevi Night,578,369
2021-03-21,Time Bazar,479,137
2021-03-22,Kalyan Night,467,890
2021-03-22,Madhur Day,249,149
2021-03-22,Madhur Night,467,190
2021-03-22,Rajdhani Day,140,180
2021-03-22,Rajdhani Night,456,358
2021-03-22,Sridevi,440,169
2021-03-22,Sridevi Night,599,489
2021-03-22,Time Bazar,160,990
2021-03-23,Kalyan Night,178,348
2021-03-23,Madhur Day,567,346
2021-03-23,Madhur Night,289,360
2021-03-23,Rajdhani Day,790,700
2021-03-23,Rajdhani Night,114,348
2021-03-23,Sridevi,558,133
2021-03-23,Sridevi Night,267,140
2021-03-23,Time Bazar,447,238
2021-03-24,Kalyan Night,448,116
2021-03-24,Madhur Day,300,579
2021-03-24,Madhur Night,244,337
2021-03-24,Rajdhani Day,457,569
2021-03-24,Rajdhani Night,455,119
2021-03-24,Sridevi,488,145
2021-03-24,Sridevi Night,224,588
2021-03-24,Time Bazar,177,257
2021-03-25,Kalyan Night,390,446
2021-03-25,Madhur Day,240,670
2021-03-25,Madhur Night,155,469
2021-03-25,Rajdhani Day,223,459
2021-03-25,Rajdhani Night,112,249
2021-03-25,Sridevi,120,133
2021-03-25,Sridevi Night,680,689
2021-03-25,Time Bazar,700,458
2021-03-26,Kalyan Night,467,245
2021-03-26,Madhur Day,489,990
2021-03-26,Madhur Night,157,223
2021-03-26,Rajdhani Day,290,250
2021-03-26,Rajdhani Night,178,233
2021-03-26,Sridevi,344,599
2021-03-26,Sridevi Night,568,240
2021-03-26,Time Bazar,334,450
2021-03-27,Madhur Day,667,258
2021-03-27,Madhur Night,670,269
2021-03-27,Rajdhani Day,124,148
2021-03-27,Sridevi,470,577
2021-03-27,Sridevi Night,456,788
2021-03-27,Time Bazar,346,899
2021-03-28,Sridevi,356,459
2021-03-28,Sridevi Night,799,112
2021-03-30,Kalyan Night,256,559
2021-03-30,Madhur Day,127,279
2021-03-30,Madhur Night,236,479
2021-03-30,Rajdhani Day,138,259
2021-03-30,Rajdhani Night,449,599
2021-03-30,Sridevi,146,800
2021-03-30,Sridevi Night,345,156
2021-03-30,Time Bazar,156,380
2021-03-31,Kalyan Night,268,456
2021-03-31,Madhur Day,123,790
2021-03-31,Madhur Night,359,348
2021-03-31,Rajdhani Day,127,170
2021-03-31,Rajdhani Night,157,345
2021-03-31,Sridevi,240,330
2021-03-31,Sridevi Night,590,340
2021-03-31,Time Bazar,144,156
2021-04-01,Kalyan Night,113,177
2021-04-01,Madhur Day,116,279
2021-04-01,Madhur Night,660,377
2021-04-01,Rajdhani Day,800,330
2021-04-01,Rajdhani Night,135,380
2021-04-01,Sridevi,447,469
2021-04-01,Sridevi Night,126,378
2021-04-01,Time Bazar,456,348
2021-04-02,Kalyan Night,114,800
2021-04-02,Madhur Day,255,137
2021-04-02,Madhur Night,679,477
2021-04-02,Rajdhani Day,489,250
2021-04-02,Rajdhani Night,570,450
2021-04-02,Sridevi,479,127
2021-04-02,Sridevi Night,248,146
2021-04-02,Time Bazar,239,478
2021-04-03,Madhur Day,126,259
2021-04-03,Madhur Night,230,440
2021-04-03,Rajdhani Day,179,267
2021-04-03,Sridevi,159,245
2021-04-03,Sridevi Night,123,460
2021-04-03,Time Bazar,478,168
2021-04-04,Madhur Day,155,137
2021-04-04,Sridevi,288,258
2021-04-04,Sridevi Night,669,149
2021-04-04,Time Bazar,144,368
2021-04-05,Kalyan Night,367,359
2021-04-05,Madhur Day,670,340
2021-04-05,Madhur Night,120,457
2021-04-05,Rajdhani Day,678,135
2021-04-05,Rajdhani Night,257,479
2021-04-05,Sridevi,124,178
2021-04-05,Sridevi Night,490,467
2021-04-05,Time Bazar,588,126
2021-04-06,Kalyan Night,478,779
2021-04-06,Madhur Day,467,390
2021-04-06,Madhur Night,489,470
2021-04-06,Rajdhani Day,225,168
2021-04-06,Rajdhani Night,256,148
2021-04-06,Sridevi,147,167
2021-04-06,Sridevi Night,455,246
2021-04-06,Time Bazar,990,246
2021-04-07,Kalyan Night,789,460
2021-04-07,Madhur Day,159,456
2021-04-07,Madhur Night,224,790
2021-04-07,Rajdhani Day,400,578
2021-04-07,Rajdhani Night,670,267
2021-04-07,Sridevi,490,190
2021-04-07,Sridevi Night,389,138
2021-04-07,Time Bazar,566,266
2021-04-08,Kalyan Night,229,157
2021-04-08,Madhur Day,389,159
2021-04-08,Madhur Night,357,145
2021-04-08,Rajdhani Day,235,160
2021-04-08,Rajdhani Night,379,290
2021-04-08,Sridevi,244,125
2021-04-08,Sridevi Night,127,157
2021-04-08,Time Bazar,230,470
2021-04-09,Kalyan Night,389,169
2021-04-09,Madhur Day,690,169
2021-04-09,Madhur Night,259,245
2021-04-09,Rajdhani Day,150,110
2021-04-09,Rajdhani Night,157,390
2021-04-09,Sridevi,478,339
2021-04-09,Sridevi Night,457,600
2021-04-09,Time Bazar,389,133
2021-04-10,Madhur Day,166,257
2021-04-10,Madhur Night,450,116
2021-04-10,Rajdhani Day,189,119
2021-04-10,Sridevi,149,779
2021-04-10,Sridevi Night,336,119
2021-04-10,Time Bazar,129,340
2021-04-11,Madhur Day,359,257
2021-04-11,Sridevi,399,238
2021-04-11,Sridevi Night,288,337
2021-04-11,Time Bazar,570,467
2021-04-12,Kalyan Night,347,233
2021-04-12,Madhur Day,450,457
2021-04-12,Madhur Night,134,147
2021-04-12,Rajdhani Day,340,244
2021-04-12,Rajdhani Night,167,660
2021-04-12,Sridevi,678,129
2021-04-12,Sridevi Night,146,569
2021-04-12,Time Bazar,360,456
2021-04-13,Kalyan Night,355,359
2021-04-13,Madhur Day,280,147
2021-04-13,Madhur Night,138,167
2021-04-13,Rajdhani Day,156,238
2021-04-13,Rajdhani Night,389,244
2021-04-13,Sridevi,499,268
2021-04-13,Sridevi Night,155,380
2021-04-13,Time Bazar,890,368
2021-04-14,Kalyan Night,135,157
2021-04-14,Madhur Day,557,114
2021-04-14,Madhur Night,136,677
2021-04-14,Rajdhani Day,400,127
2021-04-14,Rajdhani Night,270,360
2021-04-14,Sridevi,356,150
2021-04-14,Sridevi Night,459,126
2021-04-14,Time Bazar,588,300
2021-04-15,Kalyan Night,338,110
2021-04-15,Madhur Day,348,345
2021-04-15,Madhur Night,145,125
2021-04-15,Rajdhani Day,250,479
2021-04-15,Rajdhani Night,456,136
2021-04-15,Sridevi,667,100
2021-04-15,Sridevi Night,188,890
2021-04-15,Time Bazar,789,589
2021-04-16,Kalyan Night,267,390
2021-04-16,Madhur Day,390,440
2021-04-16,Madhur Night,337,389
2021-04-16,Rajdhani Day,138,779
2021-04-16,Rajdhani Night,137,480
2021-04-16,Sridevi,146,270
2021-04-16,Sridevi Night,339,789
2021-04-16,Time Bazar,129,178
2021-04-17,Madhur Day,110,170
2021-04-17,Madhur Night,567,144
2021-04-17,Rajdhani Day,468,478
2021-04-17,Sridevi,790,479
2021-04-17,Sridevi Night,134,136
2021-04-17,Time Bazar,466,280
2021-04-18,Madhur Day,359,668
2021-04-18,Sridevi,289,458
2021-04-18,Sridevi Night,580,679
2021-04-18,Time Bazar,445,259
2021-04-19,Kalyan Night,112,247
2021-04-19,Madhur Day,239,379
2021-04-19,Madhur Night,590,779
2021-04-19,Rajdhani Day,160,289
2021-04-19,Rajdhani Night,890,569
2021-04-19,Sridevi,370,457
2021-04-19,Sridevi Night,447,688
2021-04-19,Time Bazar,158,880
2021-04-20,Kalyan Night,160,337
2021-04-20,Madhur Day,137,588
2021-04-20,Madhur Night,360,166
2021-04-20,Rajdhani Day,233,278
2021-04-20,Rajdhani Night,350,778
2021-04-20,Sridevi,250,578
2021-04-20,Sridevi Night,235,279
2021-04-20,Time Bazar,266,577
2021-04-21,Kalyan Night,780,223
2021-04-21,Madhur Day,246,178
2021-04-21,Madhur Night,280,560
2021-04-21,Rajdhani Day,290,370
2021-04-21,Rajdhani Night,679,459
2021-04-21,Sridevi,245,137
2021-04-21,Sridevi Night,390,450
2021-04-21,Time Bazar,445,260
2021-04-22,Kalyan Night,367,279
2021-04-22,Madhur Day,567,470
2021-04-22,Madhur Night,168,688
2021-04-22,Rajdhani Day,138,350
2021-04-22,Rajdhani Night,150,670
2021-04-22,Sridevi,358,469
2021-04-22,Sridevi Night,239,356
2021-04-22,Time Bazar,227,480
2021-04-23,Kalyan Night,480,166
2021-04-23,Madhur Day,159,457
2021-04-23,Madhur Night,360,170
2021-04-23,Rajdhani Day,228,246
2021-04-23,Rajdhani Night,590,470
2021-04-23,Sridevi,236,168
2021-04-23,Sridevi Night,170,360
2021-04-23,Time Bazar,156,389
2021-04-24,Madhur Day,678,346
2021-04-24,Madhur Night,370,380
2021-04-24,Rajdhani Day,256,367
2021-04-24,Sridevi,138,122
2021-04-24,Sridevi Night,379,288
2021-04-24,Time Bazar,580,223
2021-04-25,Madhur Day,558,140
2021-04-25,Sridevi,450,255
2021-04-25,Sridevi Night,367,338
2021-04-25,Time Bazar,478,156
2021-04-26,Kalyan Night,340,369
2021-04-26,Madhur Day,345,489
2021-04-26,Madhur Night,167,178
2021-04-26,Rajdhani Day,567,244
2021-04-26,Rajdhani Night,388,148
2021-04-26,Sridevi,340,278
2021-04-26,Sridevi Night,779,558
2021-04-26,Time Bazar,123,456
2021-04-27,Kalyan Night,457,337
2021-04-27,Madhur Day,379,338
2021-04-27,Madhur Night,689,148
2021-04-27,Rajdhani Day,127,469
2021-04-27,Rajdhani Night,550,110
2021-04-27,Sridevi,246,256
2021-04-27,Sridevi Night,122,119
2021-04-27,Time Bazar,455,118
2021-04-28,Kalyan Night,569,250
2021-04-28,Madhur Day,113,399
2021-04-28,Madhur Night,667,380
2021-04-28,Rajdhani Day,770,178
2021-04-28,Rajdhani Night,350,189
2021-04-28,Sridevi,247,488
2021-04-28,Sridevi Night,177,233
2021-04-28,Time Bazar,479,780
2021-04-29,Kalyan Night,270,247
2021-04-29,Madhur Day,256,346
2021-04-29,Madhur Night,159,128
2021-04-29,Rajdhani Day,146,599
2021-04-29,Rajdhani Night,169,250
2021-04-29,Sridevi,579,234
2021-04-29,Sridevi Night,244,377
2021-04-29,Time Bazar,140,166
2021-04-30,Kalyan Night,399,456
2021-04-30,Madhur Day,124,250
2021-04-30,Madhur Night,778,266
2021-04-30,Rajdhani Day,470,149
2021-04-30,Rajdhani Night,248,789
2021-04-30,Sridevi,460,147
2021-04-30,Sridevi Night,268,145
2021-04-30,Time Bazar,170,137
2021-05-01,Madhur Day,112,349
2021-05-01,Madhur Night,390,268
2021-05-01,Rajdhani Day,244,667
2021-05-01,Sridevi,366,367
2021-05-01,Sridevi Night,350,477
2021-05-01,Time Bazar,127,336
2021-05-02,Madhur Day,379,257
2021-05-02,Sridevi,100,139
2021-05-02,Sridevi Night,179,118
2021-05-02,Time Bazar,124,348
2021-05-03,Kalyan Night,560,244
2021-05-03,Madhur Day,126,889
2021-05-03,Madhur Night,489,122
2021-05-03,Rajdhani Day,179,269
2021-05-03,Rajdhani Night,150,120
2021-05-03,Sridevi,457,199
2021-05-03,Sridevi Night,245,778
2021-05-03,Time Bazar,248,250
2021-05-04,Kalyan Night,779,890
2021-05-04,Madhur Day,379,137
2021-05-04,Madhur Night,560,136
2021-05-04,Rajdhani Day,126,190
2021-05-04,Rajdhani Night,335,489
2021-05-04,Sridevi,140,178
2021-05-04,Sridevi Night,359,290
2021-05-04,Time Bazar,599,789
2021-05-05,Kalyan Night,267,180
2021-05-05,Madhur Day,147,190
2021-05-05,Madhur Night,560,346
2021-05-05,Rajdhani Day,117,680
2021-05-05,Rajdhani Night,340,390
2021-05-05,Sridevi,388,900
2021-05-05,Sridevi Night,279,690
2021-05-05,Time Bazar,259,340
2021-05-06,Kalyan Night,158,136
2021-05-06,Madhur Day,560,677
2021-05-06,Madhur Night,468,670
2021-05-06,Rajdhani Day,590,114
2021-05-06,Rajdhani Night,249,446
2021-05-06,Sridevi,380,269
2021-05-06,Sridevi Night,389,590
2021-05-06,Time Bazar,448,299
2021-05-07,Kalyan Night,345,138
2021-05-07,Madhur Day,468,368
2021-05-07,Madhur Night,156,459
2021-05-07,Rajdhani Day,180,799
2021-05-07,Rajdhani Night,159,128
2021-05-07,Sridevi,378,789
2021-05-07,Sridevi Night,129,259
2021-05-07,Time Bazar,129,466
2021-05-08,Madhur Day,335,368
2021-05-08,Madhur Night,239,167
2021-05-08,Rajdhani Day,189,379
2021-05-08,Sridevi,490,478
2021-05-08,Sridevi Night,256,470
2021-05-08,Time Bazar,480,129
2021-05-09,Madhur Day,489,550
2021-05-09,Sridevi,148,345
2021-05-09,Sridevi Night,280,179
2021-05-09,Time Bazar,468,689
2021-05-10,Kalyan Night,568,245
2021-05-10,Madhur Day,157,680
2021-05-10,Madhur Night,226,346
2021-05-10,Rajdhani Day,338,146
2021-05-10,Rajdhani Night,168,389
2021-05-10,Sridevi,669,578
2021-05-10,Sridevi Night,168,248
2021-05-10,Time Bazar,579,590
2021-05-11,Kalyan Night,139,346
2021-05-11,Madhur Day,579,677
2021-05-11,Madhur Night,169,557
2021-05-11,Rajdhani Day,140,389
2021-05-11,Rajdhani Night,150,178
2021-05-11,Sridevi,456,169
2021-05-11,Sridevi Night,266,250
2021-05-11,Time Bazar,350,570
2021-05-12,Kalyan Night,158,267
2021-05-12,Madhur Day,260,689
2021-05-12,Madhur Night,458,578
2021-05-12,Rajdhani Day,356,115
2021-05-12,Rajdhani Night,125,158
2021-05-12,Sridevi,334,349
2021-05-12,Sridevi Night,228,155
2021-05-12,Time Bazar,788,334
2021-05-13,Kalyan Night,379,256
2021-05-13,Madhur Day,558,367
2021-05-13,Madhur Night,779,267
2021-05-13,Rajdhani Day,478,469
2021-05-13,Rajdhani Night,346,377
2021-05-13,Sridevi,690,257
2021-05-13,Sridevi Night,355,123
2021-05-13,Time Bazar,890,369
2021-05-14,Kalyan Night,117,479
2021-05-14,Madhur Day,160,377
2021-05-14,Madhur Night,567,244
2021-05-14,Rajdhani Day,449,237
2021-05-14,Rajdhani Night,356,590
2021-05-14,Sridevi,670,450
2021-05-14,Sridevi Night,468,556
2021-05-14,Time Bazar,138,366
2021-05-15,Madhur Day,890,346
2021-05-15,Madhur Night,140,368
2021-05-15,Rajdhani Day,469,349
2021-05-15,Sridevi,229,679
2021-05-15,Sridevi Night,570,379
2021-05-15,Time Bazar,233,900
2021-05-16,Madhur Day,289,278
2021-05-16,Sridevi,778,335
2021-05-16,Sridevi Night,479,260
2021-05-16,Time Bazar,246,155
2021-05-17,Kalyan Night,156,688
2021-05-17,Madhur Day,158,349
2021-05-17,Madhur Night,226,390
2021-05-17,Rajdhani Day,390,669
2021-05-17,Rajdhani Night,126,167
2021-05-17,Sridevi,338,890
2021-05-17,Sridevi Night,588,170
2021-05-17,Time Bazar,458,135
2021-05-18,Kalyan Night,223,144
2021-05-18,Madhur Day,170,450
2021-05-18,Madhur Night,156,348
2021-05-18,Rajdhani Day,358,268
2021-05-18,Rajdhani Night,456,489
2021-05-18,Sridevi,136,238
2021-05-18,Sridevi Night,390,150
2021-05-18,Time Bazar,399,257
2021-05-19,Kalyan Night,260,156
2021-05-19,Madhur Day,148,446
2021-05-19,Madhur Night,346,355
2021-05-19,Rajdhani Day,568,249
2021-05-19,Rajdhani Night,445,349
2021-05-19,Sridevi,157,467
2021-05-19,Sridevi Night,567,366
2021-05-19,Time Bazar,157,260
2021-05-20,Kalyan Night,799,370
2021-05-20,Madhur Day,236,124
2021-05-20,Madhur Night,460,456
2021-05-20,Rajdhani Day,590,225
2021-05-20,Rajdhani Night,479,567
2021-05-20,Sridevi,459,249
2021-05-20,Sridevi Night,790,677
2021-05-20,Time Bazar,277,458
2021-05-21,Kalyan Night,699,260
2021-05-21,Madhur Day,360,124
2021-05-21,Madhur Night,240,579
2021-05-21,Rajdhani Day,145,240
2021-05-21,Rajdhani Night,699,347
2021-05-21,Sridevi,568,389
2021-05-21,Sridevi Night,347,380
2021-05-21,Time Bazar,688,588
2021-05-22,Madhur Day,267,279
2021-05-22,Madhur Night,890,188
2021-05-22,Rajdhani Day,677,366
2021-05-22,Sridevi,235,289
2021-05-22,Sridevi Night,789,680
2021-05-22,Time Bazar,457,230
2021-05-23,Madhur Day,370,779
2021-05-23,Sridevi,168,360
2021-05-23,Sridevi Night,255,189
2021-05-23,Time Bazar,590,236
2021-05-24,Kalyan Night,357,488
2021-05-24,Madhur Day,368,269
2021-05-24,Madhur Night,450,400
2021-05-24,Rajdhani Day,268,370
2021-05-24,Rajdhani Night,580,370
2021-05-24,Sridevi,560,160
2021-05-24,Sridevi Night,299,389
2021-05-24,Time Bazar,789,148
2021-05-25,Kalyan Night,137,227
2021-05-25,Madhur Day,235,469
2021-05-25,Madhur Night,667,156
2021-05-25,Rajdhani Day,369,148
2021-05-25,Rajdhani Night,780,134
2021-05-25,Sridevi,258,380
2021-05-25,Sridevi Night,147,378
2021-05-25,Time Bazar,146,338
2021-05-26,Kalyan Night,456,466
2021-05-26,Madhur Day,225,456
2021-05-26,Madhur Night,260,278
2021-05-26,Rajdhani Day,126,299
2021-05-26,Rajdhani Night,257,250
2021-05-26,Sridevi,118,135
2021-05-26,Sridevi Night,240,239
2021-05-26,Time Bazar,149,330
2021-05-27,Kalyan Night,135,240
2021-05-27,Madhur Day,579,577
2021-05-27,Madhur Night,112,669
2021-05-27,Rajdhani Day,568,269
2021-05-27,Rajdhani Night,578,233
2021-05-27,Sridevi,458,889
2021-05-27,Sridevi Night,139,258
2021-05-27,Time Bazar,239,236
2021-05-28,Kalyan Night,145,470
2021-05-28,Madhur Day,489,268
2021-05-28,Madhur Night,267,115
2021-05-28,Rajdhani Day,149,588
2021-05-28,Rajdhani Night,460,900
2021-05-28,Sridevi,290,145
2021-05-28,Sridevi Night,180,360
2021-05-28,Time Bazar,800,136
2021-05-29,Madhur Day,990,169
2021-05-29,Madhur Night,456,369
2021-05-29,Rajdhani Day,289,237
2021-05-29,Sridevi,688,445
2021-05-29,Sridevi Night,458,135
2021-05-29,Time Bazar,379,130
2021-05-30,Madhur Day,680,140
2021-05-30,Sridevi,660,456
2021-05-30,Sridevi Night,457,125
2021-05-30,Time Bazar,124,450
2021-05-31,Kalyan Night,134,680
2021-05-31,Madhur Day,169,900
2021-05-31,Madhur Night,179,389
2021-05-31,Rajdhani Day,330,458
2021-05-31,Rajdhani Night,670,778
2021-05-31,Sridevi,446,300
2021-05-31,Sridevi Night,236,370
2021-05-31,Time Bazar,128,225
2021-06-01,Kalyan Night,169,188
2021-06-01,Madhur Day,346,389
2021-06-01,Madhur Night,468,345
2021-06-01,Rajdhani Day,280,128
2021-06-01,Rajdhani Night,248,167
2021-06-01,Sridevi,158,247
2021-06-01,Sridevi Night,178,480
2021-06-01,Time Bazar,780,245
2021-06-02,Kalyan Night,126,269
2021-06-02,Madhur Day,170,124
2021-06-02,Madhur Night,118,688
2021-06-02,Rajdhani Day,340,339
2021-06-02,Rajdhani Night,146,145
2021-06-02,Sridevi,899,223
2021-06-02,Sridevi Night,348,456
2021-06-02,Time Bazar,158,140
2021-06-03,Kalyan Night,279,117
2021-06-03,Madhur Day,468,389
2021-06-03,Madhur Night,280,140
2021-06-03,Rajdhani Day,146,155
2021-06-03,Rajdhani Night,678,390
2021-06-03,Sridevi,559,246
2021-06-03,Sridevi Night,336,369
2021-06-03,Time Bazar,480,159
2021-06-04,Kalyan Night,149,358
2021-06-04,Madhur Day,349,347
2021-06-04,Madhur Night,489,166
2021-06-04,Rajdhani Day,389,160
2021-06-04,Rajdhani Night,445,349
2021-06-04,Sridevi,368,489
2021-06-04,Sridevi Night,257,699
2021-06-04,Time Bazar,129,246
2021-06-05,Madhur Day,128,270
2021-06-05,Madhur Night,890,477
2021-06-05,Rajdhani Day,478,235
2021-06-05,Sridevi,137,138
2021-06-05,Sridevi Night,280,579
2021-06-05,Time Bazar,278,150
2021-06-06,Madhur Day,588,134
2021-06-06,Sridevi,128,170
2021-06-06,Sridevi Night,358,578
2021-06-06,Time Bazar,130,267
2021-06-07,Kalyan Night,590,110
2021-06-07,Madhur Day,133,268
2021-06-07,Madhur Night,379,450
2021-06-07,Rajdhani Day,450,159
2021-06-07,Rajdhani Night,160,159
2021-06-07,Sridevi,256,779
2021-06-07,Sridevi Night,234,469
2021-06-07,Time Bazar,379,450
2021-06-08,Kalyan Night,600,159
2021-06-08,Madhur Day,990,468
2021-06-08,Madhur Night,160,155
2021-06-08,Rajdhani Day,799,236
2021-06-08,Rajdhani Night,599,345
2021-06-08,Sridevi,127,337
2021-06-08,Sridevi Night,156,149
2021-06-08,Time Bazar,369,367
2021-06-09,Kalyan Night,480,139
2021-06-09,Madhur Day,567,670
2021-06-09,Madhur Night,200,179
2021-06-09,Rajdhani Day,169,168
2021-06-09,Rajdhani Night,227,455
2021-06-09,Sridevi,140,280
2021-06-09,Sridevi Night,367,479
2021-06-09,Time Bazar,470,120
2021-06-10,Kalyan Night,670,679
2021-06-10,Madhur Day,340,488
2021-06-10,Madhur Night,280,457
2021-06-10,Rajdhani Day,366,338
2021-06-10,Rajdhani Night,118,116
2021-06-10,Sridevi,789,579
2021-06-10,Sridevi Night,368,235
2021-06-10,Time Bazar,379,478
2021-06-11,Kalyan Night,237,149
2021-06-11,Madhur Day,689,234
2021-06-11,Madhur Night,336,889
2021-06-11,Rajdhani Day,590,367
2021-06-11,Rajdhani Night,246,240
2021-06-11,Sridevi,249,560
2021-06-11,Sridevi Night,137,256
2021-06-11,Time Bazar,130,250
2021-06-12,Madhur Day,278,158
2021-06-12,Madhur Night,118,445
2021-06-12,Rajdhani Day,400,570
2021-06-12,Sridevi,279,239
2021-06-12,Sridevi Night,177,679
2021-06-12,Time Bazar,158,280
2021-06-13,Madhur Day,677,236
2021-06-13,Sridevi,359,790
2021-06-13,Sridevi Night,226,577
2021-06-13,Time Bazar,125,146
2021-06-14,Kalyan Night,360,440
2021-06-14,Madhur Day,590,269
2021-06-14,Madhur Night,490,378
2021-06-14,Rajdhani Day,237,479
2021-06-14,Rajdhani Night,140,468
2021-06-14,Sridevi,267,456
2021-06-14,Sridevi Night,134,145
2021-06-14,Time Bazar,236,236
2021-06-15,Kalyan Night,489,568
2021-06-15,Madhur Day,148,357
2021-06-15,Madhur Night,239,247
2021-06-15,Rajdhani Day,568,289
2021-06-15,Rajdhani Night,780,120
2021-06-15,Sridevi,247,115
2021-06-15,Sridevi Night,688,246
2021-06-15,Time Bazar,125,380
2021-06-16,Kalyan Night,348,468
2021-06-16,Madhur Day,369,238
2021-06-16,Madhur Night,155,167
2021-06-16,Rajdhani Day,880,249
2021-06-16,Rajdhani Night,670,149
2021-06-16,Sridevi,379,589
2021-06-16,Sridevi Night,118,990
2021-06-16,Time Bazar,679,345
2021-06-17,Kalyan Night,479,600
2021-06-17,Madhur Day,347,137
2021-06-17,Madhur Night,670,136
2021-06-17,Rajdhani Day,380,246
2021-06-17,Rajdhani Night,112,678
2021-06-17,Sridevi,800,599
2021-06-17,Sridevi Night,114,466
2021-06-17,Time Bazar,477,167
2021-06-18,Kalyan Night,456,300
2021-06-18,Madhur Day,699,440
2021-06-18,Madhur Night,269,123
2021-06-18,Rajdhani Day,467,447
2021-06-18,Rajdhani Night,670,255
2021-06-18,Sridevi,355,157
2021-06-18,Sridevi Night,338,557
2021-06-18,Time Bazar,167,125
2021-06-19,Madhur Day,267,456
2021-06-19,Madhur Night,356,579
2021-06-19,Rajdhani Day,366,347
2021-06-19,Sridevi,110,469
2021-06-19,Sridevi Night,890,399
2021-06-19,Time Bazar,469,220
2021-06-20,Madhur Day,288,340
2021-06-20,Sridevi,149,226
2021-06-20,Sridevi Night,567,478
2021-06-20,Time Bazar,357,258
2021-06-21,Kalyan Night,166,459
2021-06-21,Madhur Day,689,156
2021-06-21,Madhur Night,456,257
2021-06-21,Rajdhani Day,560,450
2021-06-21,Rajdhani Night,136,799
2021-06-21,Sridevi,113,778
2021-06-21,Sridevi Night,127,346
2021-06-21,Time Bazar,334,466
2021-06-22,Kalyan Night,135,367
2021-06-22,Madhur Day,136,469
2021-06-22,Madhur Night,334,780
2021-06-22,Rajdhani Day,577,235
2021-06-22,Rajdhani Night,679,390
2021-06-22,Sridevi,230,228
2021-06-22,Sridevi Night,357,388
2021-06-22,Time Bazar,688,445
2021-06-23,Kalyan Night,248,160
2021-06-23,Madhur Day,580,156
2021-06-23,Madhur Night,478,680
2021-06-23,Rajdhani Day,356,344
2021-06-23,Rajdhani Night,150,234
2021-06-23,Sridevi,160,289
2021-06-23,Sridevi Night,233,234
2021-06-23,Time Bazar,470,677
2021-06-24,Kalyan Night,489,290
2021-06-24,Madhur Day,245,380
2021-06-24,Madhur Night,140,460
2021-06-24,Rajdhani Day,470,500
2021-06-24,Rajdhani Night,348,569
2021-06-24,Sridevi,455,569
2021-06-24,Sridevi Night,229,449
2021-06-24,Time Bazar,358,560
2021-06-25,Kalyan Night,247,889
2021-06-25,Madhur Day,158,567
2021-06-25,Madhur Night,800,129
2021-06-25,Rajdhani Day,160,240
2021-06-25,Rajdhani Night,235,467
2021-06-25,Sridevi,567,137
2021-06-25,Sridevi Night,680,167
2021-06-25,Time Bazar,488,559
2021-06-26,Madhur Day,116,239
2021-06-26,Madhur Night,679,220
2021-06-26,Rajdhani Day,227,149
2021-06-26,Sridevi,700,338
2021-06-26,Sridevi Night,889,124
2021-06-26,Time Bazar,367,446
2021-06-27,Madhur Day,248,469
2021-06-27,Sridevi,470,225
2021-06-27,Sridevi Night,100,550
2021-06-27,Time Bazar,358,128
2021-06-28,Kalyan Night,300,788
2021-06-28,Madhur Day,478,157
2021-06-28,Madhur Night,124,190
2021-06-28,Rajdhani Day,126,170
2021-06-28,Rajdhani Night,466,278
2021-06-28,Sridevi,556,136
2021-06-28,Sridevi Night,157,490
2021-06-28,Time Bazar,258,177
2021-06-29,Kalyan Night,255,259
2021-06-29,Madhur Day,349,234
2021-06-29,Madhur Night,148,356
2021-06-29,Rajdhani Day,590,220
2021-06-29,Rajdhani Night,180,138
2021-06-29,Sridevi,178,248
2021-06-29,Sridevi Night,379,679
2021-06-29,Time Bazar,450,360
2021-06-30,Kalyan Night,579,368
2021-06-30,Madhur Day,356,349
2021-06-30,Madhur Night,178,140
2021-06-30,Rajdhani Day,156,123
2021-06-30,Rajdhani Night,390,345
2021-06-30,Sridevi,590,578
2021-06-30,Sridevi Night,269,700
2021-06-30,Time Bazar,557,390
2021-07-01,Kalyan Night,120,228
2021-07-01,Madhur Day,135,166
2021-07-01,Madhur Night,236,290
2021-07-01,Rajdhani Day,890,125
2021-07-01,Rajdhani Night,340,280
2021-07-01,Sridevi,367,370
2021-07-01,Sridevi Night,112,290
2021-07-01,Time Bazar,120,180
2021-07-02,Kalyan Night,680,440
2021-07-02,Madhur Day,239,690
2021-07-02,Madhur Night,349,450
2021-07-02,Rajdhani Day,246,590
2021-07-02,Rajdhani Night,136,135
2021-07-02,Sridevi,369,260
2021-07-02,Sridevi Night,244,330
2021-07-02,Time Bazar,580,358
2021-07-03,Madhur Day,259,689
2021-07-03,Madhur Night,770,469
2021-07-03,Rajdhani Day,155,237
2021-07-03,Sridevi,120,458
2021-07-03,Sridevi Night,155,589
2021-07-03,Time Bazar,156,267
2021-07-04,Madhur Day,389,247
2021-07-04,Sridevi,189,269
2021-07-04,Sridevi Night,345,158
2021-07-04,Time Bazar,390,159
2021-07-05,Kalyan Night,190,234
2021-07-05,Madhur Day,359,246
2021-07-05,Madhur Night,125,156
2021-07-05,Rajdhani Day,460,135
2021-07-05,Rajdhani Night,126,458
2021-07-05,Sridevi,889,227
2021-07-05,Sridevi Night,249,348
2021-07-05,Time Bazar,280,115
2021-07-06,Kalyan Night,578,478
2021-07-06,Madhur Day,159,125
2021-07-06,Madhur Night,139,348
2021-07-06,Rajdhani Day,355,139
2021-07-06,Rajdhani Night,660,299
2021-07-06,Sridevi,990,448
2021-07-06,Sridevi Night,578,238
2021-07-06,Time Bazar,122,367
2021-07-07,Kalyan Night,140,168
2021-07-07,Madhur Day,190,677
2021-07-07,Madhur Night,278,349
2021-07-07,Rajdhani Day,248,124
2021-07-07,Rajdhani Night,690,900
2021-07-07,Sridevi,288,135
2021-07-07,Sridevi Night,248,459
2021-07-07,Time Bazar,278,259
2021-07-08,Kalyan Night,459,167
2021-07-08,Madhur Day,178,299
2021-07-08,Madhur Night,356,780
2021-07-08,Rajdhani Day,140,113
2021-07-08,Rajdhani Night,358,159
2021-07-08,Sridevi,899,356
2021-07-08,Sridevi Night,678,569
2021-07-08,Time Bazar,389,560
2021-07-09,Kalyan Night,478,447
2021-07-09,Madhur Day,223,234
2021-07-09,Madhur Night,890,458
2021-07-09,Rajdhani Day,368,289
2021-07-09,Rajdhani Night,290,248
2021-07-09,Sridevi,236,144
2021-07-09,Sridevi Night,147,136
2021-07-09,Time Bazar,445,135
2021-07-10,Madhur Day,345,668
2021-07-10,Madhur Night,267,348
2021-07-10,Rajdhani Day,770,190
2021-07-10,Sridevi,256,467
2021-07-10,Sridevi Night,359,440
2021-07-10,Time Bazar,689,660
2021-07-11,Madhur Day,899,160
2021-07-11,Sridevi,258,180
2021-07-11,Sridevi Night,225,448
2021-07-11,Time Bazar,234,235
2021-07-12,Kalyan Night,278,356
2021-07-12,Madhur Day,136,567
2021-07-12,Madhur Night,235,890
2021-07-12,Rajdhani Day,350,156
2021-07-12,Rajdhani Night,678,226
2021-07-12,Sridevi,179,357
2021-07-12,Sridevi Night,880,220
2021-07-12,Time Bazar,470,150
2021-07-13,Kalyan Night,248,279
2021-07-13,Madhur Day,115,167
2021-07-13,Madhur Night,600,126
2021-07-13,Rajdhani Day,456,440
2021-07-13,Rajdhani Night,370,236
2021-07-13,Sridevi,233,399
2021-07-13,Sridevi Night,267,800
2021-07-13,Time Bazar,180,660
2021-07-14,Kalyan Night,470,238
2021-07-14,Madhur Day,236,278
2021-07-14,Madhur Night,590,880
2021-07-14,Rajdhani Day,600,260
2021-07-14,Rajdhani Night,366,237
2021-07-14,Sridevi,338,335
2021-07-14,Sridevi Night,400,455
2021-07-14,Time Bazar,116,360
2021-07-15,Kalyan Night,800,358
2021-07-15,Madhur Day,457,248
2021-07-15,Madhur Night,569,114
2021-07-15,Rajdhani Day,138,136
2021-07-15,Rajdhani Night,880,790
2021-07-15,Sridevi,390,235
2021-07-15,Sridevi Night,160,890
2021-07-15,Time Bazar,167,149
2021-07-16,Kalyan Night,589,125
2021-07-16,Madhur Day,245,200
2021-07-16,Madhur Night,260,234
2021-07-16,Rajdhani Day,230,890
2021-07-16,Rajdhani Night,699,225
2021-07-16,Sridevi,579,158
2021-07-16,Sridevi Night,360,399
2021-07-16,Time Bazar,179,678
2021-07-17,Madhur Day,238,137
2021-07-17,Madhur Night,248,457
2021-07-17,Rajdhani Day,158,568
2021-07-17,Sridevi,128,257
2021-07-17,Sridevi Night,779,370
2021-07-17,Time Bazar,368,128
2021-07-18,Madhur Day,247,488
2021-07-18,Sridevi,126,558
2021-07-18,Sridevi Night,389,590
2021-07-18,Time Bazar,690,377
2021-07-19,Kalyan Night,229,336
2021-07-19,Madhur Day,456,247
2021-07-19,Madhur Night,223,388
2021-07-19,Rajdhani Day,788,230
2021-07-19,Rajdhani Night,450,370
2021-07-19,Sridevi,690,379
2021-07-19,Sridevi Night,257,788
2021-07-19,Time Bazar,490,340
2021-07-20,Kalyan Night,338,178
2021-07-20,Madhur Day,156,144
2021-07-20,Madhur Night,780,550
2021-07-20,Rajdhani Day,290,239
2021-07-20,Rajdhani Night,689,140
2021-07-20,Sridevi,358,255
2021-07-20,Sridevi Night,344,128
2021-07-20,Time Bazar,145,249
2021-07-21,Kalyan Night,899,257
2021-07-21,Madhur Day,223,578
2021-07-21,Madhur Night,777,290
2021-07-21,Rajdhani Day,246,340
2021-07-21,Rajdhani Night,489,223
2021-07-21,Sridevi,178,366
2021-07-21,Sridevi Night,177,470
2021-07-21,Time Bazar,344,369
2021-07-22,Kalyan Night,470,670
2021-07-22,Madhur Day,790,338
2021-07-22,Madhur Night,134,135
2021-07-22,Rajdhani Day,569,890
2021-07-22,Rajdhani Night,278,369
2021-07-22,Sridevi,367,389
2021-07-22,Sridevi Night,336,138
2021-07-22,Time Bazar,125,128
2021-07-23,Kalyan Night,770,579
2021-07-23,Madhur Day,470,667
2021-07-23,Madhur Night,669,369
2021-07-23,Rajdhani Day,126,260
2021-07-23,Rajdhani Night,590,880
2021-07-23,Sridevi,269,147
2021-07-23,Sridevi Night,235,378
2021-07-23,Time Bazar,379,890
2021-07-24,Madhur Day,680,789
2021-07-24,Madhur Night,580,470
2021-07-24,Rajdhani Day,690,240
2021-07-24,Sridevi,458,168
2021-07-24,Sridevi Night,189,239
2021-07-24,Time Bazar,229,358
2021-07-25,Madhur Day,489,289
2021-07-25,Sridevi,789,156
2021-07-25,Sridevi Night,449,145
2021-07-25,Time Bazar,113,220
2021-07-26,Kalyan Night,449,237
2021-07-26,Madhur Day,169,256
2021-07-26,Madhur Night,147,457
2021-07-26,Rajdhani Day,778,279
2021-07-26,Rajdhani Night,340,459
2021-07-26,Sridevi,280,269
2021-07-26,Sridevi Night,790,135
2021-07-26,Time Bazar,188,357
2021-07-27,Kalyan Night,459,499
2021-07-27,Madhur Day,168,389
2021-07-27,Madhur Night,249,129
2021-07-27,Rajdhani Day,446,356
2021-07-27,Rajdhani Night,470,360
2021-07-27,Sridevi,244,370
2021-07-27,Sridevi Night,369,400
2021-07-27,Time Bazar,690,129
2021-07-28,Kalyan Night,120,558
2021-07-28,Madhur Day,267,170
2021-07-28,Madhur Night,158,699
2021-07-28,Rajdhani Day,256,290
2021-07-28,Rajdhani Night,228,400
2021-07-28,Sridevi,224,477
2021-07-28,Sridevi Night,125,489
2021-07-28,Time Bazar,599,580
2021-07-29,Kalyan Night,133,127
2021-07-29,Madhur Day,268,450
2021-07-29,Madhur Night,135,350
2021-07-29,Rajdhani Day,279,390
2021-07-29,Rajdhani Night,580,348
2021-07-29,Sridevi,344,569
2021-07-29,Sridevi Night,660,246
2021-07-29,Time Bazar,359,370
2021-07-30,Kalyan Night,477,230
2021-07-30,Madhur Day,118,367
2021-07-30,Madhur Night,570,789
2021-07-30,Rajdhani Day,125,235
2021-07-30,Rajdhani Night,246,900
2021-07-30,Sridevi,240,245
2021-07-30,Sridevi Night,117,479
2021-07-30,Time Bazar,349,446
2021-07-31,Madhur Day,799,357
2021-07-31,Madhur Night,178,460
2021-07-31,Rajdhani Day,255,200
2021-07-31,Sridevi,368,480
2021-07-31,Sridevi Night,667,126
2021-07-31,Time Bazar,668,244
2021-08-01,Madhur Day,126,268
2021-08-01,Sridevi,679,230
2021-08-01,Sridevi Night,670,668
2021-08-01,Time Bazar,470,990
2021-08-02,Kalyan Night,178,380
2021-08-02,Madhur Day,134,678
2021-08-02,Madhur Night,199,157
2021-08-02,Rajdhani Day,568,156
2021-08-02,Rajdhani Night,134,140
2021-08-02,Sridevi,378,440
2021-08-02,Sridevi Night,200,599
2021-08-02,Time Bazar,688,145
2021-08-03,Kalyan Night,289,169
2021-08-03,Madhur Day,679,129
2021-08-03,Madhur Night,120,126
2021-08-03,Rajdhani Day,458,245
2021-08-03,Rajdhani Night,115,225
2021-08-03,Sridevi,780,278
2021-08-03,Sridevi Night,245,167
2021-08-03,Time Bazar,146,112
2021-08-04,Kalyan Night,567,359
2021-08-04,Madhur Day,245,790
2021-08-04,Madhur Night,468,380
2021-08-04,Rajdhani Day,146,799
2021-08-04,Rajdhani Night,159,578
2021-08-04,Sridevi,239,459
2021-08-04,Sridevi Night,238,129
2021-08-04,Time Bazar,125,570
2021-08-05,Kalyan Night,550,277
2021-08-05,Madhur Day,167,288
2021-08-05,Madhur Night,128,199
2021-08-05,Rajdhani Day,129,179
2021-08-05,Rajdhani Night,226,990
2021-08-05,Sridevi,256,267
2021-08-05,Sridevi Night,156,346
2021-08-05,Time Bazar,790,589
2021-08-06,Kalyan Night,190,357
2021-08-06,Madhur Day,559,455
2021-08-06,Madhur Night,119,237
2021-08-06,Rajdhani Day,169,579
2021-08-06,Rajdhani Night,224,230
2021-08-06,Sridevi,379,455
2021-08-06,Sridevi Night,460,146
2021-08-06,Time Bazar,990,255
2021-08-07,Madhur Day,389,356
2021-08-07,Madhur Night,279,178
2021-08-07,Rajdhani Day,449,679
2021-08-07,Sridevi,229,266
2021-08-07,Sridevi Night,679,359
2021-08-07,Time Bazar,349,170
2021-08-08,Madhur Day,570,160
2021-08-08,Sridevi,268,700
2021-08-08,Sridevi Night,289,137
2021-08-08,Time Bazar,260,136
2021-08-09,Kalyan Night,160,144
2021-08-09,Madhur Day,490,238
2021-08-09,Madhur Night,360,440
2021-08-09,Rajdhani Day,589,445
2021-08-09,Rajdhani Night,133,158
2021-08-09,Sridevi,169,223
2021-08-09,Sridevi Night,577,145
2021-08-09,Time Bazar,389,458
2021-08-10,Kalyan Night,790,278
2021-08-10,Madhur Day,124,114
2021-08-10,Madhur Night,248,480
2021-08-10,Rajdhani Day,367,359
2021-08-10,Rajdhani Night,189,178
2021-08-10,Sridevi,588,580
2021-08-10,Sridevi Night,456,147
2021-08-10,Time Bazar,236,350
2021-08-11,Kalyan Night,356,780
2021-08-11,Madhur Day,115,238
2021-08-11,Madhur Night,235,779
2021-08-11,Rajdhani Day,399,230
2021-08-11,Rajdhani Night,256,344
2021-08-11,Sridevi,669,377
2021-08-11,Sridevi Night,250,690
2021-08-11,Time Bazar,449,260
2021-08-12,Kalyan Night,145,220
2021-08-12,Madhur Day,790,460
2021-08-12,Madhur Night,156,459
2021-08-12,Rajdhani Day,116,125
2021-08-12,Rajdhani Night,799,345
2021-08-12,Sridevi,699,578
2021-08-12,Sridevi Night,237,688
2021-08-12,Time Bazar,134,880
2021-08-13,Kalyan Night,345,199
2021-08-13,Madhur Day,479,377
2021-08-13,Madhur Night,113,367
2021-08-13,Rajdhani Day,127,256
2021-08-13,Rajdhani Night,160,169
2021-08-13,Sridevi,236,124
2021-08-13,Sridevi Night,600,468
2021-08-13,Time Bazar,568,147
2021-08-14,Madhur Day,567,345
2021-08-14,Madhur Night,559,889
2021-08-14,Rajdhani Day,330,499
2021-08-14,Sridevi,118,299
2021-08-14,Sridevi Night,111,127
2021-08-14,Time Bazar,129,347
2021-08-16,Kalyan Night,449,139
2021-08-16,Madhur Day,370,379
2021-08-16,Madhur Night,347,227
2021-08-16,Rajdhani Day,570,129
2021-08-16,Rajdhani Night,136,256
2021-08-16,Sridevi,688,566
2021-08-16,Sridevi Night,579,358
2021-08-16,Time Bazar,567,290
2021-08-17,Kalyan Night,480,147
2021-08-17,Madhur Day,449,689
2021-08-17,Madhur Night,358,190
2021-08-17,Rajdhani Day,256,260
2021-08-17,Rajdhani Night,346,134
2021-08-17,Sridevi,188,340
2021-08-17,Sridevi Night,378,266
2021-08-17,Time Bazar,258,259
2021-08-18,Kalyan Night,145,889
2021-08-18,Madhur Day,589,224
2021-08-18,Madhur Night,345,330
2021-08-18,Rajdhani Day,679,139
2021-08-18,Rajdhani Night,888,550
2021-08-18,Sridevi,445,226
2021-08-18,Sridevi Night,270,469
2021-08-18,Time Bazar,567,225
2021-08-19,Kalyan Night,227,170
2021-08-19,Madhur Day,340,123
2021-08-19,Madhur Night,258,247
2021-08-19,Rajdhani Day,359,488
2021-08-19,Rajdhani Night,158,125
2021-08-19,Sridevi,350,279
2021-08-19,Sridevi Night,556,139
2021-08-19,Time Bazar,900,680
2021-08-20,Kalyan Night,150,269
2021-08-20,Madhur Day,200,257
2021-08-20,Madhur Night,449,258
2021-08-20,Rajdhani Day,599,239
2021-08-20,Rajdhani Night,122,139
2021-08-20,Sridevi,260,468
2021-08-20,Sridevi Night,157,236
2021-08-20,Time Bazar,347,369
2021-08-21,Madhur Day,689,378
2021-08-21,Madhur Night,150,158
2021-08-21,Rajdhani Day,113,168
2021-08-21,Sridevi,479,448
2021-08-21,Sridevi Night,568,233
2021-08-21,Time Bazar,137,569
2021-08-22,Sridevi,678,590
2021-08-22,Sridevi Night,569,337
2021-08-23,Kalyan Night,478,228
2021-08-23,Madhur Day,235,250
2021-08-23,Madhur Night,120,689
2021-08-23,Rajdhani Day,278,359
2021-08-23,Rajdhani Night,459,460
2021-08-23,Sridevi,790,460
2021-08-23,Sridevi Night,133,588
2021-08-23,Time Bazar,245,340
2021-08-24,Kalyan Night,269,238
2021-08-24,Madhur Day,680,356
2021-08-24,Madhur Night,334,679
2021-08-24,Rajdhani Day,668,146
2021-08-24,Rajdhani Night,156,249
2021-08-24,Sridevi,567,160
2021-08-24,Sridevi Night,489,278
2021-08-24,Time Bazar,168,456
2021-08-25,Kalyan Night,679,347
2021-08-25,Madhur Day,680,245
2021-08-25,Madhur Night,688,400
2021-08-25,Rajdhani Day,268,140
2021-08-25,Rajdhani Night,550,480
2021-08-25,Sridevi,440,147
2021-08-25,Sridevi Night,268,799
2021-08-25,Time Bazar,178,228
2021-08-26,Kalyan Night,458,355
2021-08-26,Madhur Day,579,280
2021-08-26,Madhur Night,489,355
2021-08-26,Rajdhani Day,469,590
2021-08-26,Rajdhani Night,569,356
2021-08-26,Sridevi,370,569
2021-08-26,Sridevi Night,450,366
2021-08-26,Time Bazar,579,340
2021-08-27,Kalyan Night,470,679
2021-08-27,Madhur Day,448,226
2021-08-27,Madhur Night,236,677
2021-08-27,Rajdhani Day,344,778
2021-08-27,Rajdhani Night,277,240
2021-08-27,Sridevi,469,380
2021-08-27,Sridevi Night,248,580
2021-08-27,Time Bazar,147,900
2021-08-28,Madhur Day,124,330
2021-08-28,Madhur Night,229,689
2021-08-28,Rajdhani Day,124,568
2021-08-28,Sridevi,135,170
2021-08-28,Sridevi Night,349,260
2021-08-28,Time Bazar,688,157
2021-08-29,Madhur Day,370,358
2021-08-29,Sridevi,257,459
2021-08-29,Sridevi Night,130,368
2021-08-29,Time Bazar,378,136
2021-08-30,Kalyan Night,246,770
2021-08-30,Madhur Day,248,990
2021-08-30,Madhur Night,457,350
2021-08-30,Rajdhani Day,570,258
2021-08-30,Rajdhani Night,570,115
2021-08-30,Sridevi,290,117
2021-08-30,Sridevi Night,479,256
2021-08-30,Time Bazar,469,577
2021-08-31,Kalyan Night,146,169
2021-08-31,Madhur Day,160,236
2021-08-31,Madhur Night,358,789
2021-08-31,Rajdhani Day,136,689
2021-08-31,Rajdhani Night,249,460
2021-08-31,Sridevi,359,340
2021-08-31,Sridevi Night,450,168
2021-08-31,Time Bazar,114,448
2021-09-01,Kalyan Night,335,112
2021-09-01,Madhur Day,258,248
2021-09-01,Madhur Night,278,159
2021-09-01,Rajdhani Day,270,780
2021-09-01,Rajdhani Night,144,167
2021-09-01,Sridevi,360,125
2021-09-01,Sridevi Night,550,124
2021-09-01,Time Bazar,459,679
2021-09-02,Kalyan Night,368,455
2021-09-02,Madhur Day,370,280
2021-09-02,Madhur Night,237,157
2021-09-02,Rajdhani Day,337,590
2021-09-02,Rajdhani Night,180,467
2021-09-02,Sridevi,160,478
2021-09-02,Sridevi Night,380,345
2021-09-02,Time Bazar,255,566
2021-09-03,Kalyan Night,379,789
2021-09-03,Madhur Day,189,270
2021-09-03,Madhur Night,480,180
2021-09-03,Rajdhani Day,129,177
2021-09-03,Rajdhani Night,360,179
2021-09-03,Sridevi,246,267
2021-09-03,Sridevi Night,678,560
2021-09-03,Time Bazar,128,688
2021-09-04,Madhur Day,257,489
2021-09-04,Madhur Night,470,135
2021-09-04,Rajdhani Day,560,345
2021-09-04,Sridevi,689,458
2021-09-04,Sridevi Night,267,159
2021-09-04,Time Bazar,680,449
2021-09-05,Madhur Day,590,238
2021-09-05,Sridevi,338,127
2021-09-05,Sridevi Night,457,490
2021-09-05,Time Bazar,148,236
2021-09-06,Kalyan Night,224,700
2021-09-06,Madhur Day,260,256
2021-09-06,Madhur Night,236,899
2021-09-06,Rajdhani Day,167,458
2021-09-06,Rajdhani Night,128,237
2021-09-06,Sridevi,145,259
2021-09-06,Sridevi Night,180,357
2021-09-06,Time Bazar,670,679
2021-09-07,Kalyan Night,778,235
2021-09-07,Madhur Day,257,160
2021-09-07,Madhur Night,245,478
2021-09-07,Rajdhani Day,390,339
2021-09-07,Rajdhani Night,190,345
2021-09-07,Sridevi,349,114
2021-09-07,Sridevi Night,189,159
2021-09-07,Time Bazar,480,344
2021-09-08,Kalyan Night,345,190
2021-09-08,Madhur Day,577,899
2021-09-08,Madhur Night,120,350
2021-09-08,Rajdhani Day,149,160
2021-09-08,Rajdhani Night,268,470
2021-09-08,Sridevi,167,180
2021-09-08,Sridevi Night,223,137
2021-09-08,Time Bazar,340,347
2021-09-09,Kalyan Night,566,246
2021-09-09,Madhur Day,119,370
2021-09-09,Madhur Night,678,379
2021-09-09,Rajdhani Day,778,135
2021-09-09,Rajdhani Night,127,267
2021-09-09,Sridevi,789,388
2021-09-09,Sridevi Night,346,689
2021-09-09,Time Bazar,340,260
2021-09-10,Kalyan Night,790,114
2021-09-10,Madhur Day,589,135
2021-09-10,Madhur Night,239,158
2021-09-10,Rajdhani Day,234,556
2021-09-10,Rajdhani Night,269,149
2021-09-10,Sridevi,345,567
2021-09-10,Sridevi Night,446,340
2021-09-10,Time Bazar,159,355
2021-09-11,Madhur Day,234,360
2021-09-11,Madhur Night,249,278
2021-09-11,Rajdhani Day,250,120
2021-09-11,Sridevi,347,369
2021-09-11,Sridevi Night,489,249
2021-09-12,Madhur Day,348,135
2021-09-12,Sridevi,358,236
2021-09-12,Sridevi Night,478,890
2021-09-13,Kalyan Night,359,688
2021-09-13,Madhur Day,690,123
2021-09-13,Madhur Night,679,470
2021-09-13,Rajdhani Day,344,288
2021-09-13,Rajdhani Night,455,778
2021-09-13,Sridevi,138,356
2021-09-13,Sridevi Night,244,688
2021-09-13,Time Bazar,447,290
2021-09-14,Kalyan Night,347,126
2021-09-14,Madhur Day,357,278
2021-09-14,Madhur Night,588,138
2021-09-14,Rajdhani Day,568,280
2021-09-14,Rajdhani Night,235,240
2021-09-14,Sridevi,179,136
2021-09-14,Sridevi Night,360,379
2021-09-14,Time Bazar,370,257
2021-09-15,Kalyan Night,560,368
2021-09-15,Madhur Day,137,289
2021-09-15,Madhur Night,158,258
2021-09-15,Rajdhani Day,446,580
2021-09-15,Rajdhani Night,135,368
2021-09-15,Sridevi,269,169
2021-09-15,Sridevi Night,170,456
2021-09-15,Time Bazar,890,480
2021-09-16,Kalyan Night,338,800
2021-09-16,Madhur Day,157,340
2021-09-16,Madhur Night,270,458
2021-09-16,Rajdhani Day,260,167
2021-09-16,Rajdhani Night,168,126
2021-09-16,Sridevi,668,490
2021-09-16,Sridevi Night,299,117
2021-09-16,Time Bazar,260,568
2021-09-17,Kalyan Night,127,468
2021-09-17,Madhur Day,470,149
2021-09-17,Madhur Night,340,124
2021-09-17,Rajdhani Day,258,122
2021-09-17,Rajdhani Night,167,114
2021-09-17,Sridevi,235,348
2021-09-17,Sridevi Night,377,359
2021-09-17,Time Bazar,289,123
2021-09-18,Madhur Day,588,238
2021-09-18,Madhur Night,458,230
2021-09-18,Rajdhani Day,470,130
2021-09-18,Sridevi,247,580
2021-09-18,Sridevi Night,669,778
2021-09-18,Time Bazar,356,389
2021-09-19,Madhur Day,478,360
2021-09-19,Sridevi,568,460
2021-09-19,Sridevi Night,488,158
2021-09-20,Kalyan Night,129,670
2021-09-20,Madhur Day,257,569
2021-09-20,Madhur Night,134,248
2021-09-20,Rajdhani Day,779,236
2021-09-20,Rajdhani Night,230,266
2021-09-20,Sridevi,248,157
2021-09-20,Sridevi Night,113,190
2021-09-20,Time Bazar,126,239
2021-09-21,Kalyan Night,470,347
2021-09-21,Madhur Day,380,180
2021-09-21,Madhur Night,350,247
2021-09-21,Rajdhani Day,230,130
2021-09-21,Rajdhani Night,180,350
2021-09-21,Sridevi,139,158
2021-09-21,Sridevi Night,350,119
2021-09-21,Time Bazar,356,670
2021-09-22,Kalyan Night,267,700
2021-09-22,Madhur Day,289,145
2021-09-22,Madhur Night,145,169
2021-09-22,Rajdhani Day,188,235
2021-09-22,Rajdhani Night,114,115
2021-09-22,Sridevi,337,149
2021-09-22,Sridevi Night,179,168
2021-09-22,Time Bazar,280,145
2021-09-23,Kalyan Night,125,368
2021-09-23,Madhur Day,226,459
2021-09-23,Madhur Night,349,390
2021-09-23,Rajdhani Day,157,245
2021-09-23,Rajdhani Night,258,118
2021-09-23,Sridevi,489,178
2021-09-23,Sridevi Night,229,289
2021-09-23,Time Bazar,150,489
2021-09-24,Kalyan Night,690,135
2021-09-24,Madhur Day,789,566
2021-09-24,Madhur Night,140,477
2021-09-24,Rajdhani Day,379,170
2021-09-24,Rajdhani Night,155,388
2021-09-24,Sridevi,235,577
2021-09-24,Sridevi Night,100,499
2021-09-24,Time Bazar,249,159
2021-09-25,Madhur Day,778,890
2021-09-25,Madhur Night,124,157
2021-09-25,Rajdhani Day,360,266
2021-09-25,Sridevi,269,550
2021-09-25,Sridevi Night,236,247
2021-09-25,Time Bazar,250,258
2021-09-26,Madhur Day,168,238
2021-09-26,Sridevi,160,255
2021-09-26,Sridevi Night,148,156
2021-09-26,Time Bazar,136,489
2021-09-27,Kalyan Night,389,270
2021-09-27,Madhur Day,449,469
2021-09-27,Madhur Night,788,278
2021-09-27,Rajdhani Day,567,136
2021-09-27,Rajdhani Night,189,147
2021-09-27,Sridevi,678,450
2021-09-27,Sridevi Night,259,470
2021-09-27,Time Bazar,239,134
2021-09-28,Kalyan Night,260,245
2021-09-28,Madhur Day,780,157
2021-09-28,Madhur Night,278,268
2021-09-28,Rajdhani Day,460,225
2021-09-28,Rajdhani Night,357,235
2021-09-28,Sridevi,168,560
2021-09-28,Sridevi Night,770,112
2021-09-28,Time Bazar,468,457
2021-09-29,Kalyan Night,147,468
2021-09-29,Madhur Day,348,579
2021-09-29,Madhur Night,336,160
2021-09-29,Rajdhani Day,356,578
2021-09-29,Rajdhani Night,126,100
2021-09-29,Sridevi,378,589
2021-09-29,Sridevi Night,220,227
2021-09-29,Time Bazar,347,136
2021-09-30,Kalyan Night,779,669
2021-09-30,Madhur Day,468,345
2021-09-30,Madhur Night,249,148
2021-09-30,Rajdhani Day,148,480
2021-09-30,Rajdhani Night,458,346
2021-09-30,Sridevi,667,799
2021-09-30,Sridevi Night,477,230
2021-09-30,Time Bazar,355,455
2021-10-01,Kalyan Night,256,236
2021-10-01,Madhur Day,680,246
2021-10-01,Madhur Night,347,110
2021-10-01,Rajdhani Day,589,248
2021-10-01,Rajdhani Night,128,170
2021-10-01,Sridevi,900,788
2021-10-01,Sridevi Night,157,120
2021-10-01,Time Bazar,249,134
2021-10-02,Madhur Day,379,157
2021-10-02,Madhur Night,578,344
2021-10-02,Rajdhani Day,235,679
2021-10-02,Sridevi,679,466
2021-10-02,Sridevi Night,128,136
2021-10-02,Time Bazar,139,568
2021-10-03,Madhur Day,180,469
2021-10-03,Sridevi,256,449
2021-10-03,Sridevi Night,560,469
2021-10-03,Time Bazar,138,490
2021-10-04,Kalyan Night,168,148
2021-10-04,Madhur Day,124,138
2021-10-04,Madhur Night,188,120
2021-10-04,Rajdhani Day,116,140
2021-10-04,Rajdhani Night,130,145
2021-10-04,Sridevi,388,189
2021-10-04,Sridevi Night,140,389
2021-10-04,Time Bazar,880,389
2021-10-05,Kalyan Night,139,235
2021-10-05,Madhur Day,258,155
2021-10-05,Madhur Night,148,189
2021-10-05,Rajdhani Day,990,358
2021-10-05,Rajdhani Night,258,556
2021-10-05,Sridevi,346,127
2021-10-05,Sridevi Night,246,567
2021-10-05,Time Bazar,123,238
2021-10-06,Kalyan Night,257,448
2021-10-06,Madhur Day,660,239
2021-10-06,Madhur Night,445,378
2021-10-06,Rajdhani Day,480,580
2021-10-06,Rajdhani Night,199,233
2021-10-06,Sridevi,230,100
2021-10-06,Sridevi Night,478,245
2021-10-06,Time Bazar,180,367
2021-10-07,Kalyan Night,235,689
2021-10-07,Madhur Day,258,119
2021-10-07,Madhur Night,367,128
2021-10-07,Rajdhani Day,145,234
2021-10-07,Rajdhani Night,249,134
2021-10-07,Sridevi,223,367
2021-10-07,Sridevi Night,246,128
2021-10-07,Time Bazar,120,113
2021-10-08,Kalyan Night,370,478
2021-10-08,Madhur Day,127,134
2021-10-08,Madhur Night,158,130
2021-10-08,Rajdhani Day,355,177
2021-10-08,Rajdhani Night,467,890
2021-10-08,Sridevi,179,290
2021-10-08,Sridevi Night,130,257
2021-10-08,Time Bazar,345,790
2021-10-09,Madhur Day,569,558
2021-10-09,Madhur Night,280,560
2021-10-09,Rajdhani Day,136,890
2021-10-09,Sridevi,330,799
2021-10-09,Sridevi Night,139,599
2021-10-09,Time Bazar,136,677
2021-10-10,Madhur Day,146,378
2021-10-10,Sridevi,240,234
2021-10-10,Sridevi Night,238,356
2021-10-10,Time Bazar,289,345
2021-10-11,Kalyan Night,233,589
2021-10-11,Madhur Day,246,344
2021-10-11,Madhur Night,168,669
2021-10-11,Rajdhani Day,369,990
2021-10-11,Rajdhani Night,149,459
2021-10-11,Sridevi,280,123
2021-10-11,Sridevi Night,156,679
2021-10-11,Time Bazar,457,355
2021-10-12,Kalyan Night,290,559
2021-10-12,Madhur Day,357,224
2021-10-12,Madhur Night,235,348
2021-10-12,Rajdhani Day,399,689
2021-10-12,Rajdhani Night,170,290
2021-10-12,Sridevi,480,668
2021-10-12,Sridevi Night,440,880
2021-10-12,Time Bazar,679,568
2021-10-13,Kalyan Night,134,178
2021-10-13,Madhur Day,580,255
2021-10-13,Madhur Night,235,359
2021-10-13,Rajdhani Day,570,468
2021-10-13,Rajdhani Night,134,237
2021-10-13,Sridevi,590,137
2021-10-13,Sridevi Night,199,267
2021-10-13,Time Bazar,126,159
2021-10-14,Kalyan Night,148,356
2021-10-14,Madhur Day,234,368
2021-10-14,Madhur Night,170,230
2021-10-14,Rajdhani Day,260,390
2021-10-14,Rajdhani Night,123,569
2021-10-14,Sridevi,359,568
2021-10-14,Sridevi Night,114,124
2021-10-14,Time Bazar,139,378
2021-10-15,Kalyan Night,337,467
2021-10-15,Madhur Day,888,158
2021-10-15,Madhur Night,256,180
2021-10-15,Rajdhani Day,340,124
2021-10-15,Rajdhani Night,240,168
2021-10-15,Sridevi,470,389
2021-10-15,Sridevi Night,400,335
2021-10-15,Time Bazar,899,440
2021-10-16,Madhur Day,126,570
2021-10-16,Madhur Night,558,158
2021-10-16,Rajdhani Day,337,180
2021-10-16,Sridevi,126,488
2021-10-16,Sridevi Night,225,149
2021-10-16,Time Bazar,560,336
2021-10-17,Madhur Day,120,359
2021-10-17,Sridevi,557,567
2021-10-17,Sridevi Night,700,379
2021-10-17,Time Bazar,450,248
2021-10-18,Kalyan Night,569,168
2021-10-18,Madhur Day,144,100
2021-10-18,Madhur Night,115,170
2021-10-18,Rajdhani Day,130,256
2021-10-18,Rajdhani Night,135,347
2021-10-18,Sridevi,144,370
2021-10-18,Sridevi Night,155,358
2021-10-18,Time Bazar,278,278
2021-10-19,Kalyan Night,124,269
2021-10-19,Madhur Day,167,113
2021-10-19,Madhur Night,127,249
2021-10-19,Rajdhani Day,345,688
2021-10-19,Rajdhani Night,240,116
2021-10-19,Sridevi,199,160
2021-10-19,Sridevi Night,779,788
2021-10-19,Time Bazar,570,580
2021-10-20,Kalyan Night,116,277
2021-10-20,Madhur Day,499,130
2021-10-20,Madhur Night,680,360
2021-10-20,Rajdhani Day,456,124
2021-10-20,Rajdhani Night,247,123
2021-10-20,Sridevi,379,359
2021-10-20,Sridevi Night,690,446
2021-10-20,Time Bazar,340,560
2021-10-21,Kalyan Night,789,127
2021-10-21,Madhur Day,230,266
2021-10-21,Madhur Night,778,256
2021-10-21,Rajdhani Day,377,160
2021-10-21,Rajdhani Night,900,157
2021-10-21,Sridevi,257,168
2021-10-21,Sridevi Night,117,489
2021-10-21,Time Bazar,469,568
2021-10-22,Kalyan Night,128,124
2021-10-22,Madhur Day,359,167
2021-10-22,Madhur Night,369,119
2021-10-22,Rajdhani Day,357,579
2021-10-22,Rajdhani Night,790,237
2021-10-22,Sridevi,357,459
2021-10-22,Sridevi Night,146,677
2021-10-22,Time Bazar,168,124
2021-10-23,Madhur Day,156,678
2021-10-23,Madhur Night,236,347
2021-10-23,Rajdhani Day,277,159
2021-10-23,Sridevi,600,279
2021-10-23,Sridevi Night,137,280
2021-10-23,Time Bazar,478,134
2021-10-24,Madhur Day,124,118
2021-10-24,Sridevi,147,579
2021-10-24,Sridevi Night,145,147
2021-10-24,Time Bazar,368,460
2021-10-25,Kalyan Night,226,257
2021-10-25,Madhur Day,770,120
2021-10-25,Madhur Night,166,360
2021-10-25,Rajdhani Day,145,370
2021-10-25,Rajdhani Night,347,146
2021-10-25,Sridevi,250,369
2021-10-25,Sridevi Night,556,228
2021-10-25,Time Bazar,899,499
2021-10-26,Kalyan Night,379,378
2021-10-26,Madhur Day,678,338
2021-10-26,Madhur Night,345,149
2021-10-26,Rajdhani Day,134,180
2021-10-26,Rajdhani Night,245,335
2021-10-26,Sridevi,677,699
2021-10-26,Sridevi Night,344,237
2021-10-26,Time Bazar,790,334
2021-10-27,Kalyan Night,390,578
2021-10-27,Madhur Day,358,369
2021-10-27,Madhur Night,390,245
2021-10-27,Rajdhani Day,880,377
2021-10-27,Rajdhani Night,356,448
2021-10-27,Sridevi,289,177
2021-10-27,Sridevi Night,339,239
2021-10-27,Time Bazar,113,135
2021-10-28,Kalyan Night,127,138
2021-10-28,Madhur Day,240,689
2021-10-28,Madhur Night,346,259
2021-10-28,Rajdhani Day,280,149
2021-10-28,Rajdhani Night,579,580
2021-10-28,Sridevi,234,278
2021-10-28,Sridevi Night,258,357
2021-10-28,Time Bazar,266,290
2021-10-29,Kalyan Night,457,270
2021-10-29,Madhur Day,488,250
2021-10-29,Madhur Night,448,459
2021-10-29,Rajdhani Day,578,110
2021-10-29,Rajdhani Night,256,236
2021-10-29,Sridevi,336,236
2021-10-29,Sridevi Night,257,158
2021-10-29,Time Bazar,790,357
2021-10-30,Madhur Day,369,446
2021-10-30,Madhur Night,134,245
2021-10-30,Rajdhani Day,258,440
2021-10-30,Sridevi,990,188
2021-10-30,Sridevi Night,345,568
2021-10-30,Time Bazar,279,670
2021-10-31,Sridevi,457,158
2021-10-31,Sridevi Night,346,159
2021-11-01,Sridevi,245,247
2021-11-01,Sridevi Night,378,160
2021-11-02,Sridevi,367,567
2021-11-02,Sridevi Night,147,299
2021-11-03,Sridevi,137,679
2021-11-03,Sridevi Night,289,678
2021-11-04,Sridevi,260,145
2021-11-04,Sridevi Night,567,167
2021-11-05,Sridevi,246,289
2021-11-05,Sridevi Night,448,356
2021-11-06,Sridevi,390,233
2021-11-06,Sridevi Night,669,357
2021-11-07,Sridevi,178,568
2021-11-07,Sridevi Night,470,128
2021-11-08,Sridevi,389,124
2021-11-08,Sridevi Night,126,579
2021-11-09,Kalyan Night,469,330
2021-11-09,Madhur Day,137,168
2021-11-09,Madhur Night,140,149
2021-11-09,Rajdhani Day,246,890
2021-11-09,Rajdhani Night,578,890
2021-11-09,Sridevi,440,677
2021-11-09,Sridevi Night,149,569
2021-11-09,Time Bazar,347,580
2021-11-10,Kalyan Night,235,368
2021-11-10,Madhur Day,134,123
2021-11-10,Madhur Night,117,459
2021-11-10,Rajdhani Day,124,130
2021-11-10,Rajdhani Night,280,170
2021-11-10,Sridevi,566,770
2021-11-10,Sridevi Night,457,178
2021-11-10,Time Bazar,127,188
2021-11-11,Kalyan Night,469,560
2021-11-11,Madhur Day,145,334
2021-11-11,Madhur Night,257,125
2021-11-11,Rajdhani Day,356,199
2021-11-11,Rajdhani Night,778,447
2021-11-11,Sridevi,356,378
2021-11-11,Sridevi Night,240,130
2021-11-11,Time Bazar,226,270
2021-11-12,Kalyan Night,236,148
2021-11-12,Madhur Day,168,450
2021-11-12,Madhur Night,660,580
2021-11-12,Rajdhani Day,337,378
2021-11-12,Rajdhani Night,689,478
2021-11-12,Sridevi,257,380
2021-11-12,Sridevi Night,790,367
2021-11-12,Time Bazar,268,255
2021-11-13,Madhur Day,136,150
2021-11-13,Madhur Night,127,160
2021-11-13,Rajdhani Day,158,156
2021-11-13,Sridevi,400,600
2021-11-13,Sridevi Night,440,233
2021-11-13,Time Bazar,270,399
2021-11-14,Madhur Day,160,259
2021-11-14,Sridevi,116,358
2021-11-14,Sridevi Night,680,249
2021-11-14,Time Bazar,268,390
2021-11-15,Kalyan Night,566,389
2021-11-15,Madhur Day,578,268
2021-11-15,Madhur Night,126,267
2021-11-15,Rajdhani Day,125,124
2021-11-15,Rajdhani Night,568,678
2021-11-15,Sridevi,266,136
2021-11-15,Sridevi Night,580,138
2021-11-15,Time Bazar,290,156
2021-11-16,Kalyan Night,490,266
2021-11-16,Madhur Day,780,450
2021-11-16,Madhur Night,570,450
2021-11-16,Rajdhani Day,236,167
2021-11-16,Rajdhani Night,366,124
2021-11-16,Sridevi,689,150
2021-11-16,Sridevi Night,290,137
2021-11-16,Time Bazar,240,146
2021-11-17,Kalyan Night,134,449
2021-11-17,Madhur Day,480,160
2021-11-17,Madhur Night,569,114
2021-11-17,Rajdhani Day,129,122
2021-11-17,Rajdhani Night,168,359
2021-11-17,Sridevi,160,249
2021-11-17,Sridevi Night,236,250
2021-11-17,Time Bazar,670,139
2021-11-18,Kalyan Night,233,667
2021-11-18,Madhur Day,149,789
2021-11-18,Madhur Night,220,134
2021-11-18,Rajdhani Day,148,578
2021-11-18,Rajdhani Night,180,245
2021-11-18,Sridevi,670,366
2021-11-18,Sridevi Night,789,370
2021-11-18,Time Bazar,460,460
2021-11-19,Kalyan Night,158,190
2021-11-19,Madhur Day,115,177
2021-11-19,Madhur Night,679,145
2021-11-19,Rajdhani Day,268,149
2021-11-19,Rajdhani Night,250,229
2021-11-19,Sridevi,560,345
2021-11-19,Sridevi Night,479,146
2021-11-19,Time Bazar,478,125
2021-11-20,Madhur Day,480,178
2021-11-20,Madhur Night,380,280
2021-11-20,Rajdhani Day,679,660
2021-11-20,Sridevi,257,134
2021-11-20,Sridevi Night,359,678
2021-11-20,Time Bazar,780,377
2021-11-21,Madhur Day,147,178
2021-11-21,Sridevi,490,190
2021-11-21,Sridevi Night,480,369
2021-11-21,Time Bazar,135,238
2021-11-22,Kalyan Night,669,889
2021-11-22,Madhur Day,489,399
2021-11-22,Madhur Night,129,335
2021-11-22,Rajdhani Day,158,447
2021-11-22,Rajdhani Night,224,590
2021-11-22,Sridevi,279,479
2021-11-22,Sridevi Night,120,460
2021-11-22,Time Bazar,670,799
2021-11-23,Kalyan Night,335,455
2021-11-23,Madhur Day,780,568
2021-11-23,Madhur Night,349,660
2021-11-23,Rajdhani Day,179,289
2021-11-23,Rajdhani Night,440,467
2021-11-23,Sridevi,238,336
2021-11-23,Sridevi Night,267,367
2021-11-23,Time Bazar,114,390
2021-11-24,Kalyan Night,678,478
2021-11-24,Madhur Day,499,249
2021-11-24,Madhur Night,133,368
2021-11-24,Rajdhani Day,225,460
2021-11-24,Rajdhani Night,246,226
2021-11-24,Sridevi,244,778
2021-11-24,Sridevi Night,337,389
2021-11-24,Time Bazar,677,355
2021-11-25,Kalyan Night,568,277
2021-11-25,Madhur Day,670,689
2021-11-25,Madhur Night,469,270
2021-11-25,Rajdhani Day,590,690
2021-11-25,Rajdhani Night,488,100
2021-11-25,Sridevi,279,378
2021-11-25,Sridevi Night,245,469
2021-11-25,Time Bazar,139,137
2021-11-26,Kalyan Night,247,249
2021-11-26,Madhur Day,890,679
2021-11-26,Madhur Night,168,158
2021-11-26,Rajdhani Day,266,670
2021-11-26,Rajdhani Night,139,667
2021-11-26,Sridevi,135,568
2021-11-26,Sridevi Night,226,350
2021-11-26,Time Bazar,389,580
2021-11-27,Madhur Day,290,679
2021-11-27,Madhur Night,249,147
2021-11-27,Rajdhani Day,459,880
2021-11-27,Sridevi,799,170
2021-11-27,Sridevi Night,235,349
2021-11-27,Time Bazar,257,236
2021-11-28,Madhur Day,127,125
2021-11-28,Sridevi,348,378
2021-11-28,Sridevi Night,360,557
2021-11-28,Time Bazar,357,130
2021-11-29,Kalyan Night,234,478
2021-11-29,Madhur Day,460,358
2021-11-29,Madhur Night,250,340
2021-11-29,Rajdhani Day,560,679
2021-11-29,Rajdhani Night,356,560
2021-11-29,Sridevi,178,259
2021-11-29,Sridevi Night,669,489
2021-11-29,Time Bazar,388,116
2021-11-30,Kalyan Night,379,155
2021-11-30,Madhur Day,257,468
2021-11-30,Madhur Night,577,289
2021-11-30,Rajdhani Day,780,179
2021-11-30,Rajdhani Night,880,690
2021-11-30,Sridevi,226,678
2021-11-30,Sridevi Night,237,589
2021-11-30,Time Bazar,560,559
2021-12-01,Kalyan Night,189,360
2021-12-01,Madhur Day,133,900
2021-12-01,Madhur Night,125,245
2021-12-01,Rajdhani Day,567,229
2021-12-01,Rajdhani Night,249,124
2021-12-01,Sridevi,880,167
2021-12-01,Sridevi Night,460,358
2021-12-01,Time Bazar,370,290
2021-12-02,Kalyan Night,360,126
2021-12-02,Madhur Day,148,180
2021-12-02,Madhur Night,137,349
2021-12-02,Rajdhani Day,112,158
2021-12-02,Rajdhani Night,117,228
2021-12-02,Sridevi,248,267
2021-12-02,Sridevi Night,479,590
2021-12-02,Time Bazar,344,150
2021-12-03,Kalyan Night,780,160
2021-12-03,Madhur Day,177,889
2021-12-03,Madhur Night,458,277
2021-12-03,Rajdhani Day,779,170
2021-12-03,Rajdhani Night,120,140
2021-12-03,Sridevi,158,349
2021-12-03,Sridevi Night,468,180
2021-12-03,Time Bazar,336,448
2021-12-04,Madhur Day,135,480
2021-12-04,Madhur Night,270,446
2021-12-04,Rajdhani Day,179,278
2021-12-04,Sridevi,137,457
2021-12-04,Sridevi Night,228,148
2021-12-04,Time Bazar,590,667
2021-12-05,Madhur Day,459,113
2021-12-05,Sridevi,689,447
2021-12-05,Sridevi Night,268,378
2021-12-05,Time Bazar,789,579
2021-12-06,Kalyan Night,680,779
2021-12-06,Madhur Day,678,238
2021-12-06,Madhur Night,578,690
2021-12-06,Rajdhani Day,123,236
2021-12-06,Rajdhani Night,599,280
2021-12-06,Sridevi,126,344
2021-12-06,Sridevi Night,570,688
2021-12-06,Time Bazar,239,147
2021-12-07,Kalyan Night,344,789
2021-12-07,Madhur Day,259,168
2021-12-07,Madhur Night,680,359
2021-12-07,Rajdhani Day,140,167
2021-12-07,Rajdhani Night,129,147
2021-12-07,Sridevi,339,468
2021-12-07,Sridevi Night,224,115
2021-12-07,Time Bazar,990,567
2021-12-08,Kalyan Night,137,149
2021-12-08,Madhur Day,347,158
2021-12-08,Madhur Night,299,137
2021-12-08,Rajdhani Day,122,145
2021-12-08,Rajdhani Night,480,588
2021-12-08,Sridevi,359,258
2021-12-08,Sridevi Night,679,167
2021-12-08,Time Bazar,280,123
2021-12-09,Kalyan Night,556,790
2021-12-09,Madhur Day,115,146
2021-12-09,Madhur Night,448,559
2021-12-09,Rajdhani Day,468,390
2021-12-09,Rajdhani Night,167,178
2021-12-09,Sridevi,455,280
2021-12-09,Sridevi Night,145,457
2021-12-09,Time Bazar,356,260
2021-12-10,Kalyan Night,128,225
2021-12-10,Madhur Day,567,279
2021-12-10,Madhur Night,157,578
2021-12-10,Rajdhani Day,900,100
2021-12-10,Rajdhani Night,189,138
2021-12-10,Sridevi,130,115
2021-12-10,Sridevi Night,778,255
2021-12-10,Time Bazar,890,670
2021-12-11,Madhur Day,127,678
2021-12-11,Madhur Night,599,244
2021-12-11,Rajdhani Day,146,880
2021-12-11,Sridevi,467,169
2021-12-11,Sridevi Night,150,770
2021-12-11,Time Bazar,277,466
2021-12-12,Madhur Day,334,778
2021-12-12,Sridevi,129,890
2021-12-12,Sridevi Night,149,110
2021-12-12,Time Bazar,367,257
2021-12-13,Kalyan Night,140,278
2021-12-13,Madhur Day,679,680
2021-12-13,Madhur Night,570,446
2021-12-13,Rajdhani Day,790,128
2021-12-13,Rajdhani Night,559,128
2021-12-13,Sridevi,289,500
2021-12-13,Sridevi Night,127,189
2021-12-13,Time Bazar,125,135
2021-12-14,Kalyan Night,670,239
2021-12-14,Madhur Day,468,588
2021-12-14,Madhur Night,160,148
2021-12-14,Rajdhani Day,133,257
2021-12-14,Rajdhani Night,189,567
2021-12-14,Sridevi,245,180
2021-12-14,Sridevi Night,233,235
2021-12-14,Time Bazar,123,500
2021-12-15,Kalyan Night,225,449
2021-12-15,Madhur Day,578,114
2021-12-15,Madhur Night,168,668
2021-12-15,Rajdhani Day,160,590
2021-12-15,Rajdhani Night,356,360
2021-12-15,Sridevi,379,356
2021-12-15,Sridevi Night,134,190
2021-12-15,Time Bazar,127,370
2021-12-16,Kalyan Night,133,140
2021-12-16,Madhur Day,133,128
2021-12-16,Madhur Night,200,240
2021-12-16,Rajdhani Day,667,580
2021-12-16,Rajdhani Night,399,147
2021-12-16,Sridevi,278,779
2021-12-16,Sridevi Night,169,478
2021-12-16,Time Bazar,370,356
2021-12-17,Kalyan Night,377,190
2021-12-17,Madhur Day,139,100
2021-12-17,Madhur Night,144,169
2021-12-17,Rajdhani Day,123,269
2021-12-17,Rajdhani Night,158,469
2021-12-17,Sridevi,256,148
2021-12-17,Sridevi Night,340,690
2021-12-17,Time Bazar,250,159
2021-12-18,Madhur Day,147,450
2021-12-18,Madhur Night,135,158
2021-12-18,Rajdhani Day,356,446
2021-12-18,Sridevi,268,770
2021-12-18,Sridevi Night,270,358
2021-12-18,Time Bazar,790,124
2021-12-19,Madhur Day,258,189
2021-12-19,Sridevi,136,112
2021-12-19,Sridevi Night,278,169
2021-12-19,Time Bazar,259,489
2021-12-20,Kalyan Night,349,600
2021-12-20,Madhur Day,137,134
2021-12-20,Madhur Night,158,147
2021-12-20,Rajdhani Day,250,569
2021-12-20,Rajdhani Night,569,244
2021-12-20,Sridevi,779,120
2021-12-20,Sridevi Night,578,236
2021-12-20,Time Bazar,689,288
2021-12-21,Kalyan Night,480,355
2021-12-21,Madhur Day,336,125
2021-12-21,Madhur Night,112,250
2021-12-21,Rajdhani Day,460,689
2021-12-21,Rajdhani Night,780,356
2021-12-21,Sridevi,158,128
2021-12-21,Sridevi Night,260,469
2021-12-21,Time Bazar,468,157
2021-12-22,Kalyan Night,568,679
2021-12-22,Madhur Day,568,147
2021-12-22,Madhur Night,450,258
2021-12-22,Rajdhani Day,330,246
2021-12-22,Rajdhani Night,159,233
2021-12-22,Sridevi,579,236
2021-12-22,Sridevi Night,246,234
2021-12-22,Time Bazar,356,290
2021-12-23,Kalyan Night,136,348
2021-12-23,Madhur Day,146,478
2021-12-23,Madhur Night,270,566
2021-12-23,Rajdhani Day,589,335
2021-12-23,Rajdhani Night,244,300
2021-12-23,Sridevi,257,347
2021-12-23,Sridevi Night,238,239
2021-12-23,Time Bazar,279,188
2021-12-24,Kalyan Night,344,270
2021-12-24,Madhur Day,139,188
2021-12-24,Madhur Night,260,160
2021-12-24,Rajdhani Day,240,158
2021-12-24,Rajdhani Night,789,148
2021-12-24,Sridevi,569,246
2021-12-24,Sridevi Night,256,556
2021-12-24,Time Bazar,379,259
2021-12-25,Madhur Day,120,367
2021-12-25,Madhur Night,348,580
2021-12-25,Rajdhani Day,899,190
2021-12-25,Sridevi,380,245
2021-12-25,Sridevi Night,458,468
2021-12-25,Time Bazar,129,890
2021-12-26,Madhur Day,146,248
2021-12-26,Sridevi,568,125
2021-12-26,Sridevi Night,347,579
2021-12-26,Time Bazar,156,799
2021-12-27,Kalyan Night,477,338
2021-12-27,Madhur Day,450,478
2021-12-27,Madhur Night,578,257
2021-12-27,Main Bazar,239,569
2021-12-27,Milan Night,678,159
2021-12-27,Rajdhani Day,456,267
2021-12-27,Rajdhani Night,140,166
2021-12-27,Sridevi,450,157
2021-12-27,Sridevi Night,279,349
2021-12-27,Time Bazar,169,489
2021-12-28,Kalyan Night,278,237
2021-12-28,Madhur Day,260,347
2021-12-28,Madhur Night,139,367
2021-12-28,Main Bazar,256,667
2021-12-28,Milan Night,356,270
2021-12-28,Rajdhani Day,700,234
2021-12-28,Rajdhani Night,147,148
2021-12-28,Sridevi,488,335
2021-12-28,Sridevi Night,130,166
2021-12-28,Time Bazar,110,277
2021-12-29,Kalyan Night,479,380
2021-12-29,Madhur Day,145,120
2021-12-29,Madhur Night,700,667
2021-12-29,Main Bazar,249,147
2021-12-29,Milan Night,250,330
2021-12-29,Rajdhani Day,258,300
2021-12-29,Rajdhani Night,390,268
2021-12-29,Sridevi,479,660
2021-12-29,Sridevi Night,249,457
2021-12-29,Time Bazar,238,299
2021-12-30,Kalyan Night,359,678
2021-12-30,Madhur Day,688,479
2021-12-30,Madhur Night,155,180
2021-12-30,Main Bazar,270,448
2021-12-30,Milan Night,259,137
2021-12-30,Rajdhani Day,178,159
2021-12-30,Rajdhani Night,267,168
2021-12-30,Sridevi,390,459
2021-12-30,Sridevi Night,460,368
2021-12-30,Time Bazar,499,670
2021-12-31,Kalyan Night,158,557
2021-12-31,Madhur Day,369,460
2021-12-31,Madhur Night,280,690
2021-12-31,Main Bazar,260,466
2021-12-31,Milan Night,126,126
2021-12-31,Rajdhani Day,589,568
2021-12-31,Rajdhani Night,790,460
2021-12-31,Sridevi,235,169
2021-12-31,Sridevi Night,226,168
2021-12-31,Time Bazar,119,880
2022-01-01,Madhur Day,257,248
2022-01-01,Madhur Night,670,288
2022-01-01,Milan Night,367,244
2022-01-01,Rajdhani Day,269,566
2022-01-01,Sridevi,777,678
2022-01-01,Sridevi Night,255,450
2022-01-01,Time Bazar,188,129
2022-01-02,Madhur Day,260,340
2022-01-02,Sridevi,249,259
2022-01-02,Sridevi Night,379,689
2022-01-02,Time Bazar,239,257
2022-01-03,Kalyan Night,677,248
2022-01-03,Madhur Day,240,450
2022-01-03,Madhur Night,670,779
2022-01-03,Main Bazar,334,688
2022-01-03,Milan Night,790,300
2022-01-03,Rajdhani Day,170,379
2022-01-03,Rajdhani Night,669,140
2022-01-03,Sridevi,179,359
2022-01-03,Sridevi Night,568,156
2022-01-03,Time Bazar,150,334
2022-01-04,Kalyan Night,466,379
2022-01-04,Madhur Day,238,678
2022-01-04,Madhur Night,233,700
2022-01-04,Main Bazar,366,237
2022-01-04,Milan Night,578,347
2022-01-04,Rajdhani Day,236,679
2022-01-04,Rajdhani Night,357,779
2022-01-04,Sridevi,145,129
2022-01-04,Sridevi Night,247,155
2022-01-04,Time Bazar,150,249
2022-01-05,Kalyan Night,237,400
2022-01-05,Madhur Day,399,380
2022-01-05,Madhur Night,350,459
2022-01-05,Main Bazar,170,349
2022-01-05,Milan Night,239,156
2022-01-05,Rajdhani Day,246,467
2022-01-05,Rajdhani Night,334,348
2022-01-05,Sridevi,440,270
2022-01-05,Sridevi Night,588,478
2022-01-05,Time Bazar,478,467
2022-01-06,Kalyan Night,290,260
2022-01-06,Madhur Day,260,138
2022-01-06,Madhur Night,599,230
2022-01-06,Main Bazar,135,590
2022-01-06,Milan Night,137,589
2022-01-06,Rajdhani Day,240,245
2022-01-06,Rajdhani Night,235,347
2022-01-06,Sridevi,177,489
2022-01-06,Sridevi Night,669,467
2022-01-06,Time Bazar,578,389
2022-01-07,Kalyan Night,240,278
2022-01-07,Madhur Day,560,259
2022-01-07,Madhur Night,690,113
2022-01-07,Main Bazar,134,589
2022-01-07,Milan Night,580,560
2022-01-07,Rajdhani Day,699,678
2022-01-07,Rajdhani Night,578,248
2022-01-07,Sridevi,130,122
2022-01-07,Sridevi Night,380,340
2022-01-07,Time Bazar,456,234
2022-01-08,Madhur Day,236,588
2022-01-08,Madhur Night,169,677
2022-01-08,Milan Night,580,468
2022-01-08,Rajdhani Day,120,157
2022-01-08,Sridevi,559,468
2022-01-08,Sridevi Night,357,456
2022-01-08,Time Bazar,567,368
2022-01-09,Madhur Day,124,669
2022-01-09,Sridevi,459,400
2022-01-09,Sridevi Night,679,128
2022-01-09,Time Bazar,459,255
2022-01-10,Kalyan Night,899,145
2022-01-10,Madhur Day,359,680
2022-01-10,Madhur Night,380,489
2022-01-10,Main Bazar,446,347
2022-01-10,Milan Night,500,588
2022-01-10,Rajdhani Day,789,180
2022-01-10,Rajdhani Night,158,139
2022-01-10,Sridevi,126,348
2022-01-10,Sridevi Night,178,136
2022-01-10,Time Bazar,235,468
2022-01-11,Kalyan Night,337,120
2022-01-11,Madhur Day,244,166
2022-01-11,Madhur Night,250,336
2022-01-11,Main Bazar,678,288
2022-01-11,Milan Night,146,668
2022-01-11,Rajdhani Day,489,680
2022-01-11,Rajdhani Night,137,190
2022-01-11,Sridevi,349,447
2022-01-11,Sridevi Night,689,127
2022-01-11,Time Bazar,146,270
2022-01-12,Kalyan Night,168,344
2022-01-12,Madhur Day,589,168
2022-01-12,Madhur Night,470,137
2022-01-12,Main Bazar,190,578
2022-01-12,Milan Night,126,240
2022-01-12,Rajdhani Day,259,690
2022-01-12,Rajdhani Night,678,368
2022-01-12,Sridevi,255,599
2022-01-12,Sridevi Night,589,156
2022-01-12,Time Bazar,467,145
2022-01-13,Kalyan Night,267,370
2022-01-13,Madhur Day,350,178
2022-01-13,Madhur Night,190,150
2022-01-13,Main Bazar,489,249
2022-01-13,Milan Night,357,890
2022-01-13,Rajdhani Day,570,467
2022-01-13,Rajdhani Night,348,579
2022-01-13,Sridevi,147,360
2022-01-13,Sridevi Night,490,267
2022-01-13,Time Bazar,238,590
2022-01-14,Kalyan Night,267,146
2022-01-14,Madhur Day,377,389
2022-01-14,Madhur Night,127,690
2022-01-14,Main Bazar,120,348
2022-01-14,Milan Night,169,457
2022-01-14,Rajdhani Day,450,148
2022-01-14,Rajdhani Night,679,800
2022-01-14,Sridevi,660,790
2022-01-14,Sridevi Night,566,177
2022-01-14,Time Bazar,335,335
2022-01-15,Madhur Day,146,238
2022-01-15,Madhur Night,440,179
2022-01-15,Milan Night,237,139
2022-01-15,Rajdhani Day,560,556
2022-01-15,Sridevi,279,167
2022-01-15,Sridevi Night,558,157
2022-01-15,Time Bazar,227,667
2022-01-16,Madhur Day,479,799
2022-01-16,Sridevi,125,470
2022-01-16,Sridevi Night,789,234
2022-01-16,Time Bazar,248,226
2022-01-17,Kalyan Night,344,678
2022-01-17,Madhur Day,134,116
2022-01-17,Madhur Night,457,145
2022-01-17,Main Bazar,270,167
2022-01-17,Milan Night,378,227
2022-01-17,Rajdhani Day,159,890
2022-01-17,Rajdhani Night,599,560
2022-01-17,Sridevi,448,168
2022-01-17,Sridevi Night,468,199
2022-01-17,Time Bazar,468,230
2022-01-18,Kalyan Night,267,158
2022-01-18,Madhur Day,236,248
2022-01-18,Madhur Night,699,230
2022-01-18,Main Bazar,367,790
2022-01-18,Milan Night,244,379
2022-01-18,Rajdhani Day,360,158
2022-01-18,Rajdhani Night,399,200
2022-01-18,Sridevi,270,247
2022-01-18,Sridevi Night,500,124
2022-01-18,Time Bazar,238,119
2022-01-19,Kalyan Night,488,178
2022-01-19,Madhur Day,123,250
2022-01-19,Madhur Night,567,268
2022-01-19,Main Bazar,146,279
2022-01-19,Milan Night,780,489
2022-01-19,Rajdhani Day,699,570
2022-01-19,Rajdhani Night,125,680
2022-01-19,Sridevi,567,145
2022-01-19,Sridevi Night,180,700
2022-01-19,Time Bazar,137,350
2022-01-20,Kalyan Night,670,388
2022-01-20,Madhur Day,357,360
2022-01-20,Madhur Night,229,589
2022-01-20,Main Bazar,789,229
2022-01-20,Rajdhani Day,569,400
2022-01-20,Rajdhani Night,459,480
2022-01-20,Sridevi,230,690
2022-01-20,Sridevi Night,137,289
2022-01-21,Kalyan Night,589,359
2022-01-21,Madhur Day,460,370
2022-01-21,Madhur Night,469,267
2022-01-21,Main Bazar,380,116
2022-01-21,Milan Night,780,227
2022-01-21,Rajdhani Day,470,790
2022-01-21,Rajdhani Night,456,390
2022-01-21,Sridevi,688,448
2022-01-21,Sridevi Night,677,669
2022-01-21,Time Bazar,790,235
2022-01-22,Madhur Day,248,147
2022-01-22,Madhur Night,236,346
2022-01-22,Milan Night,168,135
2022-01-22,Rajdhani Day,456,388
2022-01-22,Sridevi,280,348
2022-01-22,Sridevi Night,133,269
2022-01-22,Time Bazar,239,112
2022-01-23,Madhur Day,280,478
2022-01-23,Sridevi,138,478
2022-01-23,Sridevi Night,233,460
2022-01-23,Time Bazar,369,225
2022-01-24,Kalyan Night,148,559
2022-01-24,Madhur Day,446,370
2022-01-24,Madhur Night,457,225
2022-01-24,Main Bazar,378,688
2022-01-24,Milan Night,446,688
2022-01-24,Rajdhani Day,236,136
2022-01-24,Rajdhani Night,349,123
2022-01-24,Sridevi,369,578
2022-01-24,Sridevi Night,459,245
2022-01-24,Time Bazar,455,129
2022-01-25,Kalyan Night,468,145
2022-01-25,Madhur Day,400,230
2022-01-25,Madhur Night,346,355
2022-01-25,Main Bazar,579,349
2022-01-25,Milan Night,223,499
2022-01-25,Rajdhani Day,669,156
2022-01-25,Rajdhani Night,159,356
2022-01-25,Sridevi,589,458
2022-01-25,Sridevi Night,388,479
2022-01-25,Time Bazar,115,577
2022-01-27,Kalyan Night,478,134
2022-01-27,Madhur Day,225,460
2022-01-27,Madhur Night,679,290
2022-01-27,Main Bazar,245,226
2022-01-27,Milan Night,250,123
2022-01-27,Rajdhani Day,138,359
2022-01-27,Rajdhani Night,112,169
2022-01-27,Sridevi,179,790
2022-01-27,Sridevi Night,270,469
2022-01-27,Time Bazar,580,259
2022-01-28,Kalyan Night,580,789
2022-01-28,Madhur Day,348,126
2022-01-28,Madhur Night,567,158
2022-01-28,Main Bazar,146,458
2022-01-28,Milan Night,336,990
2022-01-28,Rajdhani Day,160,790
2022-01-28,Rajdhani Night,488,120
2022-01-28,Sridevi,880,780
2022-01-28,Sridevi Night,144,356
2022-01-28,Time Bazar,257,168
2022-01-29,Madhur Day,899,247
2022-01-29,Madhur Night,220,489
2022-01-29,Milan Night,399,158
2022-01-29,Rajdhani Day,660,344
2022-01-29,Sridevi,250,138
2022-01-29,Sridevi Night,229,688
2022-01-29,Time Bazar,226,100
2022-01-30,Madhur Day,489,268
2022-01-30,Sridevi,160,466
2022-01-30,Sridevi Night,349,457
2022-01-30,Time Bazar,234,256
2022-01-31,Kalyan Night,790,257
2022-01-31,Madhur Day,123,379
2022-01-31,Madhur Night,990,146
2022-01-31,Main Bazar,580,240
2022-01-31,Milan Night,489,148
2022-01-31,Rajdhani Day,577,280
2022-01-31,Rajdhani Night,289,220
2022-01-31,Sridevi,469,348
2022-01-31,Sridevi Night,237,346
2022-01-31,Time Bazar,247,127
2022-02-01,Kalyan Night,590,226
2022-02-01,Madhur Day,234,248
2022-02-01,Madhur Night,689,347
2022-02-01,Main Bazar,267,136
2022-02-01,Milan Night,599,149
2022-02-01,Rajdhani Day,359,458
2022-02-01,Rajdhani Night,126,400
2022-02-01,Sridevi,130,990
2022-02-01,Sridevi Night,390,445
2022-02-01,Time Bazar,566,279
2022-02-02,Kalyan Night,599,368
2022-02-02,Madhur Day,460,569
2022-02-02,Madhur Night,460,556
2022-02-02,Main Bazar,355,569
2022-02-02,Milan Night,257,880
2022-02-02,Rajdhani Day,159,134
2022-02-02,Rajdhani Night,158,189
2022-02-02,Sridevi,180,135
2022-02-02,Sridevi Night,560,125
2022-02-02,Time Bazar,279,239
2022-02-03,Kalyan Night,237,145
2022-02-03,Madhur Day,290,140
2022-02-03,Madhur Night,440,189
2022-02-03,Main Bazar,689,700
2022-02-03,Milan Night,670,160
2022-02-03,Rajdhani Day,240,119
2022-02-03,Rajdhani Night,277,160
2022-02-03,Sridevi,388,360
2022-02-03,Sridevi Night,160,347
2022-02-03,Time Bazar,468,700
2022-02-04,Kalyan Night,266,127
2022-02-04,Madhur Day,134,170
2022-02-04,Madhur Night,268,677
2022-02-04,Main Bazar,566,123
2022-02-04,Milan Night,130,158
2022-02-04,Rajdhani Day,668,480
2022-02-04,Rajdhani Night,137,456
2022-02-04,Sridevi,236,469
2022-02-04,Sridevi Night,268,456
2022-02-04,Time Bazar,340,240
2022-02-05,Madhur Day,480,490
2022-02-05,Madhur Night,360,899
2022-02-05,Milan Night,200,890
2022-02-05,Rajdhani Day,260,240
2022-02-05,Sridevi,233,260
2022-02-05,Sridevi Night,360,138
2022-02-06,Sridevi,157,245
2022-02-06,Sridevi Night,660,299
2022-02-07,Kalyan Night,380,238
2022-02-07,Madhur Day,590,347
2022-02-07,Madhur Night,556,234
2022-02-07,Main Bazar,570,158
2022-02-07,Milan Night,258,280
2022-02-07,Rajdhani Day,590,115
2022-02-07,Rajdhani Night,479,239
2022-02-07,Sridevi,235,470
2022-02-07,Sridevi Night,378,279
2022-02-07,Time Bazar,358,780
2022-02-08,Kalyan Night,178,289
2022-02-08,Madhur Day,478,669
2022-02-08,Madhur Night,358,239
2022-02-08,Main Bazar,237,470
2022-02-08,Milan Night,257,345
2022-02-08,Rajdhani Day,158,257
2022-02-08,Rajdhani Night,168,599
2022-02-08,Sridevi,178,567
2022-02-08,Sridevi Night,126,568
2022-02-08,Time Bazar,158,369
2022-02-09,Kalyan Night,349,880
2022-02-09,Madhur Day,367,440
2022-02-09,Madhur Night,277,269
2022-02-09,Main Bazar,689,170
2022-02-09,Milan Night,567,356
2022-02-09,Rajdhani Day,118,440
2022-02-09,Rajdhani Night,390,478
2022-02-09,Sridevi,169,670
2022-02-09,Sridevi Night,235,139
2022-02-09,Time Bazar,333,380
2022-02-10,Kalyan Night,399,367
2022-02-10,Madhur Day,270,380
2022-02-10,Madhur Night,679,368
2022-02-10,Main Bazar,570,499
2022-02-10,Milan Night,179,226
2022-02-10,Rajdhani Day,390,125
2022-02-10,Rajdhani Night,149,380
2022-02-10,Sridevi,780,145
2022-02-10,Sridevi Night,890,170
2022-02-10,Time Bazar,699,299
2022-02-11,Kalyan Night,340,480
2022-02-11,Madhur Day,478,136
2022-02-11,Madhur Night,188,900
2022-02-11,Main Bazar,349,369
2022-02-11,Milan Night,668,139
2022-02-11,Rajdhani Day,800,146
2022-02-11,Rajdhani Night,369,249
2022-02-11,Sridevi,447,279
2022-02-11,Sridevi Night,550,147
2022-02-11,Time Bazar,245,124
2022-02-12,Madhur Day,356,556
2022-02-12,Madhur Night,578,448
2022-02-12,Milan Night,147,234
2022-02-12,Rajdhani Day,128,245
2022-02-12,Sridevi,259,238
2022-02-12,Sridevi Night,900,679
2022-02-12,Time Bazar,388,589
2022-02-13,Madhur Day,134,588
2022-02-13,Sridevi,880,247
2022-02-13,Sridevi Night,258,300
2022-02-14,Kalyan Night,360,157
2022-02-14,Madhur Day,234,230
2022-02-14,Madhur Night,127,147
2022-02-14,Main Bazar,258,678
2022-02-14,Milan Night,378,126
2022-02-14,Rajdhani Day,359,366
2022-02-14,Rajdhani Night,255,290
2022-02-14,Sridevi,458,560
2022-02-14,Sridevi Night,450,668
2022-02-14,Time Bazar,124,166
2022-02-15,Kalyan Night,679,889
2022-02-15,Madhur Day,160,450
2022-02-15,Madhur Night,380,669
2022-02-15,Main Bazar,335,136
2022-02-15,Milan Night,226,177
2022-02-15,Rajdhani Day,345,179
2022-02-15,Rajdhani Night,230,368
2022-02-15,Sridevi,160,270
2022-02-15,Sridevi Night,269,359
2022-02-15,Time Bazar,480,567
2022-02-16,Kalyan Night,568,390
2022-02-16,Madhur Day,235,125
2022-02-16,Madhur Night,136,180
2022-02-16,Main Bazar,168,267
2022-02-16,Milan Night,600,880
2022-02-16,Rajdhani Day,167,389
2022-02-16,Rajdhani Night,244,779
2022-02-16,Sridevi,489,122
2022-02-16,Sridevi Night,239,127
2022-02-16,Time Bazar,230,257
2022-02-17,Kalyan Night,899,779
2022-02-17,Madhur Day,450,367
2022-02-17,Madhur Night,479,123
2022-02-17,Main Bazar,256,370
2022-02-17,Milan Night,177,389
2022-02-17,Rajdhani Day,156,336
2022-02-17,Rajdhani Night,150,220
2022-02-17,Sridevi,144,799
2022-02-17,Sridevi Night,129,457
2022-02-17,Time Bazar,670,669
2022-02-18,Kalyan Night,168,247
2022-02-18,Madhur Day,133,149
2022-02-18,Madhur Night,237,556
2022-02-18,Main Bazar,247,456
2022-02-18,Milan Night,599,345
2022-02-18,Rajdhani Day,457,347
2022-02-18,Rajdhani Night,469,338
2022-02-18,Sridevi,239,590
2022-02-18,Sridevi Night,788,399
2022-02-18,Time Bazar,166,567
2022-02-19,Madhur Day,770,136
2022-02-19,Madhur Night,356,179
2022-02-19,Milan Night,124,340
2022-02-19,Rajdhani Day,890,590
2022-02-19,Sridevi,690,134
2022-02-19,Sridevi Night,289,557
2022-02-19,Time Bazar,238,225
2022-02-20,Madhur Day,799,457
2022-02-20,Sridevi,239,269
2022-02-20,Sridevi Night,117,689
2022-02-21,Kalyan Night,889,448
2022-02-21,Madhur Day,348,458
2022-02-21,Madhur Night,489,150
2022-02-21,Main Bazar,569,127
2022-02-21,Milan Night,780,466
2022-02-21,Rajdhani Day,179,148
2022-02-21,Rajdhani Night,330,670
2022-02-21,Sridevi,240,229
2022-02-21,Sridevi Night,588,367
2022-02-21,Time Bazar,269,569
2022-02-22,Kalyan Night,790,300
2022-02-22,Madhur Day,133,258
2022-02-22,Madhur Night,789,567
2022-02-22,Main Bazar,445,359
2022-02-22,Milan Night,156,123
2022-02-22,Rajdhani Day,224,130
2022-02-22,Rajdhani Night,130,157
2022-02-22,Sridevi,236,690
2022-02-22,Sridevi Night,260,246
2022-02-22,Time Bazar,124,660
2022-02-23,Kalyan Night,690,770
2022-02-23,Madhur Day,158,250
2022-02-23,Madhur Night,135,130
2022-02-23,Main Bazar,680,458
2022-02-23,Milan Night,460,400
2022-02-23,Rajdhani Day,670,377
2022-02-23,Rajdhani Night,799,340
2022-02-23,Sridevi,140,679
2022-02-23,Sridevi Night,148,118
2022-02-23,Time Bazar,134,136
2022-02-24,Kalyan Night,599,459
2022-02-24,Madhur Day,340,470
2022-02-24,Madhur Night,248,489
2022-02-24,Main Bazar,179,136
2022-02-24,Milan Night,689,168
2022-02-24,Rajdhani Day,450,390
2022-02-24,Rajdhani Night,346,256
2022-02-24,Sridevi,489,238
2022-02-24,Sridevi Night,358,890
2022-02-24,Time Bazar,168,150
2022-02-25,Kalyan Night,379,148
2022-02-25,Madhur Day,588,240
2022-02-25,Madhur Night,200,570
2022-02-25,Main Bazar,388,799
2022-02-25,Milan Night,577,237
2022-02-25,Rajdhani Day,490,470
2022-02-25,Rajdhani Night,470,377
2022-02-25,Sridevi,467,578
2022-02-25,Sridevi Night,688,290
2022-02-25,Time Bazar,578,690
2022-02-26,Madhur Day,148,160
2022-02-26,Madhur Night,790,167
2022-02-26,Milan Night,123,368
2022-02-26,Rajdhani Day,149,569
2022-02-26,Sridevi,359,589
2022-02-26,Sridevi Night,145,566
2022-02-26,Time Bazar,456,235
2022-02-27,Madhur Day,220,123
2022-02-27,Sridevi,156,779
2022-02-27,Sridevi Night,249,400
2022-02-28,Kalyan Night,378,347
2022-02-28,Madhur Day,990,440
2022-02-28,Madhur Night,358,467
2022-02-28,Main Bazar,116,167
2022-02-28,Milan Night,467,489
2022-02-28,Rajdhani Day,890,189
2022-02-28,Rajdhani Night,156,479
2022-02-28,Sridevi,458,147
2022-02-28,Sridevi Night,227,588
2022-02-28,Time Bazar,590,340
2022-03-01,Kalyan Night,123,169
2022-03-01,Madhur Day,670,230
2022-03-01,Madhur Night,269,118
2022-03-01,Main Bazar,790,180
2022-03-01,Milan Night,129,445
2022-03-01,Rajdhani Day,455,390
2022-03-01,Rajdhani Night,790,128
2022-03-01,Sridevi,335,366
2022-03-01,Sridevi Night,577,256
2022-03-01,Time Bazar,135,356
2022-03-02,Kalyan Night,459,168
2022-03-02,Madhur Day,188,448
2022-03-02,Madhur Night,239,478
2022-03-02,Main Bazar,259,267
2022-03-02,Milan Night,227,336
2022-03-02,Rajdhani Day,580,388
2022-03-02,Rajdhani Night,156,345
2022-03-02,Sridevi,490,127
2022-03-02,Sridevi Night,900,200
2022-03-02,Time Bazar,134,899
2022-03-03,Kalyan Night,899,348
2022-03-03,Madhur Day,456,234
2022-03-03,Madhur Night,550,779
2022-03-03,Main Bazar,790,557
2022-03-03,Milan Night,240,480
2022-03-03,Rajdhani Day,288,680
2022-03-03,Rajdhani Night,257,136
2022-03-03,Sridevi,689,235
2022-03-03,Sridevi Night,299,339
2022-03-03,Time Bazar,139,550
2022-03-04,Kalyan Night,288,125
2022-03-04,Madhur Day,149,779
2022-03-04,Madhur Night,568,235
2022-03-04,Main Bazar,780,457
2022-03-04,Milan Night,335,267
2022-03-04,Rajdhani Day,259,170
2022-03-04,Rajdhani Night,134,235
2022-03-04,Sridevi,138,478
2022-03-04,Sridevi Night,377,580
2022-03-04,Time Bazar,579,234
2022-03-05,Madhur Day,470,489
2022-03-05,Madhur Night,140,133
2022-03-05,Milan Night,800,579
2022-03-05,Rajdhani Day,240,158
2022-03-05,Sridevi,669,156
2022-03-05,Sridevi Night,369,468
2022-03-05,Time Bazar,247,128
2022-03-06,Madhur Day,170,126
2022-03-06,Sridevi,356,126
2022-03-06,Sridevi Night,230,268
2022-03-07,Kalyan Night,116,113
2022-03-07,Madhur Day,136,589
2022-03-07,Madhur Night,579,477
2022-03-07,Main Bazar,378,350
2022-03-07,Milan Night,468,114
2022-03-07,Rajdhani Day,458,180
2022-03-07,Rajdhani Night,129,477
2022-03-07,Sridevi,370,167
2022-03-07,Sridevi Night,690,479
2022-03-07,Time Bazar,149,270
2022-03-08,Kalyan Night,356,689
2022-03-08,Madhur Day,167,130
2022-03-08,Madhur Night,234,477
2022-03-08,Main Bazar,590,248
2022-03-08,Milan Night,688,136
2022-03-08,Rajdhani Day,126,445
2022-03-08,Rajdhani Night,560,337
2022-03-08,Sridevi,170,459
2022-03-08,Sridevi Night,779,470
2022-03-08,Time Bazar,240,188
2022-03-09,Kalyan Night,125,238
2022-03-09,Madhur Day,560,128
2022-03-09,Madhur Night,670,110
2022-03-09,Main Bazar,158,477
2022-03-09,Milan Night,166,225
2022-03-09,Rajdhani Day,680,345
2022-03-09,Rajdhani Night,900,460
2022-03-09,Sridevi,349,579
2022-03-09,Sridevi Night,139,789
2022-03-09,Time Bazar,245,250
2022-03-10,Kalyan Night,170,115
2022-03-10,Madhur Day,456,347
2022-03-10,Madhur Night,228,118
2022-03-10,Main Bazar,166,799
2022-03-10,Milan Night,800,467
2022-03-10,Rajdhani Day,466,459
2022-03-10,Rajdhani Night,346,148
2022-03-10,Sridevi,148,359
2022-03-10,Sridevi Night,689,149
2022-03-10,Time Bazar,478,470
2022-03-11,Kalyan Night,670,157
2022-03-11,Madhur Day,799,480
2022-03-11,Madhur Night,139,356
2022-03-11,Main Bazar,457,167
2022-03-11,Milan Night,125,245
2022-03-11,Rajdhani Day,129,678
2022-03-11,Rajdhani Night,356,146
2022-03-11,Sridevi,588,256
2022-03-11,Sridevi Night,990,239
2022-03-11,Time Bazar,245,788
2022-03-12,Madhur Day,268,990
2022-03-12,Madhur Night,348,136
2022-03-12,Milan Night,146,890
2022-03-12,Rajdhani Day,447,170
2022-03-12,Sridevi,236,690
2022-03-12,Sridevi Night,790,159
2022-03-12,Time Bazar,466,149
2022-03-13,Madhur Day,267,778
2022-03-13,Sridevi,128,589
2022-03-13,Sridevi Night,279,366
2022-03-14,Kalyan Night,345,130
2022-03-14,Madhur Day,467,123
2022-03-14,Madhur Night,168,560
2022-03-14,Main Bazar,338,270
2022-03-14,Milan Night,580,389
2022-03-14,Rajdhani Day,346,245
2022-03-14,Rajdhani Night,179,460
2022-03-14,Sridevi,368,340
2022-03-14,Sridevi Night,370,240
2022-03-14,Time Bazar,789,669
2022-03-15,Kalyan Night,789,369
2022-03-15,Madhur Day,155,133
2022-03-15,Madhur Night,225,900
2022-03-15,Main Bazar,339,478
2022-03-15,Milan Night,269,788
2022-03-15,Rajdhani Day,157,679
2022-03-15,Rajdhani Night,247,777
2022-03-15,Sridevi,357,269
2022-03-15,Sridevi Night,477,569
2022-03-15,Time Bazar,257,245
2022-03-16,Kalyan Night,258,269
2022-03-16,Madhur Day,139,566
2022-03-16,Madhur Night,890,266
2022-03-16,Main Bazar,688,458
2022-03-16,Milan Night,125,137
2022-03-16,Rajdhani Day,550,225
2022-03-16,Rajdhani Night,467,680
2022-03-16,Sridevi,780,258
2022-03-16,Sridevi Night,345,155
2022-03-16,Time Bazar,560,889
2022-03-17,Kalyan Night,126,578
2022-03-17,Madhur Day,680,267
2022-03-17,Madhur Night,111,125
2022-03-17,Main Bazar,278,246
2022-03-17,Milan Night,128,237
2022-03-17,Rajdhani Day,570,170
2022-03-17,Rajdhani Night,120,579
2022-03-17,Sridevi,900,666
2022-03-17,Sridevi Night,157,478
2022-03-17,Time Bazar,389,279
2022-03-19,Madhur Day,579,570
2022-03-19,Madhur Night,579,689
2022-03-19,Milan Night,368,267
2022-03-19,Rajdhani Day,778,134
2022-03-19,Sridevi,578,338
2022-03-19,Sridevi Night,120,880
2022-03-19,Time Bazar,130,159
2022-03-20,Madhur Day,558,480
2022-03-20,Sridevi,358,478
2022-03-20,Sridevi Night,778,568
2022-03-21,Kalyan Night,578,590
2022-03-21,Madhur Day,660,150
2022-03-21,Madhur Night,569,570
2022-03-21,Main Bazar,567,237
2022-03-21,Milan Night,670,478
2022-03-21,Rajdhani Day,359,470
2022-03-21,Rajdhani Night,467,249
2022-03-21,Sridevi,490,477
2022-03-21,Sridevi Night,399,899
2022-03-21,Time Bazar,270,245
2022-03-22,Kalyan Night,349,124
2022-03-22,Madhur Day,690,245
2022-03-22,Madhur Night,169,489
2022-03-22,Main Bazar,690,289
2022-03-22,Milan Night,368,690
2022-03-22,Rajdhani Day,380,660
2022-03-22,Rajdhani Night,290,469
2022-03-22,Sridevi,379,459
2022-03-22,Sridevi Night,457,389
2022-03-22,Time Bazar,140,167
2022-03-23,Kalyan Night,269,280
2022-03-23,Madhur Day,277,159
2022-03-23,Madhur Night,277,248
2022-03-23,Main Bazar,480,140
2022-03-23,Milan Night,130,136
2022-03-23,Rajdhani Day,226,169
2022-03-23,Rajdhani Night,690,140
2022-03-23,Sridevi,119,148
2022-03-23,Sridevi Night,129,140
2022-03-23,Time Bazar,179,270
2022-03-24,Kalyan Night,279,378
2022-03-24,Madhur Day,257,447
2022-03-24,Madhur Night,467,677
2022-03-24,Main Bazar,389,259
2022-03-24,Milan Night,150,258
2022-03-24,Rajdhani Day,489,127
2022-03-24,Rajdhani Night,158,570
2022-03-24,Sridevi,126,136
2022-03-24,Sridevi Night,780,567
2022-03-24,Time Bazar,234,170
2022-03-25,Kalyan Night,149,179
2022-03-25,Madhur Day,345,590
2022-03-25,Madhur Night,357,128
2022-03-25,Main Bazar,240,248
2022-03-25,Milan Night,146,356
2022-03-25,Rajdhani Day,167,259
2022-03-25,Rajdhani Night,179,368
2022-03-25,Sridevi,569,249
2022-03-25,Sridevi Night,566,577
2022-03-25,Time Bazar,150,345
2022-03-26,Madhur Day,159,370
2022-03-26,Madhur Night,289,470
2022-03-26,Milan Night,160,248
2022-03-26,Rajdhani Day,440,360
2022-03-26,Sridevi,256,345
2022-03-26,Sridevi Night,668,248
2022-03-26,Time Bazar,357,126
2022-03-27,Madhur Day,230,149
2022-03-27,Sridevi,190,348
2022-03-27,Sridevi Night,180,266
2022-03-28,Kalyan Night,790,189
2022-03-28,Madhur Day,357,249
2022-03-28,Madhur Night,567,460
2022-03-28,Main Bazar,489,234
2022-03-28,Milan Night,349,990
2022-03-28,Rajdhani Day,145,789
2022-03-28,Rajdhani Night,480,266
2022-03-28,Sridevi,158,349
2022-03-28,Sridevi Night,226,112
2022-03-28,Time Bazar,224,279
2022-03-29,Kalyan Night,389,234
2022-03-29,Madhur Day,489,147
2022-03-29,Madhur Night,780,456
2022-03-29,Main Bazar,156,226
2022-03-29,Milan Night,789,456
2022-03-29,Rajdhani Day,134,458
2022-03-29,Rajdhani Night,124,245
2022-03-29,Sridevi,135,590
2022-03-29,Sridevi Night,237,678
2022-03-29,Time Bazar,467,200
2022-03-30,Kalyan Night,456,568
2022-03-30,Madhur Day,246,130
2022-03-30,Madhur Night,235,567
2022-03-30,Main Bazar,280,160
2022-03-30,Milan Night,289,348
2022-03-30,Rajdhani Day,447,499
2022-03-30,Rajdhani Night,450,150
2022-03-30,Sridevi,578,379
2022-03-30,Sridevi Night,137,236
2022-03-30,Time Bazar,669,133
2022-03-31,Kalyan Night,356,249
2022-03-31,Madhur Day,399,119
2022-03-31,Madhur Night,480,338
2022-03-31,Main Bazar,400,330
2022-03-31,Milan Night,237,128
2022-03-31,Rajdhani Day,129,567
2022-03-31,Rajdhani Night,139,289
2022-03-31,Sridevi,235,112
2022-03-31,Sridevi Night,169,459
2022-03-31,Time Bazar,445,290
2022-04-01,Kalyan Night,289,336
2022-04-01,Madhur Day,399,380
2022-04-01,Madhur Night,123,380
2022-04-01,Main Bazar,789,200
2022-04-01,Milan Night,448,570
2022-04-01,Rajdhani Day,670,156
2022-04-01,Rajdhani Night,145,245
2022-04-01,Sridevi,467,458
2022-04-01,Sridevi Night,247,379
2022-04-01,Time Bazar,599,114
2022-04-02,Madhur Day,377,789
2022-04-02,Madhur Night,689,370
2022-04-02,Milan Night,138,467
2022-04-02,Rajdhani Day,220,169
2022-04-02,Sridevi,888,129
2022-04-02,Sridevi Night,280,167
2022-04-02,Time Bazar,167,240
2022-04-03,Madhur Day,467,234
2022-04-03,Sridevi,123,278
2022-04-03,Sridevi Night,255,344
2022-04-04,Kalyan Night,280,134
2022-04-04,Madhur Day,224,234
2022-04-04,Madhur Night,390,440
2022-04-04,Main Bazar,780,290
2022-04-04,Milan Night,290,246
2022-04-04,Rajdhani Day,569,338
2022-04-04,Rajdhani Night,568,258
2022-04-04,Sridevi,670,178
2022-04-04,Sridevi Night,558,267
2022-04-04,Time Bazar,277,348
2022-04-05,Kalyan Night,458,178
2022-04-05,Madhur Day,233,470
2022-04-05,Madhur Night,588,160
2022-04-05,Main Bazar,240,160
2022-04-05,Milan Night,157,150
2022-04-05,Rajdhani Day,560,200
2022-04-05,Rajdhani Night,488,246
2022-04-05,Sridevi,245,800
2022-04-05,Sridevi Night,168,334
2022-04-05,Time Bazar,670,244
2022-04-06,Kalyan Night,369,345
2022-04-06,Madhur Day,377,480
2022-04-06,Madhur Night,346,139
2022-04-06,Main Bazar,226,157
2022-04-06,Milan Night,247,890
2022-04-06,Rajdhani Day,156,388
2022-04-06,Rajdhani Night,689,346
2022-04-06,Sridevi,579,257
2022-04-06,Sridevi Night,128,147
2022-04-06,Time Bazar,590,789
2022-04-07,Kalyan Night,790,266
2022-04-07,Madhur Day,388,480
2022-04-07,Madhur Night,456,578
2022-04-07,Main Bazar,455,238
2022-04-07,Milan Night,280,270
2022-04-07,Rajdhani Day,289,345
2022-04-07,Rajdhani Night,249,160
2022-04-07,Sridevi,133,500
2022-04-07,Sridevi Night,479,569
2022-04-07,Time Bazar,347,780
2022-04-08,Kalyan Night,148,488
2022-04-08,Madhur Day,127,157
2022-04-08,Madhur Night,789,245
2022-04-08,Main Bazar,225,480
2022-04-08,Milan Night,200,366
2022-04-08,Rajdhani Day,556,160
2022-04-08,Rajdhani Night,578,156
2022-04-08,Sridevi,700,117
2022-04-08,Sridevi Night,114,778
2022-04-08,Time Bazar,668,288
2022-04-09,Madhur Day,456,369
2022-04-09,Madhur Night,455,229
2022-04-09,Milan Night,270,145
2022-04-09,Rajdhani Day,899,569
2022-04-09,Sridevi,567,257
2022-04-09,Sridevi Night,449,278
2022-04-09,Time Bazar,127,400
2022-04-10,Madhur Day,160,568
2022-04-10,Sridevi,124,488
2022-04-10,Sridevi Night,340,123
2022-04-11,Kalyan Night,456,268
2022-04-11,Madhur Day,123,889
2022-04-11,Madhur Night,114,230
2022-04-11,Main Bazar,127,670
2022-04-11,Milan Night,780,129
2022-04-11,Rajdhani Day,459,140
2022-04-11,Rajdhani Night,590,139
2022-04-11,Sridevi,267,378
2022-04-11,Sridevi Night,147,335
2022-04-11,Time Bazar,249,467
2022-04-12,Kalyan Night,347,489
2022-04-12,Madhur Day,260,400
2022-04-12,Madhur Night,233,357
2022-04-12,Main Bazar,150,236
2022-04-12,Milan Night,289,335
2022-04-12,Rajdhani Day,468,156
2022-04-12,Rajdhani Night,557,269
2022-04-12,Sridevi,357,236
2022-04-12,Sridevi Night,110,588
2022-04-12,Time Bazar,569,289
2022-04-13,Kalyan Night,560,360
2022-04-13,Madhur Day,139,345
2022-04-13,Madhur Night,360,233
2022-04-13,Main Bazar,680,240
2022-04-13,Milan Night,590,578
2022-04-13,Rajdhani Day,115,168
2022-04-13,Rajdhani Night,137,157
2022-04-13,Sridevi,590,259
2022-04-13,Sridevi Night,270,800
2022-04-13,Time Bazar,188,789
2022-04-14,Kalyan Night,138,123
2022-04-14,Madhur Day,688,338
2022-04-14,Madhur Night,800,148
2022-04-14,Main Bazar,148,200
2022-04-14,Milan Night,118,346
2022-04-14,Rajdhani Day,580,399
2022-04-14,Rajdhani Night,357,255
2022-04-14,Sridevi,247,400
2022-04-14,Sridevi Night,245,125
2022-04-14,Time Bazar,269,578
2022-04-15,Kalyan Night,770,330
2022-04-15,Madhur Day,160,122
2022-04-15,Madhur Night,460,159
2022-04-15,Main Bazar,167,890
2022-04-15,Milan Night,257,457
2022-04-15,Rajdhani Day,560,449
2022-04-15,Rajdhani Night,145,360
2022-04-15,Sridevi,289,489
2022-04-15,Sridevi Night,356,160
2022-04-15,Time Bazar,123,357
2022-04-16,Madhur Day,356,250
2022-04-16,Madhur Night,570,227
2022-04-16,Milan Night,259,470
2022-04-16,Rajdhani Day,148,234
2022-04-16,Sridevi,128,460
2022-04-16,Sridevi Night,490,367
2022-04-16,Time Bazar,470,268
2022-04-17,Madhur Day,125,590
2022-04-17,Sridevi,890,457
2022-04-17,Sridevi Night,239,390
2022-04-18,Kalyan Night,478,470
2022-04-18,Madhur Day,470,479
2022-04-18,Madhur Night,245,788
2022-04-18,Main Bazar,188,237
2022-04-18,Milan Night,570,269
2022-04-18,Rajdhani Day,248,130
2022-04-18,Rajdhani Night,455,789
2022-04-18,Sridevi,458,234
2022-04-18,Sridevi Night,170,134
2022-04-18,Time Bazar,457,140
2022-04-19,Kalyan Night,446,230
2022-04-19,Madhur Day,117,145
2022-04-19,Madhur Night,245,247
2022-04-19,Main Bazar,468,167
2022-04-19,Milan Night,356,468
2022-04-19,Rajdhani Day,255,567
2022-04-19,Rajdhani Night,680,180
2022-04-19,Sridevi,700,199
2022-04-19,Sridevi Night,349,169
2022-04-19,Time Bazar,478,115
2022-04-20,Kalyan Night,390,129
2022-04-20,Madhur Day,369,358
2022-04-20,Madhur Night,556,233
2022-04-20,Main Bazar,133,145
2022-04-20,Milan Night,100,490
2022-04-20,Rajdhani Day,246,259
2022-04-20,Rajdhani Night,448,234
2022-04-20,Sridevi,156,150
2022-04-20,Sridevi Night,158,460
2022-04-20,Time Bazar,127,159
2022-04-21,Kalyan Night,335,158
2022-04-21,Madhur Day,477,459
2022-04-21,Madhur Night,448,126
2022-04-21,Main Bazar,458,460
2022-04-21,Milan Night,560,367
2022-04-21,Rajdhani Day,366,239
2022-04-21,Rajdhani Night,156,138
2022-04-21,Sridevi,369,279
2022-04-21,Sridevi Night,370,368
2022-04-21,Time Bazar,260,778
2022-04-22,Kalyan Night,125,568
2022-04-22,Madhur Day,350,489
2022-04-22,Madhur Night,246,117
2022-04-22,Main Bazar,134,568
2022-04-22,Milan Night,350,138
2022-04-22,Rajdhani Day,590,166
2022-04-22,Rajdhani Night,127,468
2022-04-22,Sridevi,127,167
2022-04-22,Sridevi Night,467,780
2022-04-22,Time Bazar,669,137
2022-04-23,Madhur Day,588,788
2022-04-23,Madhur Night,566,367
2022-04-23,Milan Night,126,489
2022-04-23,Rajdhani Day,388,289
2022-04-23,Sridevi,180,170
2022-04-23,Sridevi Night,479,235
2022-04-23,Time Bazar,257,148
2022-04-24,Madhur Day,156,379
2022-04-24,Sridevi,256,134
2022-04-24,Sridevi Night,590,370
2022-04-25,Kalyan Night,169,239
2022-04-25,Madhur Day,379,788
2022-04-25,Madhur Night,670,244
2022-04-25,Main Bazar,179,990
2022-04-25,Milan Night,460,466
2022-04-25,Rajdhani Day,680,567
2022-04-25,Rajdhani Night,889,115
2022-04-25,Sridevi,569,478
2022-04-25,Sridevi Night,679,445
2022-04-25,Time Bazar,113,690
2022-04-26,Kalyan Night,259,167
2022-04-26,Madhur Day,259,290
2022-04-26,Madhur Night,669,134
2022-04-26,Main Bazar,190,238
2022-04-26,Milan Night,338,667
2022-04-26,Rajdhani Day,569,126
2022-04-26,Rajdhani Night,258,389
2022-04-26,Sridevi,688,559
2022-04-26,Sridevi Night,119,346
2022-04-26,Time Bazar,567,380
2022-04-27,Kalyan Night,255,335
2022-04-27,Madhur Day,670,588
2022-04-27,Madhur Night,267,479
2022-04-27,Main Bazar,160,258
2022-04-27,Milan Night,244,789
2022-04-27,Rajdhani Day,200,460
2022-04-27,Rajdhani Night,340,356
2022-04-27,Sridevi,389,558
2022-04-27,Sridevi Night,177,190
2022-04-27,Time Bazar,345,225
2022-04-28,Kalyan Night,458,160
2022-04-28,Madhur Day,267,360
2022-04-28,Madhur Night,459,356
2022-04-28,Main Bazar,245,599
2022-04-28,Milan Night,246,500
2022-04-28,Rajdhani Day,170,188
2022-04-28,Rajdhani Night,460,488
2022-04-28,Sridevi,899,236
2022-04-28,Sridevi Night,667,458
2022-04-28,Time Bazar,470,349
2022-04-29,Kalyan Night,679,450
2022-04-29,Madhur Day,669,250
2022-04-29,Madhur Night,334,579
2022-04-29,Main Bazar,135,150
2022-04-29,Milan Night,445,559
2022-04-29,Rajdhani Day,468,457
2022-04-29,Rajdhani Night,699,569
2022-04-29,Sridevi,368,356
2022-04-29,Sridevi Night,149,267
2022-04-29,Time Bazar,125,467
2022-04-30,Madhur Day,348,136
2022-04-30,Madhur Night,489,369
2022-04-30,Milan Night,237,180
2022-04-30,Rajdhani Day,177,678
2022-04-30,Sridevi,566,399
2022-04-30,Sridevi Night,147,660
2022-04-30,Time Bazar,400,380
2022-05-01,Madhur Day,346,258
2022-05-01,Sridevi,226,346
2022-05-01,Sridevi Night,269,379
2022-05-02,Kalyan Night,459,288
2022-05-02,Madhur Day,468,368
2022-05-02,Madhur Night,300,127
2022-05-02,Main Bazar,568,330
2022-05-02,Milan Night,115,169
2022-05-02,Rajdhani Day,567,359
2022-05-02,Rajdhani Night,237,368
2022-05-02,Sridevi,788,224
2022-05-02,Sridevi Night,345,200
2022-05-02,Time Bazar,460,260
2022-05-03,Kalyan Night,448,300
2022-05-03,Madhur Day,399,256
2022-05-03,Madhur Night,670,778
2022-05-03,Main Bazar,138,390
2022-05-03,Milan Night,227,356
2022-05-03,Rajdhani Day,366,367
2022-05-03,Rajdhani Night,580,228
2022-05-03,Sridevi,178,240
2022-05-03,Sridevi Night,146,135
2022-05-03,Time Bazar,578,478
2022-05-04,Kalyan Night,460,223
2022-05-04,Madhur Day,458,900
2022-05-04,Madhur Night,578,450
2022-05-04,Main Bazar,280,344
2022-05-04,Milan Night,129,578
2022-05-04,Rajdhani Day,470,788
2022-05-04,Rajdhani Night,369,690
2022-05-04,Sridevi,200,390
2022-05-04,Sridevi Night,579,367
2022-05-04,Time Bazar,557,179
2022-05-05,Kalyan Night,890,388
2022-05-05,Madhur Day,278,250
2022-05-05,Madhur Night,335,555
2022-05-05,Main Bazar,670,890
2022-05-05,Milan Night,249,236
2022-05-05,Rajdhani Day,246,557
2022-05-05,Rajdhani Night,247,459
2022-05-05,Sridevi,679,460
2022-05-05,Sridevi Night,680,268
2022-05-05,Time Bazar,330,370
2022-05-06,Kalyan Night,389,356
2022-05-06,Madhur Day,560,148
2022-05-06,Madhur Night,578,380
2022-05-06,Main Bazar,227,577
2022-05-06,Milan Night,559,125
2022-05-06,Rajdhani Day,699,135
2022-05-06,Rajdhani Night,256,234
2022-05-06,Sridevi,688,560
2022-05-06,Sridevi Night,447,457
2022-05-06,Time Bazar,138,489
2022-05-07,Madhur Day,128,268
2022-05-07,Madhur Night,125,277
2022-05-07,Milan Night,137,179
2022-05-07,Rajdhani Day,169,129
2022-05-07,Sridevi,149,244
2022-05-07,Sridevi Night,400,390
2022-05-07,Time Bazar,128,126
2022-05-08,Madhur Day,440,247
2022-05-08,Sridevi,369,789
2022-05-08,Sridevi Night,357,880
2022-05-09,Kalyan Night,359,379
2022-05-09,Madhur Day,250,370
2022-05-09,Madhur Night,240,230
2022-05-09,Main Bazar,470,246
2022-05-09,Rajdhani Day,889,149
2022-05-09,Rajdhani Night,389,178
2022-05-09,Sridevi,890,459
2022-05-09,Sridevi Night,138,244
2022-05-09,Time Bazar,579,560
2022-05-10,Kalyan Night,580,246
2022-05-10,Madhur Day,246,159
2022-05-10,Madhur Night,399,120
2022-05-10,Main Bazar,334,568
2022-05-10,Milan Night,266,178
2022-05-10,Rajdhani Day,590,133
2022-05-10,Rajdhani Night,225,590
2022-05-10,Sridevi,158,579
2022-05-10,Sridevi Night,223,478
2022-05-10,Time Bazar,239,780
2022-05-11,Kalyan Night,127,255
2022-05-11,Madhur Day,140,678
2022-05-11,Madhur Night,380,257
2022-05-11,Main Bazar,330,280
2022-05-11,Sridevi,289,459
2022-05-12,Kalyan Night,177,126
2022-05-12,Madhur Day,250,240
2022-05-12,Madhur Night,300,190
2022-05-12,Main Bazar,130,158
2022-05-12,Milan Night,566,179
2022-05-12,Rajdhani Day,189,267
2022-05-12,Rajdhani Night,228,268
2022-05-12,Sridevi,390,479
2022-05-12,Sridevi Night,237,117
2022-05-12,Time Bazar,113,145
2022-05-13,Kalyan Night,557,880
2022-05-13,Madhur Day,356,277
2022-05-13,Madhur Night,126,469
2022-05-13,Main Bazar,346,688
2022-05-13,Milan Night,468,289
2022-05-13,Rajdhani Day,227,130
2022-05-13,Rajdhani Night,489,168
2022-05-13,Sridevi,567,155
2022-05-13,Sridevi Night,456,160
2022-05-13,Time Bazar,180,170
2022-05-14,Madhur Day,335,180
2022-05-14,Madhur Night,140,477
2022-05-14,Milan Night,457,288
2022-05-14,Rajdhani Day,136,140
2022-05-14,Sridevi,136,120
2022-05-14,Sridevi Night,179,348
2022-05-14,Time Bazar,478,500
2022-05-15,Madhur Day,233,780
2022-05-15,Sridevi,280,468
2022-05-15,Sridevi Night,670,159
2022-05-16,Kalyan Night,267,146
2022-05-16,Madhur Day,330,269
2022-05-16,Madhur Night,270,148
2022-05-16,Main Bazar,359,140
2022-05-16,Milan Night,469,249
2022-05-16,Rajdhani Day,267,225
2022-05-16,Rajdhani Night,349,348
2022-05-16,Sridevi,145,580
2022-05-16,Sridevi Night,556,370
2022-05-16,Time Bazar,249,348
2022-05-17,Kalyan Night,490,779
2022-05-17,Madhur Day,268,680
2022-05-17,Madhur Night,157,569
2022-05-17,Main Bazar,118,340
2022-05-17,Milan Night,468,144
2022-05-17,Rajdhani Day,124,488
2022-05-17,Rajdhani Night,134,128
2022-05-17,Sridevi,178,190
2022-05-17,Sridevi Night,290,330
2022-05-17,Time Bazar,269,347
2022-05-18,Kalyan Night,489,239
2022-05-18,Madhur Day,779,134
2022-05-18,Madhur Night,689,180
2022-05-18,Main Bazar,377,468
2022-05-18,Milan Night,240,236
2022-05-18,Rajdhani Day,499,179
2022-05-18,Rajdhani Night,800,178
2022-05-18,Sridevi,359,568
2022-05-18,Sridevi Night,279,149
2022-05-18,Time Bazar,280,558
2022-05-19,Kalyan Night,678,236
2022-05-19,Madhur Day,125,677
2022-05-19,Madhur Night,337,450
2022-05-19,Main Bazar,166,229
2022-05-19,Milan Night,340,590
2022-05-19,Rajdhani Day,127,357
2022-05-19,Rajdhani Night,346,570
2022-05-19,Sridevi,146,348
2022-05-19,Sridevi Night,157,256
2022-05-19,Time Bazar,349,149
2022-05-20,Kalyan Night,358,590
2022-05-20,Madhur Day,118,389
2022-05-20,Madhur Night,100,580
2022-05-20,Main Bazar,235,569
2022-05-20,Milan Night,238,680
2022-05-20,Rajdhani Day,134,560
2022-05-20,Rajdhani Night,477,349
2022-05-20,Sridevi,237,245
2022-05-20,Sridevi Night,490,145
2022-05-20,Time Bazar,377,388
2022-05-21,Madhur Day,558,233
2022-05-21,Madhur Night,679,145
2022-05-21,Milan Night,479,148
2022-05-21,Rajdhani Day,167,136
2022-05-21,Sridevi,358,189
2022-05-21,Sridevi Night,347,239
2022-05-21,Time Bazar,460,278
2022-05-22,Madhur Day,890,490
2022-05-22,Sridevi,169,138
2022-05-22,Sridevi Night,789,550
2022-05-23,Kalyan Night,233,349
2022-05-23,Madhur Day,260,458
2022-05-23,Madhur Night,366,120
2022-05-23,Main Bazar,470,689
2022-05-23,Milan Night,135,489
2022-05-23,Rajdhani Day,119,135
2022-05-23,Rajdhani Night,148,138
2022-05-23,Sridevi,150,450
2022-05-23,Sridevi Night,126,780
2022-05-23,Time Bazar,459,380
2022-05-24,Kalyan Night,290,590
2022-05-24,Madhur Day,247,880
2022-05-24,Madhur Night,459,224
2022-05-24,Main Bazar,290,148
2022-05-24,Milan Night,679,478
2022-05-24,Rajdhani Day,124,459
2022-05-24,Rajdhani Night,678,160
2022-05-24,Sridevi,234,223
2022-05-24,Sridevi Night,118,679
2022-05-24,Time Bazar,100,150
2022-05-25,Kalyan Night,138,560
2022-05-25,Madhur Day,256,156
2022-05-25,Madhur Night,360,129
2022-05-25,Main Bazar,389,156
2022-05-25,Milan Night,459,100
2022-05-25,Rajdhani Day,469,227
2022-05-25,Rajdhani Night,569,114
2022-05-25,Sridevi,158,124
2022-05-25,Sridevi Night,133,344
2022-05-25,Time Bazar,790,145
2022-05-26,Kalyan Night,189,589
2022-05-26,Madhur Day,560,668
2022-05-26,Madhur Night,770,789
2022-05-26,Main Bazar,670,367
2022-05-26,Milan Night,489,580
2022-05-26,Rajdhani Day,115,490
2022-05-26,Rajdhani Night,250,170
2022-05-26,Sridevi,148,469
2022-05-26,Sridevi Night,244,129
2022-05-26,Time Bazar,446,123
2022-05-27,Kalyan Night,560,258
2022-05-27,Madhur Day,688,278
2022-05-27,Madhur Night,680,266
2022-05-27,Main Bazar,490,127
2022-05-27,Milan Night,245,280
2022-05-27,Rajdhani Day,380,489
2022-05-27,Rajdhani Night,556,256
2022-05-27,Sridevi,258,117
2022-05-27,Sridevi Night,346,247
2022-05-27,Time Bazar,557,147
2022-05-28,Madhur Day,134,280
2022-05-28,Madhur Night,788,279
2022-05-28,Milan Night,390,568
2022-05-28,Rajdhani Day,346,159
2022-05-28,Sridevi,137,468
2022-05-28,Sridevi Night,199,355
2022-05-28,Time Bazar,339,115
2022-05-29,Madhur Day,578,789
2022-05-29,Sridevi,789,278
2022-05-29,Sridevi Night,233,234
2022-05-30,Kalyan Night,470,340
2022-05-30,Madhur Day,459,159
2022-05-30,Madhur Night,378,480
2022-05-30,Main Bazar,470,790
2022-05-30,Milan Night,224,344
2022-05-30,Rajdhani Day,369,134
2022-05-30,Rajdhani Night,118,136
2022-05-30,Sridevi,235,123
2022-05-30,Sridevi Night,567,389
2022-05-30,Time Bazar,136,159
2022-05-31,Kalyan Night,227,178
2022-05-31,Madhur Day,345,667
2022-05-31,Madhur Night,450,590
2022-05-31,Main Bazar,590,267
2022-05-31,Milan Night,900,349
2022-05-31,Rajdhani Day,245,169
2022-05-31,Rajdhani Night,190,156
2022-05-31,Sridevi,145,347
2022-05-31,Sridevi Night,337,157
2022-05-31,Time Bazar,347,349
2022-06-01,Kalyan Night,789,125
2022-06-01,Madhur Day,268,469
2022-06-01,Madhur Night,235,889
2022-06-01,Main Bazar,358,680
2022-06-01,Milan Night,568,240
2022-06-01,Rajdhani Day,600,334
2022-06-01,Rajdhani Night,147,690
2022-06-01,Sridevi,569,178
2022-06-01,Sridevi Night,168,130
2022-06-01,Time Bazar,270,146
2022-06-02,Kalyan Night,227,556
2022-06-02,Madhur Day,489,468
2022-06-02,Madhur Night,258,800
2022-06-02,Main Bazar,557,778
2022-06-02,Milan Night,246,150
2022-06-02,Rajdhani Day,470,137
2022-06-02,Rajdhani Night,179,135
2022-06-02,Sridevi,160,359
2022-06-02,Sridevi Night,770,800
2022-06-02,Time Bazar,457,123
2022-06-03,Kalyan Night,245,789
2022-06-03,Madhur Day,146,799
2022-06-03,Madhur Night,340,139
2022-06-03,Main Bazar,480,669
2022-06-03,Milan Night,456,158
2022-06-03,Rajdhani Day,159,255
2022-06-03,Rajdhani Night,379,127
2022-06-03,Sridevi,790,268
2022-06-03,Sridevi Night,137,678
2022-06-03,Time Bazar,240,558
2022-06-04,Madhur Day,779,110
2022-06-04,Madhur Night,246,569
2022-06-04,Milan Night,237,580
2022-06-04,Rajdhani Day,179,280
2022-06-04,Sridevi,356,237
2022-06-04,Sridevi Night,568,360
2022-06-04,Time Bazar,688,290
2022-06-05,Madhur Day,156,128
2022-06-05,Sridevi,240,379
2022-06-05,Sridevi Night,123,189
2022-06-06,Kalyan Night,135,168
2022-06-06,Madhur Day,267,160
2022-06-06,Madhur Night,229,457
2022-06-06,Main Bazar,360,559
2022-06-06,Milan Night,368,368
2022-06-06,Rajdhani Day,246,167
2022-06-06,Rajdhani Night,236,580
2022-06-06,Sridevi,578,489
2022-06-06,Sridevi Night,112,490
2022-06-06,Time Bazar,345,125
2022-06-07,Kalyan Night,234,128
2022-06-07,Madhur Day,670,139
2022-06-07,Madhur Night,340,129
2022-06-07,Main Bazar,345,236
2022-06-07,Milan Night,126,168
2022-06-07,Rajdhani Day,788,149
2022-06-07,Rajdhani Night,150,334
2022-06-07,Sridevi,570,146
2022-06-07,Sridevi Night,459,156
2022-06-07,Time Bazar,244,145
2022-06-08,Kalyan Night,390,278
2022-06-08,Madhur Day,130,146
2022-06-08,Madhur Night,138,356
2022-06-08,Main Bazar,400,880
2022-06-08,Milan Night,249,345
2022-06-08,Rajdhani Day,336,470
2022-06-08,Rajdhani Night,126,880
2022-06-08,Sridevi,890,246
2022-06-08,Sridevi Night,358,477
2022-06-08,Time Bazar,225,400
2022-06-09,Kalyan Night,800,445
2022-06-09,Madhur Day,139,136
2022-06-09,Madhur Night,245,400
2022-06-09,Main Bazar,247,334
2022-06-09,Milan Night,356,236
2022-06-09,Rajdhani Day,226,169
2022-06-09,Rajdhani Night,700,134
2022-06-09,Sridevi,140,234
2022-06-09,Sridevi Night,448,160
2022-06-09,Time Bazar,800,170
2022-06-10,Kalyan Night,200,790
2022-06-10,Madhur Day,477,568
2022-06-10,Madhur Night,123,120
2022-06-10,Main Bazar,168,377
2022-06-10,Milan Night,178,249
2022-06-10,Rajdhani Day,158,346
2022-06-10,Rajdhani Night,110,366
2022-06-10,Sridevi,177,379
2022-06-10,Sridevi Night,270,239
2022-06-10,Time Bazar,266,589
2022-06-11,Madhur Day,388,345
2022-06-11,Madhur Night,449,457
2022-06-11,Milan Night,348,245
2022-06-11,Rajdhani Day,178,200
2022-06-11,Sridevi,488,290
2022-06-11,Sridevi Night,340,447
2022-06-11,Time Bazar,600,130
2022-06-12,Madhur Day,179,470
2022-06-12,Sridevi,699,140
2022-06-12,Sridevi Night,589,245
2022-06-13,Kalyan Night,359,578
2022-06-13,Madhur Day,800,588
2022-06-13,Madhur Night,122,244
2022-06-13,Main Bazar,460,133
2022-06-13,Milan Night,370,346
2022-06-13,Rajdhani Day,450,170
2022-06-13,Rajdhani Night,244,579
2022-06-13,Sridevi,460,168
2022-06-13,Sridevi Night,478,189
2022-06-13,Time Bazar,690,160
2022-06-14,Kalyan Night,280,778
2022-06-14,Madhur Day,267,134
2022-06-14,Madhur Night,226,370
2022-06-14,Main Bazar,344,140
2022-06-14,Milan Night,279,378
2022-06-14,Rajdhani Day,359,119
2022-06-14,Rajdhani Night,389,266
2022-06-14,Sridevi,470,568
2022-06-14,Sridevi Night,220,580
2022-06-14,Time Bazar,288,249
2022-06-15,Kalyan Night,280,490
2022-06-15,Madhur Day,258,458
2022-06-15,Madhur Night,279,458
2022-06-15,Main Bazar,128,150
2022-06-15,Milan Night,148,160
2022-06-15,Rajdhani Day,889,168
2022-06-15,Rajdhani Night,147,499
2022-06-15,Sridevi,180,250
2022-06-15,Sridevi Night,134,223
2022-06-15,Time Bazar,260,370
2022-06-16,Kalyan Night,290,889
2022-06-16,Madhur Day,468,577
2022-06-16,Madhur Night,470,799
2022-06-16,Main Bazar,247,580
2022-06-16,Milan Night,188,124
2022-06-16,Rajdhani Day,890,560
2022-06-16,Rajdhani Night,126,134
2022-06-16,Sridevi,346,336
2022-06-16,Sridevi Night,570,450
2022-06-16,Time Bazar,668,567
2022-06-17,Kalyan Night,128,689
2022-06-17,Madhur Day,248,459
2022-06-17,Madhur Night,166,389
2022-06-17,Main Bazar,448,236
2022-06-17,Milan Night,556,257
2022-06-17,Rajdhani Day,266,679
2022-06-17,Rajdhani Night,260,130
2022-06-17,Sridevi,159,257
2022-06-17,Sridevi Night,124,128
2022-06-17,Time Bazar,128,135
2022-06-18,Madhur Day,122,123
2022-06-18,Madhur Night,256,190
2022-06-18,Milan Night,347,570
2022-06-18,Rajdhani Day,129,670
2022-06-18,Sridevi,470,345
2022-06-18,Sridevi Night,578,399
2022-06-18,Time Bazar,167,278
2022-06-19,Madhur Day,248,580
2022-06-19,Sridevi,558,368
2022-06-19,Sridevi Night,300,260
2022-06-20,Kalyan Night,147,129
2022-06-20,Madhur Day,780,278
2022-06-20,Madhur Night,248,120
2022-06-20,Main Bazar,230,346
2022-06-20,Milan Night,112,244
2022-06-20,Rajdhani Day,136,378
2022-06-20,Rajdhani Night,169,200
2022-06-20,Sridevi,367,119
2022-06-20,Sridevi Night,344,177
2022-06-20,Time Bazar,458,688
2022-06-21,Kalyan Night,234,277
2022-06-21,Madhur Day,238,348
2022-06-21,Madhur Night,577,550
2022-06-21,Main Bazar,158,399
2022-06-21,Milan Night,250,237
2022-06-21,Rajdhani Day,356,688
2022-06-21,Rajdhani Night,449,457
2022-06-21,Sridevi,690,379
2022-06-21,Sridevi Night,357,578
2022-06-21,Time Bazar,133,480
2022-06-22,Kalyan Night,144,260
2022-06-22,Madhur Day,457,226
2022-06-22,Madhur Night,590,117
2022-06-22,Main Bazar,160,677
2022-06-22,Milan Night,800,137
2022-06-22,Rajdhani Day,466,136
2022-06-22,Rajdhani Night,150,578
2022-06-22,Sridevi,235,689
2022-06-22,Sridevi Night,125,139
2022-06-22,Time Bazar,790,779
2022-06-23,Kalyan Night,220,660
2022-06-23,Madhur Day,479,340
2022-06-23,Madhur Night,378,134
2022-06-23,Main Bazar,568,590
2022-06-23,Milan Night,134,236
2022-06-23,Rajdhani Day,259,900
2022-06-23,Rajdhani Night,133,277
2022-06-23,Sridevi,230,680
2022-06-23,Sridevi Night,145,347
2022-06-23,Time Bazar,568,279
2022-06-24,Kalyan Night,678,380
2022-06-24,Madhur Day,140,589
2022-06-24,Madhur Night,119,790
2022-06-24,Main Bazar,290,220
2022-06-24,Milan Night,133,190
2022-06-24,Rajdhani Day,479,467
2022-06-24,Rajdhani Night,190,256
2022-06-24,Sridevi,359,679
2022-06-24,Sridevi Night,180,389
2022-06-24,Time Bazar,290,500
2022-06-25,Madhur Day,116,880
2022-06-25,Madhur Night,148,667
2022-06-25,Milan Night,447,137
2022-06-25,Rajdhani Day,559,126
2022-06-25,Sridevi,589,169
2022-06-25,Sridevi Night,356,248
2022-06-25,Time Bazar,233,347
2022-06-26,Madhur Day,237,567
2022-06-26,Sridevi,380,188
2022-06-26,Sridevi Night,246,125
2022-06-27,Kalyan Night,247,589
2022-06-27,Madhur Day,135,247
2022-06-27,Madhur Night,113,379
2022-06-27,Main Bazar,255,148
2022-06-27,Milan Night,560,778
2022-06-27,Rajdhani Day,156,167
2022-06-27,Rajdhani Night,238,148
2022-06-27,Sridevi,256,390
2022-06-27,Sridevi Night,199,670
2022-06-27,Time Bazar,170,259
2022-06-28,Kalyan Night,236,690
2022-06-28,Madhur Day,167,899
2022-06-28,Madhur Night,137,558
2022-06-28,Main Bazar,150,279
2022-06-28,Milan Night,489,169
2022-06-28,Rajdhani Day,266,560
2022-06-28,Rajdhani Night,340,266
2022-06-28,Sridevi,679,456
2022-06-28,Sridevi Night,166,688
2022-06-28,Time Bazar,459,260
2022-06-29,Kalyan Night,788,449
2022-06-29,Madhur Day,458,367
2022-06-29,Madhur Night,579,238
2022-06-29,Main Bazar,227,490
2022-06-29,Milan Night,677,117
2022-06-29,Rajdhani Day,456,299
2022-06-29,Rajdhani Night,150,469
2022-06-29,Sridevi,238,247
2022-06-29,Sridevi Night,269,348
2022-06-29,Time Bazar,466,578
2022-06-30,Kalyan Night,145,389
2022-06-30,Madhur Day,130,559
2022-06-30,Madhur Night,340,166
2022-06-30,Main Bazar,478,560
2022-06-30,Milan Night,388,130
2022-06-30,Rajdhani Day,123,236
2022-06-30,Rajdhani Night,226,459
2022-06-30,Sridevi,128,560
2022-06-30,Sridevi Night,578,669
2022-06-30,Time Bazar,578,900
2022-07-01,Kalyan Night,568,367
2022-07-01,Madhur Day,460,255
2022-07-01,Madhur Night,330,667
2022-07-01,Main Bazar,278,388
2022-07-01,Milan Night,378,690
2022-07-01,Rajdhani Day,299,239
2022-07-01,Rajdhani Night,457,360
2022-07-01,Sridevi,128,450
2022-07-01,Sridevi Night,460,115
2022-07-01,Time Bazar,778,339
2022-07-02,Madhur Day,266,226
2022-07-02,Madhur Night,580,567
2022-07-02,Milan Night,170,235
2022-07-02,Rajdhani Day,389,144
2022-07-02,Sridevi,168,379
2022-07-02,Sridevi Night,127,110
2022-07-02,Time Bazar,340,677
2022-07-03,Madhur Day,380,124
2022-07-03,Sridevi,160,346
2022-07-03,Sridevi Night,558,467
2022-07-04,Kalyan Night,244,477
2022-07-04,Madhur Day,389,460
2022-07-04,Madhur Night,367,126
2022-07-04,Main Bazar,268,349
2022-07-04,Milan Night,155,499
2022-07-04,Rajdhani Day,459,345
2022-07-04,Rajdhani Night,169,899
2022-07-04,Sridevi,350,279
2022-07-04,Sridevi Night,600,469
2022-07-04,Time Bazar,249,380
2022-07-05,Kalyan Night,260,157
2022-07-05,Madhur Day,589,157
2022-07-05,Madhur Night,347,270
2022-07-05,Main Bazar,445,688
2022-07-05,Milan Night,289,148
2022-07-05,Rajdhani Day,340,467
2022-07-05,Rajdhani Night,147,157
2022-07-05,Sridevi,478,258
2022-07-05,Sridevi Night,244,568
2022-07-05,Time Bazar,667,390
2022-07-06,Kalyan Night,570,460
2022-07-06,Madhur Day,199,168
2022-07-06,Madhur Night,259,168
2022-07-06,Main Bazar,470,349
2022-07-06,Milan Night,456,277
2022-07-06,Rajdhani Day,288,120
2022-07-06,Rajdhani Night,124,780
2022-07-06,Sridevi,240,239
2022-07-06,Sridevi Night,590,146
2022-07-06,Time Bazar,345,356
2022-07-07,Kalyan Night,880,588
2022-07-07,Madhur Day,128,788
2022-07-07,Madhur Night,890,677
2022-07-07,Main Bazar,790,238
2022-07-07,Milan Night,479,460
2022-07-07,Rajdhani Day,157,244
2022-07-07,Rajdhani Night,249,158
2022-07-07,Sridevi,259,167
2022-07-07,Sridevi Night,468,890
2022-07-07,Time Bazar,249,247
2022-07-08,Kalyan Night,128,137
2022-07-08,Madhur Day,678,259
2022-07-08,Madhur Night,378,699
2022-07-08,Main Bazar,590,140
2022-07-08,Milan Night,770,577
2022-07-08,Rajdhani Day,137,560
2022-07-08,Rajdhani Night,600,138
2022-07-08,Sridevi,124,490
2022-07-08,Sridevi Night,799,337
2022-07-08,Time Bazar,145,128
2022-07-09,Madhur Day,279,149
2022-07-09,Madhur Night,137,478
2022-07-09,Milan Night,150,789
2022-07-09,Rajdhani Day,178,330
2022-07-09,Sridevi,457,367
2022-07-09,Sridevi Night,245,567
2022-07-09,Time Bazar,390,234
2022-07-10,Sridevi,222,178
2022-07-10,Sridevi Night,157,280
2022-07-11,Kalyan Night,156,336
2022-07-11,Madhur Day,166,556
2022-07-11,Madhur Night,190,489
2022-07-11,Main Bazar,160,148
2022-07-11,Milan Night,679,290
2022-07-11,Rajdhani Day,140,460
2022-07-11,Rajdhani Night,270,340
2022-07-11,Sridevi,447,345
2022-07-11,Sridevi Night,390,900
2022-07-11,Time Bazar,117,249
2022-07-12,Kalyan Night,235,459
2022-07-12,Madhur Day,350,259
2022-07-12,Madhur Night,260,780
2022-07-12,Main Bazar,379,245
2022-07-12,Milan Night,340,180
2022-07-12,Rajdhani Day,345,257
2022-07-12,Rajdhani Night,190,688
2022-07-12,Sridevi,589,578
2022-07-12,Sridevi Night,110,189
2022-07-12,Time Bazar,349,129
2022-07-13,Kalyan Night,225,688
2022-07-13,Madhur Day,580,458
2022-07-13,Madhur Night,258,278
2022-07-13,Main Bazar,570,269
2022-07-13,Milan Night,455,990
2022-07-13,Rajdhani Day,880,799
2022-07-13,Rajdhani Night,560,237
2022-07-13,Sridevi,345,558
2022-07-13,Sridevi Night,136,167
2022-07-13,Time Bazar,480,367
2022-07-14,Kalyan Night,670,670
2022-07-14,Madhur Day,110,579
2022-07-14,Madhur Night,889,340
2022-07-14,Main Bazar,139,178
2022-07-14,Milan Night,689,226
2022-07-14,Rajdhani Day,399,456
2022-07-14,Rajdhani Night,177,699
2022-07-14,Sridevi,237,150
2022-07-14,Sridevi Night,660,137
2022-07-14,Time Bazar,199,246
2022-07-15,Kalyan Night,190,337
2022-07-15,Madhur Day,559,125
2022-07-15,Madhur Night,489,256
2022-07-15,Main Bazar,389,446
2022-07-15,Milan Night,113,129
2022-07-15,Rajdhani Day,268,246
2022-07-15,Rajdhani Night,558,190
2022-07-15,Sridevi,789,369
2022-07-15,Sridevi Night,379,366
2022-07-15,Time Bazar,136,160
2022-07-16,Madhur Day,889,123
2022-07-16,Madhur Night,478,255
2022-07-16,Milan Night,378,140
2022-07-16,Rajdhani Day,330,500
2022-07-16,Sridevi,580,347
2022-07-16,Sridevi Night,234,179
2022-07-16,Time Bazar,457,336
2022-07-17,Madhur Day,677,880
2022-07-17,Sridevi,678,360
2022-07-17,Sridevi Night,369,359
2022-07-18,Kalyan Night,455,355
2022-07-18,Madhur Day,349,378
2022-07-18,Madhur Night,340,290
2022-07-18,Main Bazar,340,588
2022-07-18,Milan Night,259,240
2022-07-18,Rajdhani Day,129,134
2022-07-18,Rajdhani Night,690,139
2022-07-18,Sridevi,990,579
2022-07-18,Sridevi Night,240,267
2022-07-18,Time Bazar,112,247
2022-07-19,Kalyan Night,115,345
2022-07-19,Madhur Day,144,280
2022-07-19,Madhur Night,345,670
2022-07-19,Main Bazar,246,349
2022-07-19,Milan Night,126,158
2022-07-19,Rajdhani Day,334,179
2022-07-19,Rajdhani Night,224,280
2022-07-19,Sridevi,770,900
2022-07-19,Sridevi Night,460,158
2022-07-19,Time Bazar,137,145
2022-07-20,Kalyan Night,689,466
2022-07-20,Madhur Day,159,348
2022-07-20,Madhur Night,358,279
2022-07-20,Main Bazar,136,239
2022-07-20,Milan Night,188,460
2022-07-20,Rajdhani Day,359,269
2022-07-20,Rajdhani Night,780,180
2022-07-20,Sridevi,358,169
2022-07-20,Sridevi Night,889,279
2022-07-20,Time Bazar,799,445
2022-07-21,Kalyan Night,458,245
2022-07-21,Madhur Day,145,257
2022-07-21,Madhur Night,299,149
2022-07-21,Main Bazar,237,669
2022-07-21,Milan Night,245,490
2022-07-21,Rajdhani Day,158,338
2022-07-21,Rajdhani Night,126,445
2022-07-21,Sridevi,299,233
2022-07-21,Sridevi Night,366,690
2022-07-21,Time Bazar,378,368
2022-07-22,Kalyan Night,680,459
2022-07-22,Madhur Day,250,348
2022-07-22,Madhur Night,145,128
2022-07-22,Main Bazar,248,559
2022-07-22,Milan Night,345,378
2022-07-22,Rajdhani Day,110,169
2022-07-22,Rajdhani Night,229,336
2022-07-22,Sridevi,458,244
2022-07-22,Sridevi Night,345,157
2022-07-22,Time Bazar,370,480
2022-07-23,Madhur Day,168,140
2022-07-23,Madhur Night,128,156
2022-07-23,Milan Night,567,126
2022-07-23,Rajdhani Day,590,345
2022-07-23,Sridevi,489,147
2022-07-23,Sridevi Night,480,159
2022-07-23,Time Bazar,567,558
2022-07-24,Madhur Day,900,237
2022-07-24,Sridevi,389,467
2022-07-24,Sridevi Night,699,236
2022-07-25,Kalyan Night,479,118
2022-07-25,Madhur Day,145,480
2022-07-25,Madhur Night,460,467
2022-07-25,Main Bazar,577,568
2022-07-25,Milan Night,560,788
2022-07-25,Rajdhani Day,460,159
2022-07-25,Rajdhani Night,700,340
2022-07-25,Sridevi,349,134
2022-07-25,Sridevi Night,126,880
2022-07-25,Time Bazar,347,355
2022-07-26,Kalyan Night,334,350
2022-07-26,Madhur Day,338,259
2022-07-26,Madhur Night,168,146
2022-07-26,Main Bazar,190,249
2022-07-26,Milan Night,227,179
2022-07-26,Rajdhani Day,799,569
2022-07-26,Rajdhani Night,270,570
2022-07-26,Sridevi,157,267
2022-07-26,Sridevi Night,350,268
2022-07-26,Time Bazar,569,360
2022-07-27,Kalyan Night,677,668
2022-07-27,Madhur Day,479,390
2022-07-27,Madhur Night,330,226
2022-07-27,Main Bazar,367,370
2022-07-27,Milan Night,690,127
2022-07-27,Rajdhani Day,990,156
2022-07-27,Rajdhani Night,350,677
2022-07-27,Sridevi,400,135
2022-07-27,Sridevi Night,256,260
2022-07-27,Time Bazar,688,558
2022-07-28,Kalyan Night,348,157
2022-07-28,Madhur Day,278,120
2022-07-28,Madhur Night,166,700
2022-07-28,Main Bazar,240,180
2022-07-28,Milan Night,789,240
2022-07-28,Rajdhani Day,450,446
2022-07-28,Rajdhani Night,259,367
2022-07-28,Sridevi,234,278
2022-07-28,Sridevi Night,288,224
2022-07-28,Time Bazar,240,566
2022-07-29,Kalyan Night,124,178
2022-07-29,Madhur Day,239,990
2022-07-29,Madhur Night,250,124
2022-07-29,Main Bazar,179,458
2022-07-29,Milan Night,289,240
2022-07-29,Rajdhani Day,160,890
2022-07-29,Rajdhani Night,356,158
2022-07-29,Sridevi,339,180
2022-07-29,Sridevi Night,290,569
2022-07-29,Time Bazar,369,270
2022-07-30,Madhur Day,500,367
2022-07-30,Madhur Night,138,137
2022-07-30,Milan Night,136,289
2022-07-30,Rajdhani Day,480,455
2022-07-30,Sridevi,668,678
2022-07-30,Sridevi Night,269,455
2022-07-30,Time Bazar,469,139
2022-07-31,Madhur Day,366,249
2022-07-31,Sridevi,190,250
2022-07-31,Sridevi Night,230,225
2022-08-01,Kalyan Night,349,558
2022-08-01,Madhur Day,679,890
2022-08-01,Madhur Night,344,177
2022-08-01,Main Bazar,267,700
2022-08-01,Milan Night,178,278
2022-08-01,Rajdhani Day,569,168
2022-08-01,Rajdhani Night,130,349
2022-08-01,Sridevi,778,279
2022-08-01,Sridevi Night,578,677
2022-08-01,Time Bazar,145,170
2022-08-02,Kalyan Night,170,899
2022-08-02,Madhur Day,336,178
2022-08-02,Madhur Night,225,678
2022-08-02,Main Bazar,126,880
2022-08-02,Milan Night,690,130
2022-08-02,Rajdhani Day,146,157
2022-08-02,Rajdhani Night,280,248
2022-08-02,Sridevi,347,688
2022-08-02,Sridevi Night,589,334
2022-08-02,Time Bazar,169,788
2022-08-03,Kalyan Night,899,379
2022-08-03,Madhur Day,569,127
2022-08-03,Madhur Night,468,589
2022-08-03,Main Bazar,490,170
2022-08-03,Milan Night,257,489
2022-08-03,Rajdhani Day,119,240
2022-08-03,Rajdhani Night,128,369
2022-08-03,Sridevi,248,567
2022-08-03,Sridevi Night,346,468
2022-08-03,Time Bazar,360,128
2022-08-04,Kalyan Night,489,348
2022-08-04,Madhur Day,799,159
2022-08-04,Madhur Night,459,346
2022-08-04,Main Bazar,136,157
2022-08-04,Milan Night,680,248
2022-08-04,Rajdhani Day,449,189
2022-08-04,Rajdhani Night,127,137
2022-08-04,Sridevi,130,246
2022-08-04,Sridevi Night,789,340
2022-08-04,Time Bazar,679,477
2022-08-05,Kalyan Night,799,588
2022-08-05,Madhur Day,478,149
2022-08-05,Madhur Night,457,130
2022-08-05,Main Bazar,679,460
2022-08-05,Milan Night,569,890
2022-08-05,Rajdhani Day,468,166
2022-08-05,Rajdhani Night,389,367
2022-08-05,Sridevi,489,136
2022-08-05,Sridevi Night,245,579
2022-08-05,Time Bazar,480,569
2022-08-06,Madhur Day,147,156
2022-08-06,Madhur Night,445,225
2022-08-06,Milan Night,158,157
2022-08-06,Rajdhani Day,157,499
2022-08-06,Sridevi,490,678
2022-08-06,Sridevi Night,458,467
2022-08-06,Time Bazar,447,230
2022-08-07,Madhur Day,120,399
2022-08-07,Sridevi,369,445
2022-08-07,Sridevi Night,199,259
2022-08-08,Kalyan Night,268,177
2022-08-08,Madhur Day,149,569
2022-08-08,Madhur Night,166,114
2022-08-08,Main Bazar,177,136
2022-08-08,Milan Day,488,244
2022-08-08,Milan Night,400,670
2022-08-08,Rajdhani Day,467,168
2022-08-08,Rajdhani Night,269,115
2022-08-08,Sridevi,138,233
2022-08-08,Sridevi Night,260,559
2022-08-08,Time Bazar,560,689
2022-08-09,Kalyan Night,116,288
2022-08-09,Madhur Day,448,789
2022-08-09,Madhur Night,990,280
2022-08-09,Main Bazar,158,138
2022-08-09,Milan Day,680,470
2022-08-09,Milan Night,179,467
2022-08-09,Rajdhani Day,245,247
2022-08-09,Rajdhani Night,447,233
2022-08-09,Sridevi,358,778
2022-08-09,Sridevi Night,134,140
2022-08-09,Time Bazar,457,399
2022-08-10,Kalyan Night,189,367
2022-08-10,Madhur Day,899,240
2022-08-10,Madhur Night,459,700
2022-08-10,Main Bazar,257,138
2022-08-10,Milan Day,679,360
2022-08-10,Milan Night,377,690
2022-08-10,Rajdhani Day,399,279
2022-08-10,Rajdhani Night,267,244
2022-08-10,Sridevi,267,236
2022-08-10,Sridevi Night,468,258
2022-08-10,Time Bazar,267,447
2022-08-11,Kalyan Night,268,122
2022-08-11,Madhur Day,348,258
2022-08-11,Madhur Night,456,900
2022-08-11,Main Bazar,199,369
2022-08-11,Milan Day,557,224
2022-08-11,Milan Night,467,246
2022-08-11,Rajdhani Day,479,990
2022-08-11,Rajdhani Night,134,467
2022-08-11,Sridevi,890,290
2022-08-11,Sridevi Night,488,377
2022-08-11,Time Bazar,236,170
2022-08-12,Kalyan Night,468,345
2022-08-12,Madhur Day,490,349
2022-08-12,Madhur Night,578,899
2022-08-12,Main Bazar,660,279
2022-08-12,Milan Day,589,177
2022-08-12,Milan Night,134,560
2022-08-12,Rajdhani Day,780,348
2022-08-12,Rajdhani Night,136,147
2022-08-12,Sridevi,137,350
2022-08-12,Sridevi Night,680,114
2022-08-12,Time Bazar,234,225
2022-08-13,Madhur Day,190,113
2022-08-13,Madhur Night,122,588
2022-08-13,Milan Day,157,456
2022-08-13,Milan Night,569,370
2022-08-13,Rajdhani Day,177,100
2022-08-13,Sridevi,159,147
2022-08-13,Sridevi Night,400,779
2022-08-13,Time Bazar,568,119
2022-08-14,Madhur Day,247,348
2022-08-14,Sridevi,479,178
2022-08-14,Sridevi Night,456,346
2022-08-16,Kalyan Night,125,260
2022-08-16,Madhur Day,567,478
2022-08-16,Madhur Night,699,188
2022-08-16,Main Bazar,588,589
2022-08-16,Milan Day,800,399
2022-08-16,Milan Night,234,456
2022-08-16,Rajdhani Day,135,148
2022-08-16,Rajdhani Night,470,188
2022-08-16,Sridevi,129,580
2022-08-16,Sridevi Night,600,370
2022-08-16,Time Bazar,459,247
2022-08-17,Kalyan Night,400,224
2022-08-17,Madhur Day,679,339
2022-08-17,Madhur Night,166,128
2022-08-17,Main Bazar,135,770
2022-08-17,Milan Day,340,128
2022-08-17,Milan Night,168,337
2022-08-17,Rajdhani Day,339,346
2022-08-17,Rajdhani Night,348,156
2022-08-17,Sridevi,279,460
2022-08-17,Sridevi Night,480,248
2022-08-17,Time Bazar,467,347
2022-08-18,Kalyan Night,449,200
2022-08-18,Madhur Day,138,458
2022-08-18,Madhur Night,367,230
2022-08-18,Main Bazar,690,344
2022-08-18,Milan Day,460,239
2022-08-18,Milan Night,230,459
2022-08-18,Rajdhani Day,368,223
2022-08-18,Rajdhani Night,170,147
2022-08-18,Sridevi,134,126
2022-08-18,Sridevi Night,289,135
2022-08-18,Time Bazar,133,450
2022-08-19,Kalyan Night,148,139
2022-08-19,Madhur Day,226,499
2022-08-19,Madhur Night,135,467
2022-08-19,Main Bazar,179,126
2022-08-19,Milan Day,457,140
2022-08-19,Milan Night,456,460
2022-08-19,Rajdhani Day,247,169
2022-08-19,Rajdhani Night,389,225
2022-08-19,Sridevi,389,267
2022-08-19,Sridevi Night,345,269
2022-08-19,Time Bazar,890,459
2022-08-20,Madhur Day,146,146
2022-08-20,Madhur Night,467,259
2022-08-20,Milan Day,278,370
2022-08-20,Milan Night,345,120
2022-08-20,Rajdhani Day,113,467
2022-08-20,Sridevi,569,234
2022-08-20,Sridevi Night,688,147
2022-08-20,Time Bazar,113,556
2022-08-21,Madhur Day,178,120
2022-08-21,Sridevi,248,570
2022-08-21,Sridevi Night,330,448
2022-08-22,Kalyan Night,260,150
2022-08-22,Madhur Day,669,578
2022-08-22,Madhur Night,455,690
2022-08-22,Main Bazar,166,120
2022-08-22,Milan Day,578,378
2022-08-22,Milan Night,488,124
2022-08-22,Rajdhani Day,369,560
2022-08-22,Rajdhani Night,450,336
2022-08-22,Sridevi,670,469
2022-08-22,Sridevi Night,369,460
2022-08-22,Time Bazar,139,800
2022-08-23,Kalyan Night,277,157
2022-08-23,Madhur Day,224,134
2022-08-23,Madhur Night,900,239
2022-08-23,Main Bazar,568,559
2022-08-23,Milan Day,679,900
2022-08-23,Milan Night,147,180
2022-08-23,Rajdhani Day,350,500
2022-08-23,Rajdhani Night,778,259
2022-08-23,Sridevi,200,125
2022-08-23,Sridevi Night,680,112
2022-08-23,Time Bazar,224,446
2022-08-24,Kalyan Night,458,590
2022-08-24,Madhur Day,450,455
2022-08-24,Madhur Night,259,126
2022-08-24,Main Bazar,236,199
2022-08-24,Milan Day,580,189
2022-08-24,Milan Night,456,135
2022-08-24,Rajdhani Day,255,140
2022-08-24,Rajdhani Night,236,690
2022-08-24,Sridevi,677,449
2022-08-24,Sridevi Night,899,136
2022-08-24,Time Bazar,115,148
2022-08-25,Kalyan Night,118,789
2022-08-25,Madhur Day,127,116
2022-08-25,Madhur Night,180,224
2022-08-25,Main Bazar,133,900
2022-08-25,Milan Day,125,880
2022-08-25,Milan Night,358,159
2022-08-25,Rajdhani Day,680,247
2022-08-25,Rajdhani Night,790,499
2022-08-25,Sridevi,356,770
2022-08-25,Sridevi Night,380,469
2022-08-25,Time Bazar,566,399
2022-08-26,Kalyan Night,139,248
2022-08-26,Madhur Day,150,238
2022-08-26,Madhur Night,460,156
2022-08-26,Main Bazar,349,559
2022-08-26,Milan Day,146,124
2022-08-26,Milan Night,478,458
2022-08-26,Rajdhani Day,356,340
2022-08-26,Rajdhani Night,399,166
2022-08-26,Sridevi,468,334
2022-08-26,Sridevi Night,467,578
2022-08-26,Time Bazar,588,257
2022-08-27,Madhur Day,234,770
2022-08-27,Madhur Night,226,270
2022-08-27,Milan Day,245,125
2022-08-27,Milan Night,350,156
2022-08-27,Rajdhani Day,150,670
2022-08-27,Sridevi,567,227
2022-08-27,Sridevi Night,169,458
2022-08-27,Time Bazar,345,470
2022-08-28,Madhur Day,239,670
2022-08-28,Sridevi,134,555
2022-08-28,Sridevi Night,790,235
2022-08-29,Kalyan Night,246,680
2022-08-29,Madhur Day,157,245
2022-08-29,Madhur Night,560,129
2022-08-29,Main Bazar,358,378
2022-08-29,Milan Day,488,238
2022-08-29,Milan Night,480,236
2022-08-29,Rajdhani Day,225,237
2022-08-29,Rajdhani Night,179,770
2022-08-29,Sridevi,128,340
2022-08-29,Sridevi Night,379,577
2022-08-29,Time Bazar,680,458
2022-08-30,Kalyan Night,368,349
2022-08-30,Madhur Day,120,556
2022-08-30,Madhur Night,578,357
2022-08-30,Main Bazar,349,179
2022-08-30,Milan Day,345,368
2022-08-30,Milan Night,490,390
2022-08-30,Rajdhani Day,120,240
2022-08-30,Rajdhani Night,689,590
2022-08-30,Sridevi,279,120
2022-08-30,Sridevi Night,133,359
2022-08-30,Time Bazar,779,178
2022-08-31,Kalyan Night,166,389
2022-08-31,Madhur Day,359,360
2022-08-31,Madhur Night,477,240
2022-08-31,Main Bazar,247,170
2022-08-31,Rajdhani Day,245,359
2022-08-31,Rajdhani Night,588,366
2022-08-31,Sridevi,367,258
2022-08-31,Sridevi Night,300,336
2022-09-01,Kalyan Night,346,799
2022-09-01,Madhur Day,340,127
2022-09-01,Madhur Night,247,449
2022-09-01,Main Bazar,348,127
2022-09-01,Milan Day,566,448
2022-09-01,Milan Night,460,578
2022-09-01,Rajdhani Day,249,112
2022-09-01,Rajdhani Night,346,579
2022-09-01,Sridevi,357,112
2022-09-01,Sridevi Night,699,155
2022-09-01,Time Bazar,139,134
2022-09-02,Kalyan Night,170,269
2022-09-02,Madhur Day,789,467
2022-09-02,Madhur Night,150,330
2022-09-02,Main Bazar,366,139
2022-09-02,Milan Day,378,234
2022-09-02,Milan Night,560,247
2022-09-02,Rajdhani Day,477,235
2022-09-02,Rajdhani Night,478,800
2022-09-02,Sridevi,700,556
2022-09-02,Sridevi Night,119,446
2022-09-02,Time Bazar,679,399
2022-09-03,Madhur Day,138,149
2022-09-03,Madhur Night,266,300
2022-09-03,Milan Day,560,289
2022-09-03,Milan Night,279,578
2022-09-03,Rajdhani Day,136,236
2022-09-03,Sridevi,370,458
2022-09-03,Sridevi Night,157,344
2022-09-03,Time Bazar,135,357
2022-09-04,Madhur Day,460,157
2022-09-04,Sridevi,235,670
2022-09-04,Sridevi Night,189,679
2022-09-05,Kalyan Night,136,689
2022-09-05,Madhur Day,460,157
2022-09-05,Madhur Night,358,678
2022-09-05,Main Bazar,136,146
2022-09-05,Milan Day,378,345
2022-09-05,Milan Night,670,345
2022-09-05,Rajdhani Day,110,356
2022-09-05,Rajdhani Night,377,168
2022-09-05,Sridevi,269,467
2022-09-05,Sridevi Night,455,122
2022-09-05,Time Bazar,169,178
2022-09-06,Kalyan Night,129,689
2022-09-06,Madhur Day,400,299
2022-09-06,Madhur Night,690,346
2022-09-06,Main Bazar,359,778
2022-09-06,Milan Day,590,578
2022-09-06,Milan Night,125,246
2022-09-06,Rajdhani Day,669,129
2022-09-06,Rajdhani Night,170,288
2022-09-06,Sridevi,179,160
2022-09-06,Sridevi Night,127,788
2022-09-06,Time Bazar,225,668
2022-09-07,Kalyan Night,138,389
2022-09-07,Madhur Day,158,267
2022-09-07,Madhur Night,889,234
2022-09-07,Main Bazar,269,257
2022-09-07,Milan Day,556,480
2022-09-07,Milan Night,459,257
2022-09-07,Rajdhani Day,158,568
2022-09-07,Rajdhani Night,590,133
2022-09-07,Sridevi,245,300
2022-09-07,Sridevi Night,455,588
2022-09-07,Time Bazar,478,158
2022-09-08,Kalyan Night,289,370
2022-09-08,Madhur Day,145,239
2022-09-08,Madhur Night,340,990
2022-09-08,Main Bazar,249,356
2022-09-08,Milan Day,366,700
2022-09-08,Milan Night,139,156
2022-09-08,Rajdhani Day,578,125
2022-09-08,Rajdhani Night,568,140
2022-09-08,Sridevi,780,230
2022-09-08,Sridevi Night,589,779
2022-09-08,Time Bazar,288,279
2022-09-09,Kalyan Night,478,580
2022-09-09,Madhur Day,580,128
2022-09-09,Madhur Night,137,147
2022-09-09,Main Bazar,269,118
2022-09-09,Milan Day,569,679
2022-09-09,Milan Night,160,160
2022-09-09,Rajdhani Day,250,120
2022-09-09,Rajdhani Night,177,246
2022-09-09,Sridevi,470,779
2022-09-09,Sridevi Night,459,177
2022-09-09,Time Bazar,366,668
2022-09-10,Madhur Day,239,579
2022-09-10,Madhur Night,167,449
2022-09-10,Milan Day,127,690
2022-09-10,Milan Night,390,178
2022-09-10,Rajdhani Day,357,220
2022-09-10,Sridevi,120,278
2022-09-10,Sridevi Night,580,128
2022-09-10,Time Bazar,146,230
2022-09-11,Madhur Day,567,249
2022-09-11,Sridevi,124,356
2022-09-11,Sridevi Night,126,469
2022-09-12,Kalyan Night,477,359
2022-09-12,Madhur Day,266,688
2022-09-12,Madhur Night,488,337
2022-09-12,Main Bazar,337,128
2022-09-12,Milan Day,220,356
2022-09-12,Milan Night,468,449
2022-09-12,Rajdhani Day,146,278
2022-09-12,Rajdhani Night,238,260
2022-09-12,Sridevi,349,180
2022-09-12,Sridevi Night,234,270
2022-09-12,Time Bazar,570,339
2022-09-13,Kalyan Night,346,167
2022-09-13,Madhur Day,900,470
2022-09-13,Madhur Night,157,145
2022-09-13,Main Bazar,890,147
2022-09-13,Milan Day,346,660
2022-09-13,Milan Night,457,369
2022-09-13,Rajdhani Day,488,678
2022-09-13,Rajdhani Night,460,277
2022-09-13,Sridevi,233,256
2022-09-13,Sridevi Night,245,668
2022-09-13,Time Bazar,359,390
2022-09-14,Kalyan Night,245,890
2022-09-14,Madhur Day,378,289
2022-09-14,Madhur Night,177,556
2022-09-14,Main Bazar,689,223
2022-09-14,Milan Day,458,146
2022-09-14,Milan Night,349,357
2022-09-14,Rajdhani Day,690,668
2022-09-14,Rajdhani Night,247,155
2022-09-14,Sridevi,689,990
2022-09-14,Sridevi Night,137,179
2022-09-14,Time Bazar,249,225
2022-09-15,Kalyan Night,223,244
2022-09-15,Madhur Day,367,166
2022-09-15,Madhur Night,488,470
2022-09-15,Main Bazar,122,459
2022-09-15,Milan Day,346,400
2022-09-15,Milan Night,140,299
2022-09-15,Rajdhani Day,267,570
2022-09-15,Rajdhani Night,470,157
2022-09-15,Sridevi,699,557
2022-09-15,Sridevi Night,247,350
2022-09-15,Time Bazar,137,478
2022-09-16,Kalyan Night,560,158
2022-09-16,Madhur Day,126,127
2022-09-16,Madhur Night,145,378
2022-09-16,Main Bazar,357,448
2022-09-16,Milan Day,340,234
2022-09-16,Milan Night,136,145
2022-09-16,Rajdhani Day,149,568
2022-09-16,Rajdhani Night,257,588
2022-09-16,Sridevi,125,112
2022-09-16,Sridevi Night,770,457
2022-09-16,Time Bazar,900,580
2022-09-17,Madhur Day,479,148
2022-09-17,Madhur Night,355,579
2022-09-17,Milan Day,358,168
2022-09-17,Milan Night,467,890
2022-09-17,Rajdhani Day,770,500
2022-09-17,Sridevi,668,149
2022-09-17,Sridevi Night,600,180
2022-09-17,Time Bazar,578,234
2022-09-18,Madhur Day,240,278
2022-09-18,Sridevi,115,258
2022-09-18,Sridevi Night,246,244
2022-09-19,Kalyan Night,149,160
2022-09-19,Madhur Day,345,157
2022-09-19,Madhur Night,380,145
2022-09-19,Main Bazar,300,258
2022-09-19,Milan Day,119,890
2022-09-19,Milan Night,124,130
2022-09-19,Rajdhani Day,260,680
2022-09-19,Rajdhani Night,122,550
2022-09-19,Sridevi,127,590
2022-09-19,Sridevi Night,334,137
2022-09-19,Time Bazar,236,140
2022-09-20,Kalyan Night,267,289
2022-09-20,Madhur Day,679,118
2022-09-20,Madhur Night,138,388
2022-09-20,Main Bazar,349,577
2022-09-20,Milan Day,670,233
2022-09-20,Milan Night,339,135
2022-09-20,Rajdhani Day,567,670
2022-09-20,Rajdhani Night,127,145
2022-09-20,Sridevi,579,223
2022-09-20,Sridevi Night,160,156
2022-09-20,Time Bazar,488,118
2022-09-21,Kalyan Night,257,990
2022-09-21,Madhur Day,677,277
2022-09-21,Madhur Night,678,220
2022-09-21,Main Bazar,118,338
2022-09-21,Milan Day,120,137
2022-09-21,Milan Night,167,680
2022-09-21,Rajdhani Day,466,290
2022-09-21,Rajdhani Night,245,445
2022-09-21,Sridevi,260,449
2022-09-21,Sridevi Night,789,134
2022-09-21,Time Bazar,258,340
2022-09-22,Kalyan Night,336,126
2022-09-22,Madhur Day,478,344
2022-09-22,Madhur Night,359,689
2022-09-22,Main Bazar,239,134
2022-09-22,Milan Day,137,237
2022-09-22,Milan Night,155,770
2022-09-22,Rajdhani Day,560,379
2022-09-22,Rajdhani Night,356,670
2022-09-22,Sridevi,236,478
2022-09-22,Sridevi Night,460,290
2022-09-22,Time Bazar,456,136
2022-09-23,Kalyan Night,145,157
2022-09-23,Madhur Day,127,167
2022-09-23,Madhur Night,990,156
2022-09-23,Main Bazar,270,590
2022-09-23,Milan Day,128,179
2022-09-23,Milan Night,147,116
2022-09-23,Rajdhani Day,380,445
2022-09-23,Rajdhani Night,238,459
2022-09-23,Sridevi,169,145
2022-09-23,Sridevi Night,566,130
2022-09-23,Time Bazar,249,250
2022-09-24,Madhur Day,158,127
2022-09-24,Madhur Night,168,479
2022-09-24,Milan Day,128,445
2022-09-24,Milan Night,178,166
2022-09-24,Rajdhani Day,147,112
2022-09-24,Sridevi,448,247
2022-09-24,Sridevi Night,367,790
2022-09-24,Time Bazar,229,880
2022-09-25,Madhur Day,158,358
2022-09-25,Sridevi,267,568
2022-09-25,Sridevi Night,599,467
2022-09-26,Kalyan Night,340,490
2022-09-26,Madhur Day,457,188
2022-09-26,Madhur Night,250,450
2022-09-26,Main Bazar,579,567
2022-09-26,Milan Day,115,199
2022-09-26,Milan Night,339,245
2022-09-26,Rajdhani Day,148,190
2022-09-26,Rajdhani Night,118,479
2022-09-26,Sridevi,260,148
2022-09-26,Sridevi Night,569,579
2022-09-26,Time Bazar,169,229
2022-09-27,Kalyan Night,235,579
2022-09-27,Madhur Day,134,480
2022-09-27,Madhur Night,578,477
2022-09-27,Main Bazar,557,356
2022-09-27,Milan Day,259,290
2022-09-27,Milan Night,600,670
2022-09-27,Rajdhani Day,249,160
2022-09-27,Rajdhani Night,189,880
2022-09-27,Sridevi,290,489
2022-09-27,Sridevi Night,358,278
2022-09-27,Time Bazar,145,349
2022-09-28,Kalyan Night,369,369
2022-09-28,Madhur Day,899,235
2022-09-28,Madhur Night,245,678
2022-09-28,Main Bazar,880,189
2022-09-28,Milan Day,170,448
2022-09-28,Milan Night,899,118
2022-09-28,Rajdhani Day,890,177
2022-09-28,Rajdhani Night,478,380
2022-09-28,Sridevi,144,778
2022-09-28,Sridevi Night,147,689
2022-09-28,Time Bazar,379,566
2022-09-29,Kalyan Night,359,230
2022-09-29,Madhur Day,679,580
2022-09-29,Madhur Night,890,445
2022-09-29,Main Bazar,457,470
2022-09-29,Milan Day,477,145
2022-09-29,Milan Night,679,357
2022-09-29,Rajdhani Day,889,480
2022-09-29,Rajdhani Night,890,137
2022-09-29,Sridevi,790,455
2022-09-29,Sridevi Night,355,139
2022-09-29,Time Bazar,157,477
2022-09-30,Kalyan Night,570,779
2022-09-30,Madhur Day,129,268
2022-09-30,Madhur Night,259,890
2022-09-30,Main Bazar,370,990
2022-09-30,Milan Day,133,299
2022-09-30,Milan Night,457,170
2022-09-30,Rajdhani Day,460,300
2022-09-30,Rajdhani Night,678,357
2022-09-30,Sridevi,568,160
2022-09-30,Sridevi Night,125,340
2022-09-30,Time Bazar,128,223
2022-10-01,Madhur Day,680,370
2022-10-01,Madhur Night,330,778
2022-10-01,Milan Day,134,679
2022-10-01,Milan Night,200,137
2022-10-01,Rajdhani Day,570,356
2022-10-01,Sridevi,134,170
2022-10-01,Sridevi Night,356,577
2022-10-01,Time Bazar,189,358
2022-10-02,Madhur Day,288,239
2022-10-02,Sridevi,230,150
2022-10-02,Sridevi Night,578,667
2022-10-03,Kalyan Night,489,388
2022-10-03,Madhur Day,458,366
2022-10-03,Madhur Night,139,580
2022-10-03,Main Bazar,224,257
2022-10-03,Milan Day,679,467
2022-10-03,Milan Night,370,137
2022-10-03,Rajdhani Day,157,580
2022-10-03,Rajdhani Night,480,124
2022-10-03,Sridevi,346,168
2022-10-03,Sridevi Night,116,199
2022-10-03,Time Bazar,249,199
2022-10-04,Kalyan Night,488,380
2022-10-04,Madhur Day,468,670
2022-10-04,Madhur Night,780,479
2022-10-04,Main Bazar,299,355
2022-10-04,Milan Day,178,469
2022-10-04,Milan Night,117,280
2022-10-04,Rajdhani Day,458,336
2022-10-04,Rajdhani Night,267,240
2022-10-04,Sridevi,244,256
2022-10-04,Sridevi Night,160,258
2022-10-04,Time Bazar,368,468
2022-10-05,Kalyan Night,556,359
2022-10-05,Madhur Day,470,469
2022-10-05,Madhur Night,568,178
2022-10-05,Main Bazar,156,130
2022-10-05,Milan Day,660,129
2022-10-05,Milan Night,670,467
2022-10-05,Rajdhani Day,480,389
2022-10-05,Rajdhani Night,799,114
2022-10-05,Sridevi,578,458
2022-10-05,Sridevi Night,290,190
2022-10-05,Time Bazar,160,689
2022-10-06,Kalyan Night,118,155
2022-10-06,Madhur Day,358,600
2022-10-06,Main Bazar,124,590
2022-10-06,Milan Day,340,477
2022-10-06,Milan Night,278,112
2022-10-06,Rajdhani Day,220,489
2022-10-06,Rajdhani Night,900,148
2022-10-06,Sridevi,589,246
2022-10-06,Sridevi Night,335,337
2022-10-06,Time Bazar,990,369
2022-10-07,Kalyan Night,377,358
2022-10-07,Madhur Day,260,467
2022-10-07,Madhur Night,356,138
2022-10-07,Main Bazar,389,268
2022-10-07,Milan Day,160,166
2022-10-07,Milan Night,445,366
2022-10-07,Rajdhani Day,478,345
2022-10-07,Rajdhani Night,144,230
2022-10-07,Sridevi,248,469
2022-10-07,Sridevi Night,299,900
2022-10-07,Time Bazar,330,490
2022-10-08,Madhur Day,256,780
2022-10-08,Madhur Night,299,160
2022-10-08,Milan Day,290,346
2022-10-08,Milan Night,589,468
2022-10-08,Rajdhani Day,200,700
2022-10-08,Sridevi,455,245
2022-10-08,Sridevi Night,370,446
2022-10-08,Time Bazar,899,237
2022-10-09,Madhur Day,468,559
2022-10-09,Sridevi,167,379
2022-10-09,Sridevi Night,114,679
2022-10-10,Kalyan Night,300,450
2022-10-10,Madhur Day,467,249
2022-10-10,Madhur Night,147,358
2022-10-10,Main Bazar,490,126
2022-10-10,Milan Day,670,360
2022-10-10,Milan Night,257,440
2022-10-10,Rajdhani Day,356,158
2022-10-10,Rajdhani Night,560,580
2022-10-10,Sridevi,367,489
2022-10-10,Sridevi Night,577,479
2022-10-10,Time Bazar,120,189
2022-10-11,Kalyan Night,247,349
2022-10-11,Madhur Day,119,146
2022-10-11,Madhur Night,136,128
2022-10-11,Main Bazar,156,115
2022-10-11,Milan Day,244,347
2022-10-11,Milan Night,227,258
2022-10-11,Rajdhani Day,168,139
2022-10-11,Rajdhani Night,670,799
2022-10-11,Sridevi,889,780
2022-10-11,Sridevi Night,345,236
2022-10-11,Time Bazar,156,469
2022-10-12,Kalyan Night,780,450
2022-10-12,Madhur Day,138,449
2022-10-12,Madhur Night,257,178
2022-10-12,Main Bazar,480,455
2022-10-12,Milan Day,227,357
2022-10-12,Milan Night,478,790
2022-10-12,Rajdhani Day,790,348
2022-10-12,Rajdhani Night,249,679
2022-10-12,Sridevi,789,778
2022-10-12,Sridevi Night,366,480
2022-10-12,Time Bazar,580,689
2022-10-13,Kalyan Night,445,127
2022-10-13,Madhur Day,138,159
2022-10-13,Madhur Night,147,135
2022-10-13,Main Bazar,119,567
2022-10-13,Milan Day,667,258
2022-10-13,Milan Night,270,230
2022-10-13,Rajdhani Day,566,135
2022-10-13,Rajdhani Night,368,256
2022-10-13,Sridevi,239,330
2022-10-13,Sridevi Night,267,229
2022-10-13,Time Bazar,230,269
2022-10-14,Kalyan Night,145,240
2022-10-14,Madhur Day,670,289
2022-10-14,Madhur Night,670,246
2022-10-14,Main Bazar,150,480
2022-10-14,Milan Day,148,238
2022-10-14,Milan Night,356,119
2022-10-14,Rajdhani Day,479,266
2022-10-14,Rajdhani Night,157,140
2022-10-14,Sridevi,268,245
2022-10-14,Sridevi Night,135,138
2022-10-14,Time Bazar,268,556
2022-10-15,Madhur Day,578,299
2022-10-15,Madhur Night,450,170
2022-10-15,Milan Day,289,170
2022-10-15,Milan Night,279,400
2022-10-15,Rajdhani Day,480,369
2022-10-15,Sridevi,156,689
2022-10-15,Sridevi Night,389,679
2022-10-15,Time Bazar,380,137
2022-10-16,Madhur Day,446,127
2022-10-16,Sridevi,480,770
2022-10-16,Sridevi Night,689,345
2022-10-17,Kalyan,780,489
2022-10-17,Kalyan Night,145,290
2022-10-17,Madhur Day,456,267
2022-10-17,Madhur Night,223,489
2022-10-17,Main Bazar,367,123
2022-10-17,Milan Day,244,480
2022-10-17,Milan Night,100,266
2022-10-17,Rajdhani Day,669,268
2022-10-17,Rajdhani Night,117,223
2022-10-17,Sridevi,458,224
2022-10-17,Sridevi Night,115,780
2022-10-17,Time Bazar,899,580
2022-10-18,Kalyan,190,115
2022-10-18,Kalyan Night,280,177
2022-10-18,Madhur Day,158,129
2022-10-18,Madhur Night,190,138
2022-10-18,Main Bazar,127,225
2022-10-18,Milan Day,470,113
2022-10-18,Milan Night,380,589
2022-10-18,Rajdhani Day,124,156
2022-10-18,Rajdhani Night,148,399
2022-10-18,Sridevi,159,157
2022-10-18,Sridevi Night,119,488
2022-10-18,Time Bazar,269,346
2022-10-19,Kalyan,367,599
2022-10-19,Kalyan Night,134,239
2022-10-19,Madhur Day,119,390
2022-10-19,Madhur Night,125,167
2022-10-19,Main Bazar,569,368
2022-10-19,Milan Day,368,124
2022-10-19,Milan Night,156,480
2022-10-19,Rajdhani Day,180,339
2022-10-19,Rajdhani Night,146,470
2022-10-19,Sridevi,456,148
2022-10-19,Sridevi Night,158,260
2022-10-19,Time Bazar,257,288
2022-10-20,Kalyan,790,289
2022-10-20,Kalyan Night,390,689
2022-10-20,Madhur Day,446,588
2022-10-20,Madhur Night,350,120
2022-10-20,Main Bazar,567,599
2022-10-20,Milan Day,880,350
2022-10-20,Milan Night,245,124
2022-10-20,Rajdhani Day,480,360
2022-10-20,Rajdhani Night,168,450
2022-10-20,Sridevi,267,369
2022-10-20,Sridevi Night,128,278
2022-10-20,Time Bazar,667,440
2022-10-21,Kalyan,279,355
2022-10-21,Kalyan Night,112,239
2022-10-21,Madhur Day,249,258
2022-10-21,Madhur Night,689,345
2022-10-21,Main Bazar,257,147
2022-10-21,Milan Day,660,227
2022-10-21,Milan Night,268,480
2022-10-21,Rajdhani Day,189,389
2022-10-21,Rajdhani Night,256,889
2022-10-21,Sridevi,289,358
2022-10-21,Sridevi Night,569,156
2022-10-21,Time Bazar,148,180
2022-10-22,Kalyan,258,158
2022-10-22,Madhur Day,356,340
2022-10-22,Milan Day,124,450
2022-10-22,Sridevi,345,158
2022-10-22,Sridevi Night,577,268
2022-10-22,Time Bazar,370,679
2022-10-23,Sridevi,136,255
2022-10-23,Sridevi Night,125,146
2022-10-24,Sridevi,238,126
2022-10-24,Sridevi Night,136,138
2022-10-25,Sridevi,356,379
2022-10-25,Sridevi Night,457,135
2022-10-26,Sridevi,247,678
2022-10-26,Sridevi Night,347,890
2022-10-27,Sridevi,256,378
2022-10-27,Sridevi Night,590,136
2022-10-28,Sridevi,127,169
2022-10-28,Sridevi Night,379,226
2022-10-29,Sridevi,178,267
2022-10-29,Sridevi Night,138,346
2022-10-30,Sridevi,679,249
2022-10-30,Sridevi Night,700,678
2022-10-31,Kalyan,357,137
2022-10-31,Kalyan Night,460,168
2022-10-31,Madhur Day,146,168
2022-10-31,Madhur Night,236,124
2022-10-31,Main Bazar,234,244
2022-10-31,Milan Day,359,270
2022-10-31,Milan Night,269,126
2022-10-31,Rajdhani Day,135,790
2022-10-31,Rajdhani Night,270,457
2022-10-31,Sridevi,480,268
2022-10-31,Sridevi Night,145,788
2022-10-31,Time Bazar,268,239
2022-11-01,Kalyan,470,190
2022-11-01,Kalyan Night,278,688
2022-11-01,Madhur Day,348,256
2022-11-01,Madhur Night,337,260
2022-11-01,Main Bazar,688,136
2022-11-01,Milan Day,660,589
2022-11-01,Milan Night,179,125
2022-11-01,Rajdhani Day,780,260
2022-11-01,Rajdhani Night,569,460
2022-11-01,Sridevi,660,140
2022-11-01,Sridevi Night,779,579
2022-11-01,Time Bazar,799,589
2022-11-02,Kalyan,479,156
2022-11-02,Kalyan Night,350,778
2022-11-02,Madhur Day,129,579
2022-11-02,Madhur Night,470,280
2022-11-02,Main Bazar,288,237
2022-11-02,Milan Day,578,339
2022-11-02,Milan Night,138,330
2022-11-02,Rajdhani Day,689,445
2022-11-02,Rajdhani Night,558,234
2022-11-02,Sridevi,280,559
2022-11-02,Sridevi Night,170,236
2022-11-02,Time Bazar,467,455
2022-11-03,Kalyan,140,146
2022-11-03,Kalyan Night,299,450
2022-11-03,Madhur Day,699,149
2022-11-03,Madhur Night,588,788
2022-11-03,Main Bazar,357,779
2022-11-03,Milan Day,116,119
2022-11-03,Milan Night,136,269
2022-11-03,Rajdhani Day,159,460
2022-11-03,Rajdhani Night,679,240
2022-11-03,Sridevi,244,448
2022-11-03,Sridevi Night,124,350
2022-11-03,Time Bazar,118,799
2022-11-04,Kalyan,235,168
2022-11-04,Kalyan Night,800,248
2022-11-04,Madhur Day,124,338
2022-11-04,Madhur Night,280,119
2022-11-04,Main Bazar,267,289
2022-11-04,Milan Day,450,225
2022-11-04,Milan Night,789,457
2022-11-04,Rajdhani Day,227,259
2022-11-04,Rajdhani Night,240,124
2022-11-04,Sridevi,890,368
2022-11-04,Sridevi Night,360,479
2022-11-04,Time Bazar,239,125
2022-11-05,Kalyan,368,356
2022-11-05,Madhur Day,390,400
2022-11-05,Madhur Night,578,466
2022-11-05,Milan Day,136,178
2022-11-05,Milan Night,227,234
2022-11-05,Rajdhani Day,138,580
2022-11-05,Sridevi,556,467
2022-11-05,Sridevi Night,478,190
2022-11-05,Time Bazar,235,190
2022-11-06,Madhur Day,345,359
2022-11-06,Sridevi,367,279
2022-11-06,Sridevi Night,356,156
2022-11-07,Kalyan,270,568
2022-11-07,Kalyan Night,288,255
2022-11-07,Madhur Day,350,778
2022-11-07,Madhur Night,470,156
2022-11-07,Main Bazar,112,556
2022-11-07,Milan Day,237,147
2022-11-07,Milan Night,400,179
2022-11-07,Rajdhani Day,119,149
2022-11-07,Rajdhani Night,280,150
2022-11-07,Sridevi,168,450
2022-11-07,Sridevi Night,349,246
2022-11-07,Time Bazar,569,170
2022-11-08,Kalyan,889,558
2022-11-08,Kalyan Night,234,446
2022-11-08,Madhur Day,490,156
2022-11-08,Madhur Night,127,167
2022-11-08,Main Bazar,380,479
2022-11-08,Milan Day,489,258
2022-11-08,Milan Night,290,128
2022-11-08,Rajdhani Day,248,259
2022-11-08,Rajdhani Night,149,147
2022-11-08,Sridevi,170,359
2022-11-08,Sridevi Night,470,116
2022-11-08,Time Bazar,178,133
2022-11-09,Kalyan,168,228
2022-11-09,Kalyan Night,158,900
2022-11-09,Madhur Day,147,256
2022-11-09,Madhur Night,688,780
2022-11-09,Main Bazar,880,256
2022-11-09,Milan Day,244,567
2022-11-09,Milan Night,450,559
2022-11-09,Rajdhani Day,567,366
2022-11-09,Rajdhani Night,169,338
2022-11-09,Sridevi,469,138
2022-11-09,Sridevi Night,556,460
2022-11-09,Time Bazar,148,678
2022-11-10,Kalyan,580,488
2022-11-10,Kalyan Night,140,456
2022-11-10,Madhur Day,188,110
2022-11-10,Madhur Night,348,180
2022-11-10,Main Bazar,890,170
2022-11-10,Milan Day,158,350
2022-11-10,Milan Night,579,579
2022-11-10,Rajdhani Day,459,145
2022-11-10,Rajdhani Night,144,339
2022-11-10,Sridevi,125,589
2022-11-10,Sridevi Night,158,335
2022-11-10,Time Bazar,128,339
2022-11-11,Kalyan,357,169
2022-11-11,Kalyan Night,147,230
2022-11-11,Madhur Day,578,224
2022-11-11,Madhur Night,350,356
2022-11-11,Main Bazar,234,460
2022-11-11,Milan Day,190,169
2022-11-11,Milan Night,357,190
2022-11-11,Rajdhani Day,448,569
2022-11-11,Rajdhani Night,136,346
2022-11-11,Sridevi,480,459
2022-11-11,Sridevi Night,399,569
2022-11-11,Time Bazar,170,699
2022-11-12,Kalyan,126,679
2022-11-12,Madhur Day,789,350
2022-11-12,Madhur Night,200,389
2022-11-12,Milan Day,288,459
2022-11-12,Milan Night,135,170
2022-11-12,Rajdhani Day,360,600
2022-11-12,Sridevi,790,269
2022-11-12,Sridevi Night,780,129
2022-11-12,Time Bazar,177,589
2022-11-13,Madhur Day,469,150
2022-11-13,Sridevi,235,159
2022-11-13,Sridevi Night,267,477
2022-11-14,Kalyan,368,550
2022-11-14,Kalyan Night,379,699
2022-11-14,Madhur Day,140,126
2022-11-14,Madhur Night,134,258
2022-11-14,Main Bazar,127,459
2022-11-14,Milan Day,800,334
2022-11-14,Milan Night,280,249
2022-11-14,Rajdhani Day,249,369
2022-11-14,Rajdhani Night,257,680
2022-11-14,Sridevi,579,180
2022-11-14,Sridevi Night,266,580
2022-11-14,Time Bazar,126,339
2022-11-15,Kalyan,228,158
2022-11-15,Kalyan Night,456,100
2022-11-15,Madhur Day,279,478
2022-11-15,Madhur Night,146,890
2022-11-15,Main Bazar,349,244
2022-11-15,Milan Day,377,199
2022-11-15,Milan Night,145,340
2022-11-15,Rajdhani Day,190,240
2022-11-15,Rajdhani Night,778,124
2022-11-15,Sridevi,790,567
2022-11-15,Sridevi Night,146,170
2022-11-15,Time Bazar,226,377
2022-11-16,Kalyan,600,158
2022-11-16,Kalyan Night,167,490
2022-11-16,Madhur Day,340,169
2022-11-16,Madhur Night,235,270
2022-11-16,Main Bazar,237,149
2022-11-16,Milan Day,246,448
2022-11-16,Milan Night,289,239
2022-11-16,Rajdhani Day,337,789
2022-11-16,Rajdhani Night,590,157
2022-11-16,Sridevi,389,590
2022-11-16,Sridevi Night,459,570
2022-11-16,Time Bazar,560,120
2022-11-17,Kalyan,177,669
2022-11-17,Kalyan Night,258,259
2022-11-17,Madhur Day,128,230
2022-11-17,Madhur Night,460,348
2022-11-17,Main Bazar,167,235
2022-11-17,Milan Day,790,680
2022-11-17,Milan Night,122,379
2022-11-17,Rajdhani Day,114,779
2022-11-17,Rajdhani Night,120,360
2022-11-17,Sridevi,357,578
2022-11-17,Sridevi Night,590,445
2022-11-17,Time Bazar,260,147
2022-11-18,Kalyan,150,368
2022-11-18,Kalyan Night,447,480
2022-11-18,Madhur Day,579,390
2022-11-18,Madhur Night,390,130
2022-11-18,Main Bazar,670,700
2022-11-18,Milan Day,234,177
2022-11-18,Milan Night,116,235
2022-11-18,Rajdhani Day,138,489
2022-11-18,Rajdhani Night,566,340
2022-11-18,Sridevi,145,237
2022-11-18,Sridevi Night,257,270
2022-11-18,Time Bazar,236,350
2022-11-19,Kalyan,236,147
2022-11-19,Madhur Day,113,790
2022-11-19,Madhur Night,680,270
2022-11-19,Milan Day,113,455
2022-11-19,Milan Night,440,489
2022-11-19,Rajdhani Day,599,267
2022-11-19,Sridevi,147,478
2022-11-19,Sridevi Night,278,245
2022-11-19,Time Bazar,389,129
2022-11-20,Madhur Day,140,256
2022-11-20,Sridevi,246,348
2022-11-20,Sridevi Night,289,133
2022-11-21,Kalyan,268,288
2022-11-21,Kalyan Night,456,236
2022-11-21,Madhur Day,677,234
2022-11-21,Madhur Night,579,278
2022-11-21,Main Bazar,250,380
2022-11-21,Milan Day,129,348
2022-11-21,Milan Night,789,230
2022-11-21,Rajdhani Day,347,356
2022-11-21,Rajdhani Night,378,889
2022-11-21,Sridevi,336,137
2022-11-21,Sridevi Night,138,234
2022-11-21,Time Bazar,360,557
2022-11-22,Kalyan,268,345
2022-11-22,Kalyan Night,267,999
2022-11-22,Madhur Day,359,469
2022-11-22,Madhur Night,150,590
2022-11-22,Main Bazar,400,370
2022-11-22,Milan Day,100,379
2022-11-22,Milan Night,239,127
2022-11-22,Rajdhani Day,268,669
2022-11-22,Rajdhani Night,367,237
2022-11-22,Sridevi,477,668
2022-11-22,Sridevi Night,258,690
2022-11-22,Time Bazar,579,470
2022-11-23,Kalyan,237,145
2022-11-23,Kalyan Night,890,679
2022-11-23,Madhur Day,255,349
2022-11-23,Madhur Night,168,356
2022-11-23,Main Bazar,269,579
2022-11-23,Milan Day,128,358
2022-11-23,Milan Night,779,248
2022-11-23,Rajdhani Day,280,146
2022-11-23,Rajdhani Night,234,188
2022-11-23,Sridevi,146,380
2022-11-23,Sridevi Night,488,457
2022-11-23,Time Bazar,269,149
2022-11-24,Kalyan,378,579
2022-11-24,Kalyan Night,369,290
2022-11-24,Madhur Day,137,249
2022-11-24,Madhur Night,448,147
2022-11-24,Main Bazar,338,789
2022-11-24,Milan Day,770,360
2022-11-24,Milan Night,346,899
2022-11-24,Rajdhani Day,230,246
2022-11-24,Rajdhani Night,156,136
2022-11-24,Sridevi,490,238
2022-11-24,Sridevi Night,678,368
2022-11-24,Time Bazar,380,470
2022-11-25,Kalyan,368,130
2022-11-25,Kalyan Night,468,378
2022-11-25,Madhur Day,340,126
2022-11-25,Madhur Night,260,357
2022-11-25,Main Bazar,224,399
2022-11-25,Milan Day,137,359
2022-11-25,Milan Night,157,147
2022-11-25,Rajdhani Day,579,169
2022-11-25,Rajdhani Night,124,146
2022-11-25,Sridevi,178,690
2022-11-25,Sridevi Night,667,148
2022-11-25,Time Bazar,159,330
2022-11-26,Kalyan,248,135
2022-11-26,Madhur Day,559,450
2022-11-26,Madhur Night,267,179
2022-11-26,Milan Day,689,130
2022-11-26,Milan Night,990,258
2022-11-26,Rajdhani Day,334,458
2022-11-26,Sridevi,130,259
2022-11-26,Sridevi Night,369,680
2022-11-26,Time Bazar,279,447
2022-11-27,Madhur Day,344,367
2022-11-27,Sridevi,238,466
2022-11-27,Sridevi Night,137,780
2022-11-28,Kalyan,479,466
2022-11-28,Kalyan Night,279,126
2022-11-28,Madhur Day,189,800
2022-11-28,Madhur Night,370,380
2022-11-28,Main Bazar,679,156
2022-11-28,Milan Day,338,136
2022-11-28,Milan Night,457,145
2022-11-28,Rajdhani Day,248,445
2022-11-28,Rajdhani Night,336,235
2022-11-28,Sridevi,589,456
2022-11-28,Sridevi Night,699,778
2022-11-28,Time Bazar,156,557
2022-11-29,Kalyan,455,590
2022-11-29,Kalyan Night,178,100
2022-11-29,Madhur Day,388,167
2022-11-29,Madhur Night,117,155
2022-11-29,Main Bazar,246,348
2022-11-29,Milan Day,347,590
2022-11-29,Milan Night,470,589
2022-11-29,Rajdhani Day,135,257
2022-11-29,Rajdhani Night,677,335
2022-11-29,Sridevi,126,580
2022-11-29,Sridevi Night,345,770
2022-11-29,Time Bazar,230,690
2022-11-30,Kalyan,145,470
2022-11-30,Kalyan Night,149,150
2022-11-30,Madhur Day,448,150
2022-11-30,Madhur Night,778,445
2022-11-30,Main Bazar,469,456
2022-11-30,Milan Day,579,246
2022-11-30,Milan Night,589,567
2022-11-30,Rajdhani Day,370,359
2022-11-30,Rajdhani Night,368,455
2022-11-30,Sridevi,278,240
2022-11-30,Sridevi Night,689,235
2022-11-30,Time Bazar,124,379
2022-12-01,Kalyan,300,170
2022-12-01,Kalyan Night,899,258
2022-12-01,Madhur Day,235,580
2022-12-01,Madhur Night,570,379
2022-12-01,Main Bazar,239,560
2022-12-01,Milan Day,159,267
2022-12-01,Milan Night,466,445
2022-12-01,Rajdhani Day,447,230
2022-12-01,Rajdhani Night,129,448
2022-12-01,Sridevi,334,479
2022-12-01,Sridevi Night,122,146
2022-12-01,Time Bazar,227,150
2022-12-02,Kalyan,129,690
2022-12-02,Kalyan Night,790,148
2022-12-02,Madhur Day,268,258
2022-12-02,Madhur Night,360,127
2022-12-02,Main Bazar,167,168
2022-12-02,Milan Day,379,690
2022-12-02,Milan Night,468,270
2022-12-02,Rajdhani Day,468,190
2022-12-02,Rajdhani Night,389,289
2022-12-02,Sridevi,288,136
2022-12-02,Sridevi Night,349,223
2022-12-02,Time Bazar,790,246
2022-12-03,Kalyan,557,589
2022-12-03,Madhur Day,122,580
2022-12-03,Madhur Night,699,124
2022-12-03,Milan Day,240,450
2022-12-03,Milan Night,169,130
2022-12-03,Rajdhani Day,235,599
2022-12-03,Sridevi,446,699
2022-12-03,Sridevi Night,558,460
2022-12-03,Time Bazar,790,258
2022-12-04,Madhur Day,125,588
2022-12-04,Sridevi,169,366
2022-12-04,Sridevi Night,399,569
2022-12-05,Kalyan,115,388
2022-12-05,Kalyan Night,359,145
2022-12-05,Madhur Day,348,130
2022-12-05,Madhur Night,446,235
2022-12-05,Main Bazar,149,790
2022-12-05,Milan Day,168,468
2022-12-05,Milan Night,238,117
2022-12-05,Rajdhani Day,380,345
2022-12-05,Rajdhani Night,169,245
2022-12-05,Sridevi,348,788
2022-12-05,Sridevi Night,469,778
2022-12-05,Time Bazar,148,570
2022-12-06,Kalyan,900,227
2022-12-06,Kalyan Night,248,350
2022-12-06,Madhur Day,799,490
2022-12-06,Madhur Night,366,233
2022-12-06,Main Bazar,288,459
2022-12-06,Milan Day,358,880
2022-12-06,Milan Night,899,244
2022-12-06,Rajdhani Day,567,367
2022-12-06,Rajdhani Night,667,556
2022-12-06,Sridevi,599,100
2022-12-06,Sridevi Night,477,447
2022-12-06,Time Bazar,179,116
2022-12-07,Kalyan,178,490
2022-12-07,Kalyan Night,899,256
2022-12-07,Madhur Day,568,126
2022-12-07,Madhur Night,770,670
2022-12-07,Main Bazar,126,779
2022-12-07,Milan Day,667,270
2022-12-07,Milan Night,178,148
2022-12-07,Rajdhani Day,118,166
2022-12-07,Rajdhani Night,470,780
2022-12-07,Sridevi,166,270
2022-12-07,Sridevi Night,234,579
2022-12-07,Time Bazar,122,599
2022-12-08,Kalyan,469,180
2022-12-08,Kalyan Night,160,135
2022-12-08,Madhur Day,478,113
2022-12-08,Madhur Night,199,679
2022-12-08,Main Bazar,557,135
2022-12-08,Milan Day,770,223
2022-12-08,Milan Night,780,458
2022-12-08,Rajdhani Day,125,157
2022-12-08,Rajdhani Night,369,346
2022-12-08,Sridevi,356,290
2022-12-08,Sridevi Night,125,368
2022-12-08,Time Bazar,480,900
2022-12-09,Kalyan,789,239
2022-12-09,Kalyan Night,270,140
2022-12-09,Madhur Day,499,670
2022-12-09,Madhur Night,677,788
2022-12-09,Main Bazar,256,168
2022-12-09,Milan Day,680,588
2022-12-09,Milan Night,236,300
2022-12-09,Rajdhani Day,200,467
2022-12-09,Rajdhani Night,117,244
2022-12-09,Sridevi,580,345
2022-12-09,Sridevi Night,890,360
2022-12-09,Time Bazar,124,258
2022-12-10,Kalyan,457,167
2022-12-10,Madhur Day,239,269
2022-12-10,Madhur Night,159,167
2022-12-10,Milan Day,456,230
2022-12-10,Milan Night,580,590
2022-12-10,Rajdhani Day,680,335
2022-12-10,Sridevi,149,145
2022-12-10,Sridevi Night,157,568
2022-12-10,Time Bazar,290,889
2022-12-11,Madhur Day,134,379
2022-12-11,Sridevi,178,589
2022-12-11,Sridevi Night,289,245
2022-12-12,Kalyan,570,267
2022-12-12,Kalyan Night,256,289
2022-12-12,Madhur Day,399,337
2022-12-12,Madhur Night,699,890
2022-12-12,Main Bazar,145,158
2022-12-12,Milan Day,360,338
2022-12-12,Milan Night,330,168
2022-12-12,Rajdhani Day,890,390
2022-12-12,Rajdhani Night,350,349
2022-12-12,Sridevi,578,460
2022-12-12,Sridevi Night,118,120
2022-12-12,Time Bazar,136,559
2022-12-13,Kalyan,149,156
2022-12-13,Kalyan Night,135,468
2022-12-13,Madhur Day,235,590
2022-12-13,Madhur Night,345,225
2022-12-13,Main Bazar,145,248
2022-12-13,Milan Day,388,788
2022-12-13,Milan Night,288,340
2022-12-13,Rajdhani Day,119,445
2022-12-13,Rajdhani Night,257,170
2022-12-13,Sridevi,560,239
2022-12-13,Sridevi Night,259,479
2022-12-13,Time Bazar,489,678
2022-12-14,Kalyan,350,269
2022-12-14,Kalyan Night,336,116
2022-12-14,Madhur Day,447,477
2022-12-14,Madhur Night,140,340
2022-12-14,Main Bazar,490,238
2022-12-14,Milan Day,470,257
2022-12-14,Milan Night,246,390
2022-12-14,Rajdhani Day,589,260
2022-12-14,Rajdhani Night,280,220
2022-12-14,Sridevi,458,367
2022-12-14,Sridevi Night,224,356
2022-12-14,Time Bazar,135,580
2022-12-15,Kalyan,279,449
2022-12-15,Kalyan Night,147,667
2022-12-15,Madhur Day,168,257
2022-12-15,Madhur Night,588,129
2022-12-15,Main Bazar,146,389
2022-12-15,Milan Day,690,590
2022-12-15,Milan Night,148,334
2022-12-15,Rajdhani Day,689,179
2022-12-15,Rajdhani Night,347,457
2022-12-15,Sridevi,138,459
2022-12-15,Sridevi Night,350,589
2022-12-15,Time Bazar,680,350
2022-12-16,Kalyan,258,125
2022-12-16,Kalyan Night,358,449
2022-12-16,Madhur Day,480,148
2022-12-16,Madhur Night,459,399
2022-12-16,Main Bazar,400,112
2022-12-16,Milan Day,700,100
2022-12-16,Milan Night,159,899
2022-12-16,Rajdhani Day,370,360
2022-12-16,Rajdhani Night,255,115
2022-12-16,Sridevi,199,779
2022-12-16,Sridevi Night,578,189
2022-12-16,Time Bazar,380,126
2022-12-17,Kalyan,499,134
2022-12-17,Madhur Day,669,120
2022-12-17,Madhur Night,588,234
2022-12-17,Milan Day,346,267
2022-12-17,Milan Night,469,380
2022-12-17,Rajdhani Day,449,590
2022-12-17,Sridevi,789,248
2022-12-17,Sridevi Night,135,790
2022-12-17,Time Bazar,448,556
2022-12-18,Madhur Day,139,266
2022-12-18,Sridevi,689,478
2022-12-18,Sridevi Night,145,468
2022-12-19,Kalyan,300,290
2022-12-19,Kalyan Night,880,160
2022-12-19,Madhur Day,120,256
2022-12-19,Madhur Night,336,559
2022-12-19,Main Bazar,158,256
2022-12-19,Milan Day,122,799
2022-12-19,Milan Night,358,779
2022-12-19,Rajdhani Day,280,189
2022-12-19,Rajdhani Night,269,256
2022-12-19,Sridevi,269,136
2022-12-19,Sridevi Night,346,234
2022-12-19,Time Bazar,670,124
2022-12-20,Kalyan,360,112
2022-12-20,Kalyan Night,457,690
2022-12-20,Madhur Day,120,245
2022-12-20,Madhur Night,699,368
2022-12-20,Main Bazar,239,267
2022-12-20,Milan Day,248,269
2022-12-20,Milan Night,678,248
2022-12-20,Rajdhani Day,250,226
2022-12-20,Rajdhani Night,125,369
2022-12-20,Sridevi,145,679
2022-12-20,Sridevi Night,789,129
2022-12-20,Time Bazar,144,457
2022-12-21,Kalyan,240,227
2022-12-21,Kalyan Night,578,247
2022-12-21,Madhur Day,678,335
2022-12-21,Madhur Night,350,280
2022-12-21,Main Bazar,168,390
2022-12-21,Milan Day,126,126
2022-12-21,Milan Night,468,290
2022-12-21,Rajdhani Day,679,120
2022-12-21,Rajdhani Night,145,390
2022-12-21,Sridevi,124,190
2022-12-21,Sridevi Night,400,689
2022-12-21,Time Bazar,189,235
2022-12-22,Kalyan,100,170
2022-12-22,Kalyan Night,569,268
2022-12-22,Madhur Day,147,379
2022-12-22,Madhur Night,120,278
2022-12-22,Main Bazar,470,456
2022-12-22,Milan Day,467,360
2022-12-22,Milan Night,145,390
2022-12-22,Rajdhani Day,688,568
2022-12-22,Rajdhani Night,349,477
2022-12-22,Sridevi,268,156
2022-12-22,Sridevi Night,668,355
2022-12-22,Time Bazar,458,170
2022-12-23,Kalyan,379,134
2022-12-23,Kalyan Night,269,790
2022-12-23,Madhur Day,178,137
2022-12-23,Madhur Night,234,460
2022-12-23,Main Bazar,127,588
2022-12-23,Milan Day,240,578
2022-12-23,Milan Night,470,278
2022-12-23,Rajdhani Day,470,880
2022-12-23,Rajdhani Night,579,136
2022-12-23,Sridevi,440,780
2022-12-23,Sridevi Night,155,349
2022-12-23,Time Bazar,170,159
2022-12-24,Kalyan,248,367
2022-12-24,Madhur Day,190,145
2022-12-24,Madhur Night,138,699
2022-12-24,Milan Day,237,279
2022-12-24,Milan Night,145,369
2022-12-24,Rajdhani Day,337,369
2022-12-24,Sridevi,233,445
2022-12-24,Sridevi Night,344,357
2022-12-24,Time Bazar,178,138
2022-12-25,Madhur Day,380,245
2022-12-25,Sridevi,167,346
2022-12-25,Sridevi Night,299,259
2022-12-26,Kalyan,478,680
2022-12-26,Kalyan Night,167,668
2022-12-26,Madhur Day,789,378
2022-12-26,Madhur Night,128,233
2022-12-26,Main Bazar,448,349
2022-12-26,Milan Day,257,248
2022-12-26,Milan Night,257,447
2022-12-26,Rajdhani Day,567,249
2022-12-26,Rajdhani Night,346,239
2022-12-26,Sridevi,144,239
2022-12-26,Sridevi Night,127,125
2022-12-26,Time Bazar,468,245
2022-12-27,Kalyan,260,236
2022-12-27,Kalyan Night,880,990
2022-12-27,Main Bazar,245,224
2022-12-27,Milan Day,345,289
2022-12-27,Milan Night,120,270
2022-12-27,Rajdhani Day,234,100
2022-12-27,Rajdhani Night,477,279
2022-12-27,Sridevi,667,468
2022-12-27,Sridevi Night,677,499
2022-12-27,Time Bazar,790,569
2022-12-28,Kalyan,140,690
2022-12-28,Kalyan Night,590,249
2022-12-28,Madhur Day,368,670
2022-12-28,Madhur Night,279,158
2022-12-28,Main Bazar,557,124
2022-12-28,Milan Day,129,347
2022-12-28,Milan Night,269,119
2022-12-28,Rajdhani Day,344,570
2022-12-28,Rajdhani Night,457,689
2022-12-28,Sridevi,257,347
2022-12-28,Sridevi Night,567,147
2022-12-28,Time Bazar,900,889
2022-12-29,Kalyan,360,145
2022-12-29,Kalyan Night,588,400
2022-12-29,Madhur Day,260,348
2022-12-29,Madhur Night,356,467
2022-12-29,Main Bazar,359,667
2022-12-29,Milan Day,560,599
2022-12-29,Milan Night,127,178
2022-12-29,Rajdhani Day,220,245
2022-12-29,Rajdhani Night,449,126
2022-12-29,Sridevi,267,568
2022-12-29,Sridevi Night,169,457
2022-12-29,Time Bazar,578,335
2022-12-30,Kalyan,267,260
2022-12-30,Kalyan Night,269,334
2022-12-30,Madhur Day,234,239
2022-12-30,Madhur Night,345,339
2022-12-30,Main Bazar,299,679
2022-12-30,Milan Day,120,559
2022-12-30,Milan Night,466,668
2022-12-30,Rajdhani Day,450,279
2022-12-30,Rajdhani Night,168,388
2022-12-30,Sridevi,678,158
2022-12-30,Sridevi Night,260,157
2022-12-30,Time Bazar,199,690
2022-12-31,Kalyan,169,137
2022-12-31,Madhur Day,478,160
2022-12-31,Madhur Night,155,136
2022-12-31,Milan Day,899,135
2022-12-31,Milan Night,790,569
2022-12-31,Rajdhani Day,148,100
2022-12-31,Sridevi,457,139
2022-12-31,Sridevi Night,459,120
2022-12-31,Time Bazar,158,789
2023-01-01,Madhur Day,270,679
2023-01-01,Sridevi,245,169
2023-01-01,Sridevi Night,115,378
2023-01-02,Kalyan,260,359
2023-01-02,Kalyan Night,790,459
2023-01-02,Madhur Day,450,145
2023-01-02,Madhur Night,355,255
2023-01-02,Main Bazar,144,238
2023-01-02,Milan Day,260,330
2023-01-02,Milan Night,345,268
2023-01-02,Rajdhani Day,469,170
2023-01-02,Rajdhani Night,334,336
2023-01-02,Sridevi,480,124
2023-01-02,Sridevi Night,380,240
2023-01-02,Time Bazar,120,578
2023-01-03,Kalyan,137,588
2023-01-03,Kalyan Night,380,336
2023-01-03,Madhur Day,146,690
2023-01-03,Madhur Night,450,490
2023-01-03,Main Bazar,239,577
2023-01-03,Milan Day,477,357
2023-01-03,Milan Night,370,167
2023-01-03,Rajdhani Day,150,280
2023-01-03,Rajdhani Night,169,179
2023-01-03,Sridevi,677,577
2023-01-03,Sridevi Night,889,356
2023-01-03,Time Bazar,166,355
2023-01-04,Kalyan,678,380
2023-01-04,Kalyan Night,469,890
2023-01-04,Madhur Day,270,189
2023-01-04,Madhur Night,147,358
2023-01-04,Main Bazar,489,258
2023-01-04,Milan Day,235,688
2023-01-04,Milan Night,124,488
2023-01-04,Rajdhani Day,556,789
2023-01-04,Rajdhani Night,490,378
2023-01-04,Sridevi,120,448
2023-01-04,Sridevi Night,244,377
2023-01-04,Time Bazar,390,447
2023-01-05,Kalyan,567,348
2023-01-05,Kalyan Night,699,157
2023-01-05,Madhur Day,289,370
2023-01-05,Madhur Night,450,369
2023-01-05,Main Bazar,457,345
2023-01-05,Milan Day,460,168
2023-01-05,Milan Night,900,268
2023-01-05,Rajdhani Day,156,779
2023-01-05,Rajdhani Night,147,355
2023-01-05,Sridevi,180,345
2023-01-05,Sridevi Night,179,136
2023-01-05,Time Bazar,177,367
2023-01-06,Kalyan,579,467
2023-01-06,Kalyan Night,778,399
2023-01-06,Madhur Day,899,188
2023-01-06,Madhur Night,115,269
2023-01-06,Main Bazar,233,134
2023-01-06,Milan Day,177,480
2023-01-06,Milan Night,459,588
2023-01-06,Rajdhani Day,130,157
2023-01-06,Rajdhani Night,137,890
2023-01-06,Sridevi,125,188
2023-01-06,Sridevi Night,190,137
2023-01-06,Time Bazar,146,457
2023-01-07,Kalyan,470,126
2023-01-07,Madhur Day,140,137
2023-01-07,Madhur Night,124,238
2023-01-07,Milan Day,123,290
2023-01-07,Milan Night,136,467
2023-01-07,Rajdhani Day,560,380
2023-01-07,Sridevi,338,236
2023-01-07,Sridevi Night,577,257
2023-01-07,Time Bazar,120,290
2023-01-08,Madhur Day,579,680
2023-01-08,Sridevi,368,167
2023-01-08,Sridevi Night,246,440
2023-01-09,Kalyan,469,368
2023-01-09,Kalyan Night,120,457
2023-01-09,Madhur Day,166,336
2023-01-09,Madhur Night,335,467
2023-01-09,Main Bazar,890,266
2023-01-09,Milan Day,388,249
2023-01-09,Milan Night,177,234
2023-01-09,Rajdhani Day,278,167
2023-01-09,Rajdhani Night,689,158
2023-01-09,Sridevi,559,260
2023-01-09,Sridevi Night,457,158
2023-01-09,Time Bazar,450,350
2023-01-10,Kalyan,247,230
2023-01-10,Kalyan Night,459,359
2023-01-10,Madhur Day,700,359
2023-01-10,Madhur Night,467,899
2023-01-10,Main Bazar,139,146
2023-01-10,Milan Day,339,120
2023-01-10,Milan Night,127,890
2023-01-10,Rajdhani Day,700,134
2023-01-10,Rajdhani Night,177,468
2023-01-10,Sridevi,880,225
2023-01-10,Sridevi Night,600,279
2023-01-10,Time Bazar,568,136
2023-01-11,Kalyan,359,180
2023-01-11,Kalyan Night,278,569
2023-01-11,Madhur Day,199,300
2023-01-11,Madhur Night,234,567
2023-01-11,Main Bazar,258,259
2023-01-11,Milan Day,380,800
2023-01-11,Milan Night,479,346
2023-01-11,Rajdhani Day,360,440
2023-01-11,Rajdhani Night,150,127
2023-01-11,Sridevi,489,200
2023-01-11,Sridevi Night,578,569
2023-01-11,Time Bazar,258,139
2023-01-12,Kalyan,690,124
2023-01-12,Kalyan Night,566,257
2023-01-12,Madhur Day,134,117
2023-01-12,Madhur Night,125,116
2023-01-12,Main Bazar,339,490
2023-01-12,Milan Day,127,379
2023-01-12,Milan Night,456,356
2023-01-12,Rajdhani Day,233,240
2023-01-12,Rajdhani Night,145,457
2023-01-12,Sridevi,290,188
2023-01-12,Sridevi Night,268,349
2023-01-12,Time Bazar,457,358
2023-01-13,Kalyan,179,246
2023-01-13,Kalyan Night,690,678
2023-01-13,Madhur Day,148,189
2023-01-13,Madhur Night,190,239
2023-01-13,Main Bazar,490,380
2023-01-13,Milan Day,168,300
2023-01-13,Milan Night,478,246
2023-01-13,Rajdhani Day,145,146
2023-01-13,Rajdhani Night,799,349
2023-01-13,Sridevi,249,128
2023-01-13,Sridevi Night,590,110
2023-01-13,Time Bazar,235,288
2023-01-14,Kalyan,247,670
2023-01-14,Madhur Day,337,246
2023-01-14,Madhur Night,400,269
2023-01-14,Milan Day,299,268
2023-01-14,Milan Night,568,160
2023-01-14,Rajdhani Day,560,490
2023-01-14,Sridevi,460,256
2023-01-14,Sridevi Night,180,458
2023-01-14,Time Bazar,390,568
2023-01-15,Madhur Day,148,557
2023-01-15,Sridevi,369,378
2023-01-15,Sridevi Night,269,259
2023-01-16,Kalyan,460,110
2023-01-16,Kalyan Night,370,149
2023-01-16,Madhur Day,236,117
2023-01-16,Madhur Night,368,147
2023-01-16,Main Bazar,788,489
2023-01-16,Milan Day,138,600
2023-01-16,Milan Night,460,569
2023-01-16,Rajdhani Day,589,390
2023-01-16,Rajdhani Night,117,557
2023-01-16,Sridevi,679,149
2023-01-16,Sridevi Night,137,240
2023-01-16,Time Bazar,478,155
2023-01-17,Kalyan,669,122
2023-01-17,Kalyan Night,448,378
2023-01-17,Madhur Day,228,368
2023-01-17,Madhur Night,899,180
2023-01-17,Main Bazar,249,336
2023-01-17,Milan Day,137,156
2023-01-17,Milan Night,246,500
2023-01-17,Rajdhani Day,179,350
2023-01-17,Rajdhani Night,179,228
2023-01-17,Sridevi,345,233
2023-01-17,Sridevi Night,445,146
2023-01-17,Time Bazar,589,267
2023-01-18,Kalyan,245,168
2023-01-18,Kalyan Night,169,370
2023-01-18,Madhur Day,179,568
2023-01-18,Madhur Night,256,290
2023-01-18,Main Bazar,688,590
2023-01-18,Milan Day,340,299
2023-01-18,Milan Night,220,779
2023-01-18,Rajdhani Day,260,234
2023-01-18,Rajdhani Night,360,134
2023-01-18,Sridevi,380,689
2023-01-18,Sridevi Night,335,790
2023-01-18,Time Bazar,156,279
2023-01-19,Kalyan,899,450
2023-01-19,Kalyan Night,600,334
2023-01-19,Madhur Day,255,220
2023-01-19,Madhur Night,146,122
2023-01-19,Main Bazar,367,299
2023-01-19,Milan Day,669,336
2023-01-19,Milan Night,160,380
2023-01-19,Rajdhani Day,660,156
2023-01-19,Rajdhani Night,470,224
2023-01-19,Sridevi,248,356
2023-01-19,Sridevi Night,230,377
2023-01-19,Time Bazar,790,127
2023-01-20,Kalyan,360,790
2023-01-20,Kalyan Night,458,134
2023-01-20,Madhur Day,350,660
2023-01-20,Madhur Night,570,389
2023-01-20,Main Bazar,800,257
2023-01-20,Milan Day,269,599
2023-01-20,Milan Night,336,180
2023-01-20,Rajdhani Day,244,680
2023-01-20,Rajdhani Night,179,339
2023-01-20,Sridevi,127,140
2023-01-20,Sridevi Night,348,359
2023-01-20,Time Bazar,456,249
2023-01-21,Kalyan,459,246
2023-01-21,Madhur Day,668,258
2023-01-21,Madhur Night,399,268
2023-01-21,Milan Day,590,224
2023-01-21,Milan Night,370,899
2023-01-21,Rajdhani Day,345,377
2023-01-21,Sridevi,568,578
2023-01-21,Sridevi Night,378,167
2023-01-21,Time Bazar,130,148
2023-01-22,Madhur Day,345,369
2023-01-22,Sridevi,579,670
2023-01-22,Sridevi Night,234,479
2023-01-23,Kalyan,225,167
2023-01-23,Kalyan Night,580,790
2023-01-23,Madhur Day,190,247
2023-01-23,Madhur Night,489,589
2023-01-23,Main Bazar,245,800
2023-01-23,Milan Day,359,359
2023-01-23,Milan Night,246,128
2023-01-23,Rajdhani Day,890,140
2023-01-23,Rajdhani Night,125,289
2023-01-23,Sridevi,470,344
2023-01-23,Sridevi Night,280,556
2023-01-23,Time Bazar,699,399
2023-01-24,Kalyan,177,123
2023-01-24,Kalyan Night,349,289
2023-01-24,Madhur Day,460,370
2023-01-24,Madhur Night,389,137
2023-01-24,Main Bazar,150,680
2023-01-24,Milan Day,770,130
2023-01-24,Milan Night,680,468
2023-01-24,Rajdhani Day,340,490
2023-01-24,Rajdhani Night,133,349
2023-01-24,Sridevi,268,456
2023-01-24,Sridevi Night,248,477
2023-01-24,Time Bazar,388,236
2023-01-25,Kalyan,378,389
2023-01-25,Kalyan Night,355,469
2023-01-25,Madhur Day,129,139
2023-01-25,Madhur Night,100,460
2023-01-25,Main Bazar,367,355
2023-01-25,Milan Day,145,289
2023-01-25,Milan Night,577,678
2023-01-25,Rajdhani Day,236,379
2023-01-25,Rajdhani Night,255,560
2023-01-25,Sridevi,147,145
2023-01-25,Sridevi Night,568,127
2023-01-25,Time Bazar,256,120
2023-01-27,Kalyan,279,568
2023-01-27,Kalyan Night,257,480
2023-01-27,Madhur Day,556,779
2023-01-27,Madhur Night,490,330
2023-01-27,Main Bazar,248,668
2023-01-27,Milan Day,127,478
2023-01-27,Milan Night,459,370
2023-01-27,Rajdhani Day,900,588
2023-01-27,Rajdhani Night,167,370
2023-01-27,Sridevi,170,459
2023-01-27,Sridevi Night,148,340
2023-01-27,Time Bazar,144,259
2023-01-28,Kalyan,137,230
2023-01-28,Madhur Day,269,179
2023-01-28,Madhur Night,190,148
2023-01-28,Milan Day,460,779
2023-01-28,Milan Night,114,117
2023-01-28,Rajdhani Day,359,134
2023-01-28,Sridevi,115,129
2023-01-28,Sridevi Night,256,579
2023-01-28,Time Bazar,123,240
2023-01-29,Madhur Day,367,268
2023-01-29,Sridevi,240,348
2023-01-29,Sridevi Night,124,145
2023-01-30,Kalyan,338,170
2023-01-30,Kalyan Night,790,124
2023-01-30,Madhur Day,566,233
2023-01-30,Madhur Night,236,138
2023-01-30,Main Bazar,137,460
2023-01-30,Milan Day,459,125
2023-01-30,Milan Night,224,100
2023-01-30,Rajdhani Day,347,668
2023-01-30,Rajdhani Night,129,770
2023-01-30,Sridevi,479,159
2023-01-30,Sridevi Night,890,245
2023-01-30,Time Bazar,258,378
2023-01-31,Kalyan,256,125
2023-01-31,Kalyan Night,677,788
2023-01-31,Madhur Day,890,136
2023-01-31,Madhur Night,169,335
2023-01-31,Main Bazar,348,300
2023-01-31,Milan Day,239,567
2023-01-31,Milan Night,259,467
2023-01-31,Rajdhani Day,459,330
2023-01-31,Rajdhani Night,566,580
2023-01-31,Sridevi,189,220
2023-01-31,Sridevi Night,370,135
2023-01-31,Time Bazar,468,126
2023-02-01,Kalyan,130,378
2023-02-01,Kalyan Night,346,147
2023-02-01,Madhur Day,800,468
2023-02-01,Madhur Night,770,267
2023-02-01,Main Bazar,125,379
2023-02-01,Milan Day,590,469
2023-02-01,Milan Night,799,599
2023-02-01,Rajdhani Day,579,470
2023-02-01,Rajdhani Night,239,280
2023-02-01,Sridevi,123,390
2023-02-01,Sridevi Night,679,680
2023-02-01,Time Bazar,189,157
2023-02-02,Kalyan,580,569
2023-02-02,Kalyan Night,360,590
2023-02-02,Madhur Day,134,347
2023-02-02,Madhur Night,338,479
2023-02-02,Main Bazar,189,140
2023-02-02,Milan Day,789,257
2023-02-02,Milan Night,224,778
2023-02-02,Rajdhani Day,240,469
2023-02-02,Rajdhani Night,340,170
2023-02-02,Sridevi,190,447
2023-02-02,Sridevi Night,125,178
2023-02-02,Time Bazar,569,250
2023-02-03,Kalyan,400,368
2023-02-03,Kalyan Night,137,146
2023-02-03,Madhur Day,357,268
2023-02-03,Madhur Night,689,440
2023-02-03,Main Bazar,113,237
2023-02-03,Milan Day,668,449
2023-02-03,Milan Night,370,148
2023-02-03,Rajdhani Day,350,257
2023-02-03,Rajdhani Night,138,148
2023-02-03,Sridevi,670,138
2023-02-03,Sridevi Night,468,457
2023-02-03,Time Bazar,236,238
2023-02-04,Kalyan,236,570
2023-02-04,Madhur Day,225,489
2023-02-04,Madhur Night,455,239
2023-02-04,Milan Day,248,117
2023-02-04,Milan Night,246,790
2023-02-04,Rajdhani Day,378,180
2023-02-04,Sridevi,347,690
2023-02-04,Sridevi Night,139,168
2023-02-04,Time Bazar,699,116
2023-02-05,Madhur Day,449,770
2023-02-05,Sridevi,156,789
2023-02-05,Sridevi Night,237,567
2023-02-06,Kalyan,266,130
2023-02-06,Kalyan Night,447,188
2023-02-06,Madhur Day,268,700
2023-02-06,Madhur Night,457,300
2023-02-06,Main Bazar,377,367
2023-02-06,Milan Day,133,248
2023-02-06,Milan Night,568,440
2023-02-06,Rajdhani Day,670,359
2023-02-06,Rajdhani Night,458,790
2023-02-06,Sridevi,267,360
2023-02-06,Sridevi Night,588,489
2023-02-06,Time Bazar,568,279
2023-02-07,Kalyan,199,168
2023-02-07,Kalyan Night,259,380
2023-02-07,Madhur Day,469,122
2023-02-07,Madhur Night,990,279
2023-02-07,Main Bazar,270,237
2023-02-07,Milan Day,570,240
2023-02-07,Milan Night,669,490
2023-02-07,Rajdhani Day,169,135
2023-02-07,Rajdhani Night,590,600
2023-02-07,Sridevi,249,356
2023-02-07,Sridevi Night,224,379
2023-02-07,Time Bazar,134,237
2023-02-08,Kalyan,780,238
2023-02-08,Kalyan Night,117,224
2023-02-08,Madhur Day,380,400
2023-02-08,Madhur Night,356,447
2023-02-08,Main Bazar,257,990
2023-02-08,Milan Day,478,349
2023-02-08,Milan Night,239,345
2023-02-08,Rajdhani Day,669,334
2023-02-08,Rajdhani Night,288,890
2023-02-08,Sridevi,156,457
2023-02-08,Sridevi Night,149,400
2023-02-08,Time Bazar,126,789
2023-02-09,Kalyan,100,470
2023-02-09,Kalyan Night,368,780
2023-02-09,Madhur Day,235,370
2023-02-09,Madhur Night,125,150
2023-02-09,Main Bazar,345,224
2023-02-09,Milan Day,230,115
2023-02-09,Milan Night,447,669
2023-02-09,Rajdhani Day,245,168
2023-02-09,Rajdhani Night,155,159
2023-02-09,Sridevi,146,237
2023-02-09,Sridevi Night,336,488
2023-02-09,Time Bazar,455,267
2023-02-10,Kalyan,129,679
2023-02-10,Kalyan Night,780,677
2023-02-10,Madhur Day,459,170
2023-02-10,Madhur Night,299,556
2023-02-10,Main Bazar,470,478
2023-02-10,Milan Day,170,388
2023-02-10,Milan Night,225,449
2023-02-10,Rajdhani Day,339,269
2023-02-10,Rajdhani Night,138,134
2023-02-10,Sridevi,288,668
2023-02-10,Sridevi Night,180,789
2023-02-10,Time Bazar,356,590
2023-02-11,Kalyan,270,589
2023-02-11,Madhur Day,499,569
2023-02-11,Madhur Night,160,137
2023-02-11,Milan Day,123,499
2023-02-11,Milan Night,455,248
2023-02-11,Rajdhani Day,359,129
2023-02-11,Sridevi,349,157
2023-02-11,Sridevi Night,249,279
2023-02-11,Time Bazar,140,600
2023-02-12,Madhur Day,790,560
2023-02-12,Sridevi,139,230
2023-02-12,Sridevi Night,234,350
2023-02-13,Kalyan,279,127
2023-02-13,Kalyan Night,140,458
2023-02-13,Madhur Day,577,137
2023-02-13,Madhur Night,230,389
2023-02-13,Main Bazar,245,379
2023-02-13,Milan Day,240,334
2023-02-13,Milan Night,259,156
2023-02-13,Rajdhani Day,440,556
2023-02-13,Rajdhani Night,258,148
2023-02-13,Sridevi,257,289
2023-02-13,Sridevi Night,268,450
2023-02-13,Time Bazar,278,148
2023-02-14,Kalyan,599,469
2023-02-14,Kalyan Night,116,400
2023-02-14,Madhur Day,370,578
2023-02-14,Madhur Night,239,270
2023-02-14,Main Bazar,490,448
2023-02-14,Milan Day,600,269
2023-02-14,Milan Night,150,567
2023-02-14,Rajdhani Day,460,570
2023-02-14,Rajdhani Night,345,119
2023-02-14,Sridevi,778,135
2023-02-14,Sridevi Night,128,358
2023-02-14,Time Bazar,559,137
2023-02-15,Kalyan,889,336
2023-02-15,Kalyan Night,120,390
2023-02-15,Madhur Day,347,177
2023-02-15,Madhur Night,800,239
2023-02-15,Main Bazar,234,359
2023-02-15,Milan Day,780,236
2023-02-15,Milan Night,223,278
2023-02-15,Rajdhani Day,690,390
2023-02-15,Rajdhani Night,136,116
2023-02-15,Sridevi,288,780
2023-02-15,Sridevi Night,123,236
2023-02-15,Time Bazar,169,189
2023-02-16,Kalyan,330,189
2023-02-16,Kalyan Night,488,679
2023-02-16,Madhur Day,367,168
2023-02-16,Madhur Night,168,246
2023-02-16,Main Bazar,560,345
2023-02-16,Milan Day,236,900
2023-02-16,Milan Night,123,789
2023-02-16,Rajdhani Day,578,230
2023-02-16,Rajdhani Night,688,245
2023-02-16,Sridevi,389,134
2023-02-16,Sridevi Night,378,124
2023-02-16,Time Bazar,389,470
2023-02-17,Kalyan,790,566
2023-02-17,Kalyan Night,369,128
2023-02-17,Madhur Day,457,348
2023-02-17,Madhur Night,340,470
2023-02-17,Main Bazar,229,466
2023-02-17,Milan Day,368,470
2023-02-17,Milan Night,470,680
2023-02-17,Rajdhani Day,236,256
2023-02-17,Rajdhani Night,790,289
2023-02-17,Sridevi,125,600
2023-02-17,Sridevi Night,569,479
2023-02-17,Time Bazar,160,146
2023-02-18,Kalyan,700,355
2023-02-18,Madhur Day,579,456
2023-02-18,Madhur Night,480,167
2023-02-18,Milan Day,234,130
2023-02-18,Milan Night,237,230
2023-02-18,Rajdhani Day,334,560
2023-02-18,Sridevi,148,279
2023-02-18,Sridevi Night,469,140
2023-02-18,Time Bazar,378,133
2023-02-19,Madhur Day,770,679
2023-02-19,Sridevi,137,478
2023-02-19,Sridevi Night,117,170
2023-02-20,Kalyan,680,670
2023-02-20,Kalyan Night,459,356
2023-02-20,Madhur Day,233,770
2023-02-20,Madhur Night,237,580
2023-02-20,Main Bazar,456,160
2023-02-20,Milan Day,117,290
2023-02-20,Milan Night,890,345
2023-02-20,Rajdhani Day,789,159
2023-02-20,Rajdhani Night,458,370
2023-02-20,Sridevi,466,278
2023-02-20,Sridevi Night,990,350
2023-02-20,Time Bazar,347,448
2023-02-21,Kalyan,137,579
2023-02-21,Kalyan Night,670,890
2023-02-21,Madhur Day,360,124
2023-02-21,Madhur Night,256,245
2023-02-21,Main Bazar,449,126
2023-02-21,Milan Day,266,799
2023-02-21,Milan Night,589,580
2023-02-21,Rajdhani Day,469,357
2023-02-21,Rajdhani Night,189,226
2023-02-21,Sridevi,457,177
2023-02-21,Sridevi Night,890,470
2023-02-21,Time Bazar,380,560
2023-02-22,Kalyan,780,244
2023-02-22,Kalyan Night,120,158
2023-02-22,Madhur Day,368,223
2023-02-22,Madhur Night,488,890
2023-02-22,Main Bazar,890,790
2023-02-22,Milan Day,458,456
2023-02-22,Milan Night,380,790
2023-02-22,Rajdhani Day,112,240
2023-02-22,Rajdhani Night,125,680
2023-02-22,Sridevi,348,679
2023-02-22,Sridevi Night,558,136
2023-02-22,Time Bazar,377,480
2023-02-23,Kalyan,380,336
2023-02-23,Kalyan Night,178,789
2023-02-23,Madhur Day,456,234
2023-02-23,Madhur Night,569,258
2023-02-23,Main Bazar,126,240
2023-02-23,Milan Day,136,147
2023-02-23,Milan Night,158,360
2023-02-23,Rajdhani Day,280,136
2023-02-23,Rajdhani Night,138,489
2023-02-23,Sridevi,467,147
2023-02-23,Sridevi Night,349,367
2023-02-23,Time Bazar,147,133
2023-02-24,Kalyan,589,268
2023-02-24,Kalyan Night,670,269
2023-02-24,Madhur Day,357,448
2023-02-24,Madhur Night,346,124
2023-02-24,Main Bazar,248,160
2023-02-24,Milan Day,334,146
2023-02-24,Milan Night,128,799
2023-02-24,Rajdhani Day,129,588
2023-02-24,Rajdhani Night,800,480
2023-02-24,Sridevi,235,368
2023-02-24,Sridevi Night,280,678
2023-02-24,Time Bazar,336,556
2023-02-25,Kalyan,113,240
2023-02-25,Madhur Day,599,169
2023-02-25,Madhur Night,889,569
2023-02-25,Milan Day,115,377
2023-02-25,Milan Night,367,148
2023-02-25,Rajdhani Day,125,135
2023-02-25,Sridevi,577,167
2023-02-25,Sridevi Night,148,169
2023-02-25,Time Bazar,130,480
2023-02-26,Sridevi,359,146
2023-02-26,Sridevi Night,670,237
2023-02-27,Kalyan,168,489
2023-02-27,Kalyan Night,245,230
2023-02-27,Madhur Day,367,289
2023-02-27,Madhur Night,146,123
2023-02-27,Main Bazar,278,780
2023-02-27,Milan Day,237,114
2023-02-27,Milan Night,488,460
2023-02-27,Rajdhani Day,450,138
2023-02-27,Rajdhani Night,146,189
2023-02-27,Sridevi,590,379
2023-02-27,Sridevi Night,348,140
2023-02-27,Time Bazar,117,369
2023-02-28,Kalyan,199,130
2023-02-28,Kalyan Night,569,357
2023-02-28,Madhur Day,567,390
2023-02-28,Madhur Night,477,138
2023-02-28,Main Bazar,134,248
2023-02-28,Milan Day,590,449
2023-02-28,Milan Night,336,589
2023-02-28,Rajdhani Day,668,270
2023-02-28,Rajdhani Night,569,579
2023-02-28,Sridevi,358,468
2023-02-28,Sridevi Night,233,117
2023-02-28,Time Bazar,668,790
2023-03-01,Kalyan,567,366
2023-03-01,Kalyan Night,690,135
2023-03-01,Madhur Day,267,125
2023-03-01,Madhur Night,669,447
2023-03-01,Main Bazar,590,267
2023-03-01,Milan Day,335,133
2023-03-01,Milan Night,779,130
2023-03-01,Rajdhani Day,123,158
2023-03-01,Rajdhani Night,147,229
2023-03-01,Sridevi,357,780
2023-03-01,Sridevi Night,446,145
2023-03-01,Time Bazar,246,158
2023-03-02,Kalyan,259,334
2023-03-02,Kalyan Night,249,168
2023-03-02,Madhur Day,170,135
2023-03-02,Madhur Night,158,688
2023-03-02,Main Bazar,170,170
2023-03-02,Milan Day,270,224
2023-03-02,Milan Night,147,890
2023-03-02,Rajdhani Day,189,269
2023-03-02,Rajdhani Night,279,147
2023-03-02,Sridevi,579,245
2023-03-02,Sridevi Night,667,255
2023-03-02,Time Bazar,170,580
2023-03-03,Kalyan,256,467
2023-03-03,Kalyan Night,568,124
2023-03-03,Madhur Day,137,188
2023-03-03,Madhur Night,367,138
2023-03-03,Main Bazar,680,346
2023-03-03,Milan Day,459,235
2023-03-03,Milan Night,169,457
2023-03-03,Rajdhani Day,489,237
2023-03-03,Rajdhani Night,126,247
2023-03-03,Sridevi,570,460
2023-03-03,Sridevi Night,567,179
2023-03-03,Time Bazar,267,115
2023-03-04,Kalyan,579,259
2023-03-04,Madhur Day,256,488
2023-03-04,Madhur Night,130,667
2023-03-04,Milan Day,129,568
2023-03-04,Milan Night,267,689
2023-03-04,Rajdhani Day,114,145
2023-03-04,Sridevi,225,389
2023-03-04,Sridevi Night,155,226
2023-03-04,Time Bazar,468,890
2023-03-05,Madhur Day,459,347
2023-03-05,Sridevi,778,369
2023-03-05,Sridevi Night,468,370
2023-03-06,Kalyan,227,590
2023-03-06,Kalyan Night,780,134
2023-03-06,Madhur Day,460,480
2023-03-06,Madhur Night,128,249
2023-03-06,Main Bazar,247,390
2023-03-06,Milan Day,113,770
2023-03-06,Milan Night,249,346
2023-03-06,Rajdhani Day,146,780
2023-03-06,Rajdhani Night,246,256
2023-03-06,Sridevi,390,479
2023-03-06,Sridevi Night,448,125
2023-03-06,Time Bazar,369,239
2023-03-07,Kalyan,229,590
2023-03-07,Kalyan Night,136,457
2023-03-07,Madhur Day,114,233
2023-03-07,Madhur Night,235,469
2023-03-07,Main Bazar,189,233
2023-03-07,Milan Day,130,126
2023-03-07,Milan Night,248,258
2023-03-07,Rajdhani Day,356,560
2023-03-07,Rajdhani Night,550,379
2023-03-07,Time Bazar,780,370
2023-03-09,Kalyan,568,238
2023-03-09,Kalyan Night,247,677
2023-03-09,Madhur Day,560,689
2023-03-09,Madhur Night,238,129
2023-03-09,Main Bazar,140,579
2023-03-09,Milan Day,240,470
2023-03-09,Milan Night,499,470
2023-03-09,Rajdhani Day,690,337
2023-03-09,Rajdhani Night,566,468
2023-03-09,Sridevi,278,169
2023-03-09,Sridevi Night,577,344
2023-03-09,Time Bazar,789,259
2023-03-10,Kalyan,367,470
2023-03-10,Kalyan Night,469,379
2023-03-10,Madhur Day,360,333
2023-03-10,Madhur Night,126,569
2023-03-10,Main Bazar,268,339
2023-03-10,Milan Day,358,366
2023-03-10,Milan Night,367,300
2023-03-10,Rajdhani Day,137,668
2023-03-10,Rajdhani Night,456,148
2023-03-10,Sridevi,178,268
2023-03-10,Sridevi Night,568,489
2023-03-10,Time Bazar,780,256
2023-03-11,Kalyan,358,248
2023-03-11,Madhur Day,449,159
2023-03-11,Madhur Night,458,180
2023-03-11,Milan Day,670,348
2023-03-11,Milan Night,245,278
2023-03-11,Rajdhani Day,379,349
2023-03-11,Sridevi,350,180
2023-03-11,Sridevi Night,599,458
2023-03-11,Time Bazar,126,160
2023-03-12,Madhur Day,380,160
2023-03-12,Sridevi,149,369
2023-03-12,Sridevi Night,139,168
2023-03-13,Kalyan,135,169
2023-03-13,Kalyan Night,147,478
2023-03-13,Madhur Day,350,460
2023-03-13,Madhur Night,990,120
2023-03-13,Main Bazar,369,225
2023-03-13,Milan Day,600,556
2023-03-13,Milan Night,679,700
2023-03-13,Rajdhani Day,689,138
2023-03-13,Rajdhani Night,289,233
2023-03-13,Sridevi,145,280
2023-03-13,Sridevi Night,248,137
2023-03-13,Time Bazar,336,370
2023-03-14,Kalyan,479,145
2023-03-14,Kalyan Night,789,136
2023-03-14,Madhur Day,159,177
2023-03-14,Madhur Night,458,369
2023-03-14,Main Bazar,234,679
2023-03-14,Milan Day,499,567
2023-03-14,Milan Night,148,479
2023-03-14,Rajdhani Day,900,135
2023-03-14,Rajdhani Night,160,590
2023-03-14,Sridevi,337,234
2023-03-14,Sridevi Night,390,450
2023-03-14,Time Bazar,134,136
2023-03-15,Kalyan,157,145
2023-03-15,Kalyan Night,346,378
2023-03-15,Madhur Day,366,147
2023-03-15,Madhur Night,147,168
2023-03-15,Main Bazar,249,134
2023-03-15,Milan Day,290,237
2023-03-15,Milan Night,460,460
2023-03-15,Rajdhani Day,159,244
2023-03-15,Rajdhani Night,256,133
2023-03-15,Sridevi,235,168
2023-03-15,Sridevi Night,129,379
2023-03-15,Time Bazar,668,289
2023-03-16,Kalyan,599,378
2023-03-16,Kalyan Night,135,117
2023-03-16,Madhur Day,110,789
2023-03-16,Madhur Night,377,799
2023-03-16,Main Bazar,168,359
2023-03-16,Milan Day,228,355
2023-03-16,Milan Night,249,458
2023-03-16,Rajdhani Day,479,249
2023-03-16,Rajdhani Night,348,358
2023-03-16,Sridevi,459,269
2023-03-16,Sridevi Night,258,700
2023-03-16,Time Bazar,448,122
2023-03-17,Kalyan,567,450
2023-03-17,Kalyan Night,129,568
2023-03-17,Madhur Day,389,469
2023-03-17,Madhur Night,348,126
2023-03-17,Main Bazar,399,337
2023-03-17,Milan Day,446,119
2023-03-17,Milan Night,258,489
2023-03-17,Rajdhani Day,688,490
2023-03-17,Rajdhani Night,115,479
2023-03-17,Sridevi,345,125
2023-03-17,Sridevi Night,189,270
2023-03-17,Time Bazar,590,279
2023-03-18,Kalyan,459,256
2023-03-18,Madhur Day,146,139
2023-03-18,Madhur Night,350,459
2023-03-18,Milan Day,247,166
2023-03-18,Milan Night,345,122
2023-03-18,Rajdhani Day,158,690
2023-03-18,Sridevi,456,237
2023-03-18,Sridevi Night,129,127
2023-03-18,Time Bazar,669,118
2023-03-19,Madhur Day,156,130
2023-03-19,Sridevi,789,567
2023-03-19,Sridevi Night,190,250
2023-03-20,Kalyan,124,150
2023-03-20,Kalyan Night,469,457
2023-03-20,Madhur Day,229,249
2023-03-20,Madhur Night,389,669
2023-03-20,Main Bazar,157,110
2023-03-20,Milan Day,440,990
2023-03-20,Milan Night,266,389
2023-03-20,Rajdhani Day,344,570
2023-03-20,Rajdhani Night,146,270
2023-03-20,Sridevi,370,466
2023-03-20,Sridevi Night,579,266
2023-03-20,Time Bazar,479,158
2023-03-21,Kalyan,570,679
2023-03-21,Kalyan Night,780,779
2023-03-21,Madhur Day,679,366
2023-03-21,Madhur Night,570,799
2023-03-21,Main Bazar,179,236
2023-03-21,Milan Day,123,600
2023-03-21,Milan Night,123,370
2023-03-21,Rajdhani Day,156,169
2023-03-21,Rajdhani Night,340,149
2023-03-21,Sridevi,158,790
2023-03-21,Sridevi Night,360,337
2023-03-21,Time Bazar,678,248
2023-03-22,Kalyan,550,566
2023-03-22,Kalyan Night,358,177
2023-03-22,Madhur Day,139,156
2023-03-22,Madhur Night,446,670
2023-03-22,Main Bazar,134,125
2023-03-22,Milan Day,139,299
2023-03-22,Milan Night,127,146
2023-03-22,Rajdhani Day,456,120
2023-03-22,Rajdhani Night,468,177
2023-03-22,Sridevi,347,226
2023-03-22,Sridevi Night,378,145
2023-03-22,Time Bazar,344,667
2023-03-23,Kalyan,126,340
2023-03-23,Kalyan Night,480,678
2023-03-23,Madhur Day,789,369
2023-03-23,Madhur Night,137,170
2023-03-23,Main Bazar,458,457
2023-03-23,Milan Day,256,468
2023-03-23,Milan Night,124,267
2023-03-23,Rajdhani Day,990,467
2023-03-23,Rajdhani Night,389,490
2023-03-23,Sridevi,470,279
2023-03-23,Sridevi Night,348,690
2023-03-23,Time Bazar,390,118
2023-03-24,Kalyan,280,380
2023-03-24,Kalyan Night,358,113
2023-03-24,Madhur Day,229,124
2023-03-24,Madhur Night,170,130
2023-03-24,Main Bazar,369,128
2023-03-24,Milan Day,137,680
2023-03-24,Milan Night,239,149
2023-03-24,Rajdhani Day,157,149
2023-03-24,Rajdhani Night,130,129
2023-03-24,Sridevi,138,580
2023-03-24,Sridevi Night,159,135
2023-03-24,Time Bazar,259,269
2023-03-25,Kalyan,456,134
2023-03-25,Madhur Day,349,578
2023-03-25,Madhur Night,679,470
2023-03-25,Milan Day,347,679
2023-03-25,Milan Night,149,130
2023-03-25,Rajdhani Day,578,166
2023-03-25,Sridevi,370,247
2023-03-25,Sridevi Night,899,346
2023-03-25,Time Bazar,456,125
2023-03-26,Madhur Day,147,126
2023-03-26,Sridevi,160,289
2023-03-26,Sridevi Night,399,688
2023-03-27,Kalyan,779,169
2023-03-27,Kalyan Night,668,238
2023-03-27,Madhur Day,166,159
2023-03-27,Madhur Night,248,479
2023-03-27,Main Bazar,680,699
2023-03-27,Milan Day,125,578
2023-03-27,Milan Night,257,480
2023-03-27,Rajdhani Day,570,458
2023-03-27,Rajdhani Night,578,266
2023-03-27,Sridevi,589,359
2023-03-27,Sridevi Night,770,345
2023-03-27,Time Bazar,589,129
2023-03-28,Kalyan,567,359
2023-03-28,Kalyan Night,116,990
2023-03-28,Madhur Day,368,200
2023-03-28,Madhur Night,258,259
2023-03-28,Main Bazar,458,678
2023-03-28,Milan Day,229,150
2023-03-28,Milan Night,568,240
2023-03-28,Rajdhani Day,177,370
2023-03-28,Rajdhani Night,490,680
2023-03-28,Sridevi,137,247
2023-03-28,Sridevi Night,269,236
2023-03-28,Time Bazar,677,780
2023-03-29,Kalyan,247,700
2023-03-29,Kalyan Night,467,579
2023-03-29,Madhur Day,348,599
2023-03-29,Madhur Night,390,370
2023-03-29,Main Bazar,114,127
2023-03-29,Milan Day,277,229
2023-03-29,Milan Night,589,699
2023-03-29,Rajdhani Day,135,599
2023-03-29,Rajdhani Night,170,566
2023-03-29,Sridevi,489,348
2023-03-29,Sridevi Night,880,667
2023-03-29,Time Bazar,378,279
2023-03-30,Kalyan,450,168
2023-03-30,Kalyan Night,135,266
2023-03-30,Madhur Day,259,267
2023-03-30,Madhur Night,130,356
2023-03-30,Main Bazar,289,355
2023-03-30,Milan Day,125,169
2023-03-30,Milan Night,240,139
2023-03-30,Rajdhani Day,567,158
2023-03-30,Rajdhani Night,127,139
2023-03-30,Sridevi,260,270
2023-03-30,Sridevi Night,367,778
2023-03-30,Time Bazar,148,246
2023-03-31,Kalyan,448,350
2023-03-31,Kalyan Night,247,468
2023-03-31,Madhur Day,145,220
2023-03-31,Madhur Night,240,129
2023-03-31,Main Bazar,490,460
2023-03-31,Milan Day,200,569
2023-03-31,Milan Night,124,123
2023-03-31,Rajdhani Day,378,137
2023-03-31,Rajdhani Night,136,690
2023-03-31,Sridevi,158,147
2023-03-31,Sridevi Night,478,357
2023-03-31,Time Bazar,280,577
2023-04-01,Kalyan,145,160
2023-04-01,Madhur Day,569,336
2023-04-01,Madhur Night,356,677
2023-04-01,Milan Day,130,290
2023-04-01,Milan Night,135,569
2023-04-01,Rajdhani Day,669,356
2023-04-01,Sridevi,600,120
2023-04-01,Sridevi Night,356,559
2023-04-01,Time Bazar,488,370
2023-04-02,Madhur Day,345,340
2023-04-02,Sridevi,248,589
2023-04-02,Sridevi Night,127,388
2023-04-03,Kalyan,150,127
2023-04-03,Kalyan Night,478,233
2023-04-03,Madhur Day,479,455
2023-04-03,Madhur Night,389,700
2023-04-03,Main Bazar,260,567
2023-04-03,Milan Day,570,124
2023-04-03,Milan Night,112,470
2023-04-03,Rajdhani Day,256,568
2023-04-03,Rajdhani Night,900,266
2023-04-03,Sridevi,569,678
2023-04-03,Sridevi Night,800,589
2023-04-03,Time Bazar,230,224
2023-04-04,Kalyan,369,137
2023-04-04,Kalyan Night,468,257
2023-04-04,Madhur Day,699,136
2023-04-04,Madhur Night,248,357
2023-04-04,Main Bazar,377,390
2023-04-04,Milan Day,249,115
2023-04-04,Milan Night,677,388
2023-04-04,Rajdhani Day,340,113
2023-04-04,Rajdhani Night,459,447
2023-04-04,Sridevi,370,399
2023-04-04,Sridevi Night,157,256
2023-04-04,Time Bazar,458,200
2023-04-05,Kalyan,257,355
2023-04-05,Kalyan Night,449,799
2023-04-05,Madhur Day,789,568
2023-04-05,Madhur Night,158,136
2023-04-05,Main Bazar,456,368
2023-04-05,Milan Day,580,226
2023-04-05,Milan Night,225,157
2023-04-05,Rajdhani Day,299,190
2023-04-05,Rajdhani Night,677,379
2023-04-05,Sridevi,477,467
2023-04-05,Sridevi Night,660,468
2023-04-05,Time Bazar,377,346
2023-04-06,Kalyan,269,660
2023-04-06,Kalyan Night,788,148
2023-04-06,Madhur Day,690,480
2023-04-06,Madhur Night,389,130
2023-04-06,Main Bazar,338,334
2023-04-06,Milan Day,334,139
2023-04-06,Milan Night,478,169
2023-04-06,Rajdhani Day,145,168
2023-04-06,Rajdhani Night,270,130
2023-04-06,Sridevi,234,467
2023-04-06,Sridevi Night,146,290
2023-04-06,Time Bazar,460,180
2023-04-07,Kalyan,390,150
2023-04-07,Kalyan Night,299,220
2023-04-07,Madhur Day,280,189
2023-04-07,Madhur Night,360,890
2023-04-07,Main Bazar,144,668
2023-04-07,Milan Day,338,113
2023-04-07,Milan Night,679,569
2023-04-07,Rajdhani Day,356,569
2023-04-07,Rajdhani Night,780,289
2023-04-07,Sridevi,366,230
2023-04-07,Sridevi Night,236,459
2023-04-07,Time Bazar,580,449
2023-04-08,Kalyan,126,567
2023-04-08,Madhur Day,125,389
2023-04-08,Madhur Night,477,460
2023-04-08,Milan Day,456,289
2023-04-08,Milan Night,169,246
2023-04-08,Rajdhani Day,680,359
2023-04-08,Sridevi,389,258
2023-04-08,Sridevi Night,668,340
2023-04-08,Time Bazar,457,789
2023-04-09,Madhur Day,138,239
2023-04-09,Sridevi,789,667
2023-04-09,Sridevi Night,578,136
2023-04-10,Kalyan,278,460
2023-04-10,Kalyan Night,488,370
2023-04-10,Madhur Day,279,169
2023-04-10,Madhur Night,234,249
2023-04-10,Main Bazar,128,256
2023-04-10,Milan Day,669,110
2023-04-10,Milan Night,588,100
2023-04-10,Rajdhani Day,558,490
2023-04-10,Rajdhani Night,250,269
2023-04-10,Sridevi,157,469
2023-04-10,Sridevi Night,178,790
2023-04-10,Time Bazar,890,340
2023-04-11,Kalyan,235,590
2023-04-11,Kalyan Night,460,248
2023-04-11,Madhur Day,556,470
2023-04-11,Madhur Night,559,679
2023-04-11,Main Bazar,335,479
2023-04-11,Milan Day,288,140
2023-04-11,Milan Night,300,560
2023-04-11,Rajdhani Day,120,340
2023-04-11,Rajdhani Night,389,149
2023-04-11,Sridevi,134,280
2023-04-11,Sridevi Night,147,566
2023-04-11,Time Bazar,589,268
2023-04-12,Kalyan,248,679
2023-04-12,Kalyan Night,266,146
2023-04-12,Madhur Day,227,124
2023-04-12,Madhur Night,348,470
2023-04-12,Main Bazar,289,230
2023-04-12,Milan Day,257,150
2023-04-12,Milan Night,355,277
2023-04-12,Rajdhani Day,239,127
2023-04-12,Rajdhani Night,223,688
2023-04-12,Sridevi,567,460
2023-04-12,Sridevi Night,246,490
2023-04-12,Time Bazar,120,240
2023-04-13,Kalyan,236,250
2023-04-13,Kalyan Night,130,269
2023-04-13,Madhur Day,388,140
2023-04-13,Madhur Night,115,379
2023-04-13,Main Bazar,478,479
2023-04-13,Milan Day,345,560
2023-04-13,Milan Night,269,289
2023-04-13,Rajdhani Day,449,155
2023-04-13,Rajdhani Night,469,499
2023-04-13,Sridevi,180,788
2023-04-13,Sridevi Night,134,369
2023-04-13,Time Bazar,120,788
2023-04-14,Kalyan,230,567
2023-04-14,Kalyan Night,588,247
2023-04-14,Madhur Day,169,360
2023-04-14,Madhur Night,337,380
2023-04-14,Main Bazar,577,249
2023-04-14,Milan Day,335,268
2023-04-14,Milan Night,479,179
2023-04-14,Rajdhani Day,236,358
2023-04-14,Rajdhani Night,457,780
2023-04-14,Sridevi,126,458
2023-04-14,Sridevi Night,590,337
2023-04-14,Time Bazar,137,780
2023-04-15,Kalyan,300,780
2023-04-15,Madhur Day,180,148
2023-04-15,Madhur Night,249,349
2023-04-15,Milan Day,149,146
2023-04-15,Milan Night,560,157
2023-04-15,Rajdhani Day,247,346
2023-04-15,Sridevi,360,359
2023-04-15,Sridevi Night,489,900
2023-04-15,Time Bazar,580,160
2023-04-16,Madhur Day,450,458
2023-04-16,Sridevi,145,269
2023-04-16,Sridevi Night,789,677
2023-04-17,Kalyan,236,345
2023-04-17,Kalyan Night,167,399
2023-04-17,Madhur Day,359,457
2023-04-17,Madhur Night,380,113
2023-04-17,Main Bazar,255,350
2023-04-17,Milan Day,457,667
2023-04-17,Milan Night,588,235
2023-04-17,Rajdhani Day,169,249
2023-04-17,Rajdhani Night,680,257
2023-04-17,Sridevi,357,579
2023-04-17,Sridevi Night,156,440
2023-04-17,Time Bazar,223,679
2023-04-18,Kalyan,359,169
2023-04-18,Kalyan Night,489,688
2023-04-18,Madhur Day,578,139
2023-04-18,Madhur Night,166,589
2023-04-18,Main Bazar,246,134
2023-04-18,Milan Day,457,770
2023-04-18,Milan Night,780,480
2023-04-18,Rajdhani Day,168,334
2023-04-18,Rajdhani Night,335,360
2023-04-18,Sridevi,680,348
2023-04-18,Sridevi Night,478,889
2023-04-18,Time Bazar,346,266
2023-04-19,Kalyan,366,560
2023-04-19,Kalyan Night,679,579
2023-04-19,Madhur Day,670,780
2023-04-19,Madhur Night,133,350
2023-04-19,Main Bazar,380,236
2023-04-19,Milan Day,168,290
2023-04-19,Milan Night,890,899
2023-04-19,Rajdhani Day,335,679
2023-04-19,Rajdhani Night,379,267
2023-04-19,Sridevi,345,590
2023-04-19,Sridevi Night,223,127
2023-04-19,Time Bazar,248,230
2023-04-20,Kalyan,589,368
2023-04-20,Kalyan Night,446,578
2023-04-20,Madhur Day,120,699
2023-04-20,Madhur Night,129,336
2023-04-20,Main Bazar,799,880
2023-04-20,Milan Day,458,245
2023-04-20,Milan Night,146,159
2023-04-20,Rajdhani Day,159,345
2023-04-20,Rajdhani Night,358,567
2023-04-20,Sridevi,678,146
2023-04-20,Sridevi Night,389,466
2023-04-20,Time Bazar,557,256
2023-04-21,Kalyan,780,345
2023-04-21,Kalyan Night,158,138
2023-04-21,Madhur Day,569,255
2023-04-21,Madhur Night,677,478
2023-04-21,Main Bazar,129,458
2023-04-21,Milan Day,160,129
2023-04-21,Milan Night,133,239
2023-04-21,Rajdhani Day,677,588
2023-04-21,Rajdhani Night,249,290
2023-04-21,Sridevi,167,190
2023-04-21,Sridevi Night,224,356
2023-04-21,Time Bazar,226,660
2023-04-22,Kalyan,389,257
2023-04-22,Madhur Night,579,238
2023-04-22,Milan Day,477,670
2023-04-22,Milan Night,237,568
2023-04-22,Rajdhani Day,270,360
2023-04-22,Sridevi,556,240
2023-04-22,Sridevi Night,178,130
2023-04-22,Time Bazar,569,689
2023-04-23,Madhur Day,234,689
2023-04-23,Sridevi,449,344
2023-04-23,Sridevi Night,370,268
2023-04-24,Kalyan,160,560
2023-04-24,Kalyan Night,340,358
2023-04-24,Madhur Day,200,199
2023-04-24,Madhur Night,577,890
2023-04-24,Main Bazar,100,390
2023-04-24,Milan Day,567,270
2023-04-24,Milan Night,137,136
2023-04-24,Rajdhani Day,130,780
2023-04-24,Rajdhani Night,789,679
2023-04-24,Sridevi,799,355
2023-04-24,Sridevi Night,136,236
2023-04-24,Time Bazar,790,136
2023-04-25,Kalyan,266,128
2023-04-25,Kalyan Night,589,145
2023-04-25,Madhur Day,569,247
2023-04-25,Madhur Night,225,660
2023-04-25,Main Bazar,160,336
2023-04-25,Milan Day,245,389
2023-04-25,Milan Night,499,245
2023-04-25,Rajdhani Day,350,180
2023-04-25,Rajdhani Night,228,147
2023-04-25,Sridevi,477,116
2023-04-25,Sridevi Night,679,125
2023-04-25,Time Bazar,260,125
2023-04-26,Kalyan,480,378
2023-04-26,Kalyan Night,488,356
2023-04-26,Madhur Day,335,136
2023-04-26,Madhur Night,335,268
2023-04-26,Main Bazar,138,150
2023-04-26,Milan Day,130,357
2023-04-26,Milan Night,670,680
2023-04-26,Rajdhani Day,248,157
2023-04-26,Rajdhani Night,245,228
2023-04-26,Sridevi,137,269
2023-04-26,Sridevi Night,458,259
2023-04-26,Time Bazar,770,566
2023-04-27,Kalyan,170,139
2023-04-27,Kalyan Night,127,478
2023-04-27,Madhur Day,250,489
2023-04-27,Madhur Night,357,578
2023-04-27,Main Bazar,278,160
2023-04-27,Milan Day,129,388
2023-04-27,Milan Night,169,167
2023-04-27,Rajdhani Day,670,347
2023-04-27,Rajdhani Night,189,300
2023-04-27,Sridevi,170,290
2023-04-27,Sridevi Night,223,229
2023-04-27,Time Bazar,799,113
2023-04-28,Kalyan,580,378
2023-04-28,Kalyan Night,458,239
2023-04-28,Madhur Day,480,468
2023-04-28,Madhur Night,445,247
2023-04-28,Main Bazar,469,300
2023-04-28,Milan Day,366,240
2023-04-28,Milan Night,370,269
2023-04-28,Rajdhani Day,135,269
2023-04-28,Rajdhani Night,358,157
2023-04-28,Sridevi,578,377
2023-04-28,Sridevi Night,100,558
2023-04-28,Time Bazar,146,770
2023-04-29,Kalyan,280,127
2023-04-29,Madhur Day,340,467
2023-04-29,Madhur Night,780,226
2023-04-29,Milan Day,234,370
2023-04-29,Milan Night,139,338
2023-04-29,Rajdhani Day,789,134
2023-04-29,Sridevi,568,890
2023-04-29,Sridevi Night,260,680
2023-04-29,Time Bazar,340,336
2023-04-30,Madhur Day,349,249
2023-04-30,Sridevi,468,456
2023-04-30,Sridevi Night,345,880
2023-05-01,Kalyan,288,170
2023-05-01,Kalyan Night,116,140
2023-05-01,Madhur Day,367,190
2023-05-01,Madhur Night,260,168
2023-05-01,Main Bazar,249,378
2023-05-01,Milan Day,179,688
2023-05-01,Milan Night,124,147
2023-05-01,Rajdhani Day,224,460
2023-05-01,Rajdhani Night,339,678
2023-05-01,Sridevi,256,135
2023-05-01,Sridevi Night,235,147
2023-05-01,Time Bazar,250,148
2023-05-02,Kalyan,249,456
2023-05-02,Kalyan Night,136,233
2023-05-02,Madhur Day,380,490
2023-05-02,Madhur Night,169,377
2023-05-02,Main Bazar,279,340
2023-05-02,Milan Day,448,116
2023-05-02,Milan Night,335,578
2023-05-02,Rajdhani Day,227,148
2023-05-02,Rajdhani Night,358,250
2023-05-02,Sridevi,260,378
2023-05-02,Sridevi Night,668,360
2023-05-02,Time Bazar,110,790
2023-05-03,Kalyan,880,148
2023-05-03,Kalyan Night,223,699
2023-05-03,Madhur Day,229,388
2023-05-03,Madhur Night,134,120
2023-05-03,Main Bazar,570,130
2023-05-03,Milan Day,679,577
2023-05-03,Milan Night,578,889
2023-05-03,Rajdhani Day,256,157
2023-05-03,Rajdhani Night,567,120
2023-05-03,Sridevi,679,245
2023-05-03,Sridevi Night,159,157
2023-05-03,Time Bazar,248,578
2023-05-04,Kalyan,557,469
2023-05-04,Kalyan Night,137,270
2023-05-04,Madhur Day,344,467
2023-05-04,Madhur Night,357,112
2023-05-04,Main Bazar,159,600
2023-05-04,Milan Day,480,378
2023-05-04,Milan Night,570,123
2023-05-04,Rajdhani Day,230,440
2023-05-04,Rajdhani Night,147,799
2023-05-04,Sridevi,569,236
2023-05-04,Sridevi Night,367,347
2023-05-04,Time Bazar,145,789
2023-05-05,Kalyan,368,489
2023-05-05,Kalyan Night,146,224
2023-05-05,Madhur Day,588,156
2023-05-05,Madhur Night,478,489
2023-05-05,Main Bazar,679,349
2023-05-05,Milan Day,139,335
2023-05-05,Milan Night,128,358
2023-05-05,Rajdhani Day,128,160
2023-05-05,Rajdhani Night,129,159
2023-05-05,Sridevi,239,389
2023-05-05,Sridevi Night,678,770
2023-05-05,Time Bazar,110,249
2023-05-06,Kalyan,240,589
2023-05-06,Madhur Day,112,237
2023-05-06,Madhur Night,246,389
2023-05-06,Milan Day,117,355
2023-05-06,Milan Night,225,788
2023-05-06,Rajdhani Day,299,668
2023-05-06,Sridevi,178,478
2023-05-06,Sridevi Night,145,280
2023-05-06,Time Bazar,280,367
2023-05-07,Madhur Day,158,660
2023-05-07,Sridevi,158,137
2023-05-07,Sridevi Night,890,568
2023-05-08,Kalyan,247,459
2023-05-08,Kalyan Night,146,168
2023-05-08,Madhur Day,238,157
2023-05-08,Madhur Night,335,279
2023-05-08,Main Bazar,178,699
2023-05-08,Milan Day,560,478
2023-05-08,Milan Night,139,127
2023-05-08,Rajdhani Day,157,490
2023-05-08,Rajdhani Night,677,110
2023-05-08,Sridevi,233,189
2023-05-08,Sridevi Night,457,126
2023-05-08,Time Bazar,449,990
2023-05-09,Kalyan,229,124
2023-05-09,Kalyan Night,260,660
2023-05-09,Madhur Day,579,679
2023-05-09,Madhur Night,368,155
2023-05-09,Main Bazar,238,158
2023-05-09,Milan Day,347,449
2023-05-09,Milan Night,237,150
2023-05-09,Rajdhani Day,469,699
2023-05-09,Rajdhani Night,145,235
2023-05-09,Sridevi,159,128
2023-05-09,Sridevi Night,170,179
2023-05-09,Time Bazar,550,237
2023-05-10,Kalyan,229,267
2023-05-10,Kalyan Night,458,223
2023-05-10,Madhur Day,689,247
2023-05-10,Madhur Night,499,129
2023-05-10,Main Bazar,459,179
2023-05-10,Milan Day,278,120
2023-05-10,Milan Night,278,790
2023-05-10,Rajdhani Day,147,127
2023-05-10,Rajdhani Night,340,139
2023-05-10,Sridevi,228,480
2023-05-10,Sridevi Night,150,134
2023-05-10,Time Bazar,679,600
2023-05-11,Kalyan,899,670
2023-05-11,Kalyan Night,559,156
2023-05-11,Madhur Day,456,670
2023-05-11,Madhur Night,690,155
2023-05-11,Main Bazar,336,455
2023-05-11,Milan Day,600,500
2023-05-11,Milan Night,455,170
2023-05-11,Rajdhani Day,139,149
2023-05-11,Rajdhani Night,158,114
2023-05-11,Sridevi,459,177
2023-05-11,Sridevi Night,679,356
2023-05-11,Time Bazar,449,166
2023-05-12,Kalyan,390,570
2023-05-12,Kalyan Night,379,670
2023-05-12,Madhur Day,226,590
2023-05-12,Madhur Night,690,258
2023-05-12,Main Bazar,134,460
2023-05-12,Milan Day,990,670
2023-05-12,Milan Night,233,147
2023-05-12,Rajdhani Day,136,245
2023-05-12,Rajdhani Night,245,239
2023-05-12,Sridevi,700,129
2023-05-12,Sridevi Night,460,579
2023-05-12,Time Bazar,880,290
2023-05-13,Kalyan,456,137
2023-05-13,Madhur Day,579,150
2023-05-13,Madhur Night,458,670
2023-05-13,Milan Day,450,116
2023-05-13,Milan Night,249,249
2023-05-13,Rajdhani Day,440,479
2023-05-13,Sridevi,246,134
2023-05-13,Sridevi Night,890,245
2023-05-13,Time Bazar,369,680
2023-05-14,Madhur Day,356,399
2023-05-14,Sridevi,189,349
2023-05-14,Sridevi Night,238,147
2023-05-15,Kalyan,566,669
2023-05-15,Kalyan Night,225,350
2023-05-15,Madhur Day,148,130
2023-05-15,Madhur Night,368,223
2023-05-15,Main Bazar,149,340
2023-05-15,Milan Day,770,344
2023-05-15,Milan Night,490,147
2023-05-15,Rajdhani Day,450,133
2023-05-15,Rajdhani Night,288,789
2023-05-15,Sridevi,339,279
2023-05-15,Sridevi Night,270,680
2023-05-15,Time Bazar,780,230
2023-05-16,Kalyan,399,357
2023-05-16,Kalyan Night,188,700
2023-05-16,Madhur Day,260,330
2023-05-16,Madhur Night,230,468
2023-05-16,Main Bazar,236,230
2023-05-16,Milan Day,150,250
2023-05-16,Milan Night,790,345
2023-05-16,Rajdhani Day,249,456
2023-05-16,Rajdhani Night,456,469
2023-05-16,Sridevi,356,136
2023-05-16,Sridevi Night,459,378
2023-05-16,Time Bazar,349,356
2023-05-17,Kalyan,389,145
2023-05-17,Kalyan Night,237,358
2023-05-17,Madhur Day,148,246
2023-05-17,Madhur Night,239,237
2023-05-17,Main Bazar,126,148
2023-05-17,Milan Day,122,800
2023-05-17,Milan Night,259,699
2023-05-17,Rajdhani Day,359,335
2023-05-17,Rajdhani Night,678,234
2023-05-17,Sridevi,789,140
2023-05-17,Sridevi Night,399,348
2023-05-17,Time Bazar,100,689
2023-05-18,Kalyan,239,129
2023-05-18,Kalyan Night,334,270
2023-05-18,Madhur Day,235,567
2023-05-18,Madhur Night,149,147
2023-05-18,Main Bazar,134,660
2023-05-18,Milan Day,220,146
2023-05-18,Milan Night,668,117
2023-05-18,Rajdhani Day,233,578
2023-05-18,Rajdhani Night,369,330
2023-05-18,Sridevi,369,267
2023-05-18,Sridevi Night,569,335
2023-05-18,Time Bazar,336,229
2023-05-19,Kalyan,389,358
2023-05-19,Kalyan Night,677,112
2023-05-19,Madhur Day,239,570
2023-05-19,Madhur Night,146,456
2023-05-19,Main Bazar,178,239
2023-05-19,Milan Day,129,788
2023-05-19,Milan Night,100,238
2023-05-19,Rajdhani Day,156,345
2023-05-19,Rajdhani Night,110,149
2023-05-19,Sridevi,448,259
2023-05-19,Sridevi Night,136,120
2023-05-19,Time Bazar,123,160
2023-05-20,Kalyan,149,456
2023-05-20,Madhur Day,256,136
2023-05-20,Madhur Night,468,890
2023-05-20,Milan Day,124,590
2023-05-20,Milan Night,236,568
2023-05-20,Rajdhani Day,990,346
2023-05-20,Sridevi,890,480
2023-05-20,Sridevi Night,145,289
2023-05-20,Time Bazar,479,140
2023-05-21,Madhur Day,889,790
2023-05-21,Sridevi,679,126
2023-05-21,Sridevi Night,690,357
2023-05-22,Kalyan,668,357
2023-05-22,Kalyan Night,269,469
2023-05-22,Madhur Day,136,377
2023-05-22,Madhur Night,289,380
2023-05-22,Main Bazar,169,110
2023-05-22,Milan Day,267,260
2023-05-22,Milan Night,126,126
2023-05-22,Rajdhani Day,239,579
2023-05-22,Rajdhani Night,145,780
2023-05-22,Sridevi,246,360
2023-05-22,Sridevi Night,700,358
2023-05-22,Time Bazar,189,689
2023-05-23,Kalyan,337,178
2023-05-23,Kalyan Night,370,136
2023-05-23,Madhur Day,479,336
2023-05-23,Madhur Night,115,240
2023-05-23,Main Bazar,170,690
2023-05-23,Milan Day,889,488
2023-05-23,Milan Night,200,990
2023-05-23,Rajdhani Day,359,290
2023-05-23,Rajdhani Night,457,160
2023-05-23,Sridevi,460,689
2023-05-23,Sridevi Night,269,568
2023-05-23,Time Bazar,359,269
2023-05-24,Kalyan,569,367
2023-05-24,Kalyan Night,356,167
2023-05-24,Madhur Day,670,168
2023-05-24,Madhur Night,589,677
2023-05-24,Main Bazar,166,124
2023-05-24,Milan Day,335,589
2023-05-24,Milan Night,680,577
2023-05-24,Rajdhani Day,345,480
2023-05-24,Rajdhani Night,290,256
2023-05-24,Sridevi,458,350
2023-05-24,Sridevi Night,790,235
2023-05-24,Time Bazar,130,167
2023-05-25,Kalyan,799,240
2023-05-25,Kalyan Night,145,600
2023-05-25,Madhur Day,128,126
2023-05-25,Madhur Night,460,778
2023-05-25,Main Bazar,790,399
2023-05-25,Milan Day,279,578
2023-05-25,Milan Night,358,233
2023-05-25,Rajdhani Day,479,990
2023-05-25,Rajdhani Night,245,359
2023-05-25,Sridevi,190,568
2023-05-25,Sridevi Night,359,124
2023-05-25,Time Bazar,167,259
2023-05-26,Kalyan,348,169
2023-05-26,Kalyan Night,156,800
2023-05-26,Madhur Day,224,370
2023-05-26,Madhur Night,679,148
2023-05-26,Main Bazar,678,238
2023-05-26,Milan Day,260,480
2023-05-26,Milan Night,258,269
2023-05-26,Rajdhani Day,128,230
2023-05-26,Rajdhani Night,345,389
2023-05-26,Sridevi,128,468
2023-05-26,Sridevi Night,239,379
2023-05-26,Time Bazar,258,180
2023-05-27,Kalyan,569,349
2023-05-27,Madhur Day,127,234
2023-05-27,Madhur Night,168,148
2023-05-27,Milan Day,348,279
2023-05-27,Milan Night,460,270
2023-05-27,Rajdhani Day,489,369
2023-05-27,Sridevi,123,136
2023-05-27,Sridevi Night,135,588
2023-05-27,Time Bazar,358,289
2023-05-28,Madhur Day,579,778
2023-05-28,Sridevi,245,238
2023-05-28,Sridevi Night,458,289
2023-05-29,Kalyan,122,257
2023-05-29,Kalyan Night,899,157
2023-05-29,Madhur Day,117,169
2023-05-29,Madhur Night,478,117
2023-05-29,Main Bazar,270,780
2023-05-29,Milan Day,225,199
2023-05-29,Milan Night,577,370
2023-05-29,Rajdhani Day,166,159
2023-05-29,Rajdhani Night,224,459
2023-05-29,Sridevi,330,566
2023-05-29,Sridevi Night,370,146
2023-05-29,Time Bazar,167,137
2023-05-30,Kalyan,889,459
2023-05-30,Kalyan Night,124,166
2023-05-30,Madhur Day,123,455
2023-05-30,Madhur Night,480,267
2023-05-30,Main Bazar,290,789
2023-05-30,Milan Day,179,770
2023-05-30,Milan Night,116,567
2023-05-30,Rajdhani Day,136,269
2023-05-30,Rajdhani Night,236,677
2023-05-30,Sridevi,256,145
2023-05-30,Sridevi Night,280,148
2023-05-30,Time Bazar,440,160
2023-05-31,Kalyan,345,479
2023-05-31,Kalyan Night,124,240
2023-05-31,Madhur Day,779,469
2023-05-31,Madhur Night,789,590
2023-05-31,Main Bazar,460,247
2023-05-31,Milan Day,578,478
2023-05-31,Milan Night,450,558
2023-05-31,Rajdhani Day,570,380
2023-05-31,Rajdhani Night,355,469
2023-05-31,Sridevi,156,699
2023-05-31,Sridevi Night,470,399
2023-05-31,Time Bazar,467,180
2023-06-01,Kalyan,459,240
2023-06-01,Kalyan Night,800,168
2023-06-01,Madhur Day,233,560
2023-06-01,Madhur Night,479,140
2023-06-01,Main Bazar,180,116
2023-06-01,Milan Day,566,358
2023-06-01,Milan Night,770,379
2023-06-01,Rajdhani Day,390,189
2023-06-01,Rajdhani Night,389,479
2023-06-01,Sridevi,260,168
2023-06-01,Sridevi Night,448,258
2023-06-01,Time Bazar,368,250
2023-06-02,Kalyan,157,179
2023-06-02,Kalyan Night,133,260
2023-06-02,Madhur Day,246,248
2023-06-02,Madhur Night,330,133
2023-06-02,Main Bazar,688,569
2023-06-02,Milan Day,125,238
2023-06-02,Milan Night,259,160
2023-06-02,Rajdhani Day,280,356
2023-06-02,Rajdhani Night,556,357
2023-06-02,Sridevi,680,129
2023-06-02,Sridevi Night,558,789
2023-06-02,Time Bazar,560,669
2023-06-03,Kalyan,346,138
2023-06-03,Madhur Day,390,468
2023-06-03,Madhur Night,458,124
2023-06-03,Milan Day,167,679
2023-06-03,Milan Night,240,347
2023-06-03,Rajdhani Day,160,677
2023-06-03,Sridevi,800,379
2023-06-03,Sridevi Night,346,256
2023-06-03,Time Bazar,378,266
2023-06-04,Madhur Day,780,770
2023-06-04,Sridevi,125,489
2023-06-04,Sridevi Night,290,670
2023-06-05,Kalyan,447,800
2023-06-05,Kalyan Night,599,289
2023-06-05,Madhur Day,223,578
2023-06-05,Madhur Night,399,147
2023-06-05,Main Bazar,489,488
2023-06-05,Milan Day,567,135
2023-06-05,Milan Night,234,490
2023-06-05,Rajdhani Day,234,667
2023-06-05,Rajdhani Night,379,230
2023-06-05,Sridevi,578,114
2023-06-05,Sridevi Night,246,158
2023-06-05,Time Bazar,567,490
2023-06-06,Kalyan,267,224
2023-06-06,Kalyan Night,249,330
2023-06-06,Madhur Day,160,559
2023-06-06,Madhur Night,669,170
2023-06-06,Main Bazar,278,467
2023-06-06,Milan Day,268,230
2023-06-06,Milan Night,588,450
2023-06-06,Rajdhani Day,460,157
2023-06-06,Rajdhani Night,179,160
2023-06-06,Sridevi,239,278
2023-06-06,Sridevi Night,135,127
2023-06-06,Time Bazar,247,550
2023-06-07,Kalyan,499,460
2023-06-07,Kalyan Night,166,149
2023-06-07,Madhur Day,149,660
2023-06-07,Madhur Night,367,148
2023-06-07,Main Bazar,460,799
2023-06-07,Milan Day,790,189
2023-06-07,Milan Night,255,337
2023-06-07,Rajdhani Day,135,340
2023-06-07,Rajdhani Night,589,167
2023-06-07,Sridevi,190,146
2023-06-07,Sridevi Night,557,199
2023-06-07,Time Bazar,267,389
2023-06-08,Kalyan,336,248
2023-06-08,Kalyan Night,120,146
2023-06-08,Madhur Day,469,133
2023-06-08,Madhur Night,279,300
2023-06-08,Main Bazar,150,126
2023-06-08,Milan Day,578,369
2023-06-08,Milan Night,349,370
2023-06-08,Rajdhani Day,244,789
2023-06-08,Rajdhani Night,588,134
2023-06-08,Sridevi,233,678
2023-06-08,Sridevi Night,118,270
2023-06-08,Time Bazar,889,589
2023-06-09,Kalyan,569,479
2023-06-09,Kalyan Night,156,349
2023-06-09,Madhur Day,247,559
2023-06-09,Madhur Night,489,458
2023-06-09,Main Bazar,114,120
2023-06-09,Milan Day,236,389
2023-06-09,Milan Night,567,258
2023-06-09,Rajdhani Day,257,129
2023-06-09,Rajdhani Night,560,247
2023-06-09,Sridevi,890,140
2023-06-09,Sridevi Night,678,236
2023-06-09,Time Bazar,460,199
2023-06-10,Kalyan,237,270
2023-06-10,Madhur Day,166,480
2023-06-10,Madhur Night,224,470
2023-06-10,Milan Day,680,388
2023-06-10,Milan Night,589,680
2023-06-10,Rajdhani Day,117,466
2023-06-10,Sridevi,229,157
2023-06-10,Sridevi Night,390,450
2023-06-10,Time Bazar,899,679
2023-06-11,Madhur Day,128,348
2023-06-11,Sridevi,899,159
2023-06-11,Sridevi Night,146,269
2023-06-12,Kalyan,469,688
2023-06-12,Kalyan Night,277,125
2023-06-12,Madhur Day,679,467
2023-06-12,Madhur Night,237,345
2023-06-12,Main Bazar,349,344
2023-06-12,Milan Day,440,147
2023-06-12,Milan Night,899,200
2023-06-12,Rajdhani Day,290,150
2023-06-12,Rajdhani Night,246,489
2023-06-12,Sridevi,349,289
2023-06-12,Sridevi Night,168,579
2023-06-12,Time Bazar,456,349
2023-06-13,Kalyan,368,459
2023-06-13,Kalyan Night,277,266
2023-06-13,Madhur Day,679,128
2023-06-13,Madhur Night,557,247
2023-06-13,Main Bazar,158,229
2023-06-13,Milan Day,299,389
2023-06-13,Milan Night,667,578
2023-06-13,Rajdhani Day,235,349
2023-06-13,Rajdhani Night,289,337
2023-06-13,Sridevi,234,260
2023-06-13,Sridevi Night,660,267
2023-06-13,Time Bazar,200,459
2023-06-14,Kalyan,778,158
2023-06-14,Kalyan Night,233,370
2023-06-14,Madhur Day,244,278
2023-06-14,Madhur Night,490,368
2023-06-14,Main Bazar,389,168
2023-06-14,Milan Day,347,566
2023-06-14,Milan Night,240,177
2023-06-14,Rajdhani Day,577,590
2023-06-14,Rajdhani Night,123,245
2023-06-14,Sridevi,467,249
2023-06-14,Sridevi Night,570,145
2023-06-14,Time Bazar,169,236
2023-06-15,Kalyan,137,360
2023-06-15,Kalyan Night,147,129
2023-06-15,Madhur Day,337,226
2023-06-15,Madhur Night,779,255
2023-06-15,Main Bazar,119,779
2023-06-15,Milan Day,269,127
2023-06-15,Milan Night,799,246
2023-06-15,Rajdhani Day,247,557
2023-06-15,Rajdhani Night,477,788
2023-06-15,Sridevi,347,236
2023-06-15,Sridevi Night,689,580
2023-06-15,Time Bazar,244,220
2023-06-16,Kalyan,677,588
2023-06-16,Kalyan Night,120,470
2023-06-16,Madhur Day,445,380
2023-06-16,Madhur Night,570,467
2023-06-16,Main Bazar,379,400
2023-06-16,Milan Day,127,345
2023-06-16,Milan Night,148,699
2023-06-16,Rajdhani Day,190,390
2023-06-16,Rajdhani Night,150,190
2023-06-16,Sridevi,377,369
2023-06-16,Sridevi Night,789,140
2023-06-16,Time Bazar,336,450
2023-06-17,Kalyan,690,200
2023-06-17,Madhur Day,379,500
2023-06-17,Madhur Night,348,127
2023-06-17,Milan Day,170,236
2023-06-17,Milan Night,148,345
2023-06-17,Rajdhani Day,144,126
2023-06-17,Sridevi,138,469
2023-06-17,Sridevi Night,670,347
2023-06-17,Time Bazar,467,357
2023-06-18,Madhur Day,269,670
2023-06-18,Sridevi,237,268
2023-06-18,Sridevi Night,238,160
2023-06-19,Kalyan,445,550
2023-06-19,Kalyan Night,390,579
2023-06-19,Madhur Day,489,267
2023-06-19,Madhur Night,128,389
2023-06-19,Main Bazar,580,348
2023-06-19,Milan Day,399,379
2023-06-19,Milan Night,229,670
2023-06-19,Rajdhani Day,167,147
2023-06-19,Rajdhani Night,688,490
2023-06-19,Sridevi,789,134
2023-06-19,Sridevi Night,479,460
2023-06-19,Time Bazar,334,600
2023-06-20,Kalyan,179,448
2023-06-20,Kalyan Night,778,156
2023-06-20,Madhur Day,157,160
2023-06-20,Madhur Night,160,467
2023-06-20,Main Bazar,160,779
2023-06-20,Milan Day,346,788
2023-06-20,Milan Night,445,246
2023-06-20,Rajdhani Day,680,469
2023-06-20,Rajdhani Night,356,299
2023-06-20,Sridevi,357,267
2023-06-20,Sridevi Night,499,234
2023-06-20,Time Bazar,225,124
2023-06-21,Kalyan,280,346
2023-06-21,Kalyan Night,450,570
2023-06-21,Madhur Day,233,234
2023-06-21,Madhur Night,790,346
2023-06-21,Main Bazar,147,677
2023-06-21,Milan Day,567,170
2023-06-21,Milan Night,349,450
2023-06-21,Rajdhani Day,899,145
2023-06-21,Rajdhani Night,690,467
2023-06-21,Sridevi,159,267
2023-06-21,Sridevi Night,130,677
2023-06-21,Time Bazar,147,139
2023-06-22,Kalyan,259,588
2023-06-22,Kalyan Night,280,248
2023-06-22,Madhur Day,356,236
2023-06-22,Madhur Night,567,780
2023-06-22,Main Bazar,578,890
2023-06-22,Milan Day,467,133
2023-06-22,Milan Night,129,135
2023-06-22,Rajdhani Day,260,567
2023-06-22,Rajdhani Night,679,259
2023-06-22,Sridevi,160,348
2023-06-22,Sridevi Night,148,128
2023-06-22,Time Bazar,399,139
2023-06-23,Kalyan,346,139
2023-06-23,Kalyan Night,113,790
2023-06-23,Madhur Day,114,580
2023-06-23,Madhur Night,590,158
2023-06-23,Main Bazar,128,149
2023-06-23,Milan Day,124,169
2023-06-23,Milan Night,348,223
2023-06-23,Rajdhani Day,349,669
2023-06-23,Rajdhani Night,220,348
2023-06-23,Sridevi,178,278
2023-06-23,Sridevi Night,169,578
2023-06-23,Time Bazar,577,238
2023-06-24,Kalyan,359,490
2023-06-24,Madhur Day,148,117
2023-06-24,Madhur Night,580,149
2023-06-24,Milan Day,567,125
2023-06-24,Milan Night,346,119
2023-06-24,Rajdhani Day,128,123
2023-06-24,Sridevi,560,124
2023-06-24,Sridevi Night,340,160
2023-06-24,Time Bazar,690,280
2023-06-25,Madhur Day,440,150
2023-06-25,Sridevi,126,114
2023-06-25,Sridevi Night,255,116
2023-06-26,Kalyan,122,889
2023-06-26,Kalyan Night,267,457
2023-06-26,Madhur Day,478,588
2023-06-26,Madhur Night,677,459
2023-06-26,Main Bazar,568,225
2023-06-26,Milan Day,249,223
2023-06-26,Milan Night,144,289
2023-06-26,Rajdhani Day,560,120
2023-06-26,Rajdhani Night,367,678
2023-06-26,Sridevi,459,120
2023-06-26,Sridevi Night,446,359
2023-06-26,Time Bazar,236,190
2023-06-27,Kalyan,167,344
2023-06-27,Kalyan Night,570,390
2023-06-27,Madhur Day,135,113
2023-06-27,Madhur Night,290,360
2023-06-27,Main Bazar,345,358
2023-06-27,Milan Day,668,228
2023-06-27,Milan Night,477,390
2023-06-27,Rajdhani Day,360,115
2023-06-27,Rajdhani Night,150,160
2023-06-27,Sridevi,479,125
2023-06-27,Sridevi Night,199,149
2023-06-27,Time Bazar,150,355
2023-06-28,Kalyan,570,167
2023-06-28,Kalyan Night,256,179
2023-06-28,Madhur Day,679,499
2023-06-28,Madhur Night,235,127
2023-06-28,Main Bazar,577,580
2023-06-28,Milan Day,660,689
2023-06-28,Milan Night,489,457
2023-06-28,Rajdhani Day,130,679
2023-06-28,Rajdhani Night,557,134
2023-06-28,Sridevi,350,257
2023-06-28,Sridevi Night,157,134
2023-06-28,Time Bazar,259,350
2023-06-29,Kalyan,345,190
2023-06-29,Kalyan Night,237,140
2023-06-29,Madhur Day,259,129
2023-06-29,Madhur Night,680,234
2023-06-29,Main Bazar,456,145
2023-06-29,Milan Day,344,116
2023-06-29,Milan Night,335,790
2023-06-29,Rajdhani Day,238,489
2023-06-29,Rajdhani Night,155,245
2023-06-29,Sridevi,156,680
2023-06-29,Sridevi Night,590,160
2023-06-29,Time Bazar,145,167
2023-06-30,Kalyan,237,240
2023-06-30,Kalyan Night,358,478
2023-06-30,Madhur Day,110,156
2023-06-30,Madhur Night,230,447
2023-06-30,Main Bazar,289,180
2023-06-30,Milan Day,380,156
2023-06-30,Milan Night,167,570
2023-06-30,Rajdhani Day,166,588
2023-06-30,Rajdhani Night,689,300
2023-06-30,Sridevi,147,346
2023-06-30,Sridevi Night,229,179
2023-06-30,Time Bazar,690,130
2023-07-01,Kalyan,580,128
2023-07-01,Madhur Day,458,135
2023-07-01,Madhur Night,120,680
2023-07-01,Milan Day,124,120
2023-07-01,Milan Night,345,458
2023-07-01,Rajdhani Day,358,368
2023-07-01,Sridevi,390,348
2023-07-01,Sridevi Night,256,269
2023-07-01,Time Bazar,267,340
2023-07-02,Madhur Day,147,125
2023-07-02,Sridevi,360,690
2023-07-02,Sridevi Night,136,126
2023-07-03,Kalyan,690,256
2023-07-03,Kalyan Night,168,440
2023-07-03,Madhur Day,338,123
2023-07-03,Madhur Night,799,169
2023-07-03,Main Bazar,123,113
2023-07-03,Milan Day,234,568
2023-07-03,Milan Night,148,369
2023-07-03,Rajdhani Day,488,378
2023-07-03,Rajdhani Night,569,379
2023-07-03,Sridevi,349,470
2023-07-03,Sridevi Night,500,225
2023-07-03,Time Bazar,267,780
2023-07-04,Kalyan,167,689
2023-07-04,Kalyan Night,127,247
2023-07-04,Madhur Day,689,890
2023-07-04,Madhur Night,235,788
2023-07-04,Main Bazar,400,247
2023-07-04,Milan Day,345,600
2023-07-04,Milan Night,456,880
2023-07-04,Rajdhani Day,370,250
2023-07-04,Rajdhani Night,560,128
2023-07-04,Sridevi,667,239
2023-07-04,Sridevi Night,128,469
2023-07-04,Time Bazar,130,269
2023-07-05,Kalyan,168,123
2023-07-05,Kalyan Night,268,578
2023-07-05,Madhur Night,578,557
2023-07-05,Main Bazar,789,138
2023-07-05,Milan Day,467,119
2023-07-05,Milan Night,780,478
2023-07-05,Rajdhani Day,150,145
2023-07-05,Rajdhani Night,890,246
2023-07-05,Sridevi,268,588
2023-07-05,Sridevi Night,790,477
2023-07-05,Time Bazar,127,189
2023-07-06,Kalyan,168,146
2023-07-06,Kalyan Night,270,367
2023-07-06,Madhur Day,450,568
2023-07-06,Madhur Night,388,260
2023-07-06,Main Bazar,170,245
2023-07-06,Milan Day,230,888
2023-07-06,Milan Night,689,238
2023-07-06,Rajdhani Day,270,160
2023-07-06,Rajdhani Night,579,167
2023-07-06,Sridevi,118,455
2023-07-06,Sridevi Night,127,123
2023-07-06,Time Bazar,578,360
2023-07-07,Kalyan,568,230
2023-07-07,Kalyan Night,255,380
2023-07-07,Madhur Day,260,479
2023-07-07,Madhur Night,128,225
2023-07-07,Main Bazar,334,357
2023-07-07,Milan Day,799,578
2023-07-07,Milan Night,112,167
2023-07-07,Rajdhani Day,119,469
2023-07-07,Rajdhani Night,660,127
2023-07-07,Sridevi,779,110
2023-07-07,Sridevi Night,460,689
2023-07-07,Time Bazar,567,259
2023-07-08,Kalyan,567,460
2023-07-08,Madhur Day,990,789
2023-07-08,Madhur Night,457,240
2023-07-08,Milan Day,468,899
2023-07-08,Milan Night,170,690
2023-07-08,Rajdhani Day,334,260
2023-07-08,Sridevi,449,237
2023-07-08,Sridevi Night,456,238
2023-07-08,Time Bazar,245,446
2023-07-09,Madhur Day,280,260
2023-07-09,Sridevi,689,144
2023-07-09,Sridevi Night,166,178
2023-07-10,Kalyan,570,278
2023-07-10,Kalyan Night,450,244
2023-07-10,Madhur Day,679,180
2023-07-10,Madhur Night,550,157
2023-07-10,Main Bazar,456,129
2023-07-10,Milan Day,115,335
2023-07-10,Milan Night,220,347
2023-07-10,Rajdhani Day,469,479
2023-07-10,Rajdhani Night,346,568
2023-07-10,Sridevi,267,400
2023-07-10,Sridevi Night,159,449
2023-07-10,Time Bazar,138,236
2023-07-11,Kalyan,159,157
2023-07-11,Kalyan Night,269,299
2023-07-11,Madhur Day,470,133
2023-07-11,Madhur Night,390,125
2023-07-11,Main Bazar,569,599
2023-07-11,Milan Day,134,478
2023-07-11,Milan Night,666,339
2023-07-11,Rajdhani Day,568,134
2023-07-11,Rajdhani Night,245,148
2023-07-11,Sridevi,379,149
2023-07-11,Sridevi Night,679,136
2023-07-11,Time Bazar,147,389
2023-07-12,Kalyan,178,470
2023-07-12,Kalyan Night,233,159
2023-07-12,Madhur Day,460,580
2023-07-12,Madhur Night,448,590
2023-07-12,Main Bazar,890,568
2023-07-12,Milan Day,136,229
2023-07-12,Milan Night,125,267
2023-07-12,Rajdhani Day,266,114
2023-07-12,Rajdhani Night,110,133
2023-07-12,Sridevi,180,358
2023-07-12,Sridevi Night,129,239
2023-07-12,Time Bazar,269,459
2023-07-13,Kalyan,568,167
2023-07-13,Kalyan Night,290,113
2023-07-13,Madhur Day,240,160
2023-07-13,Madhur Night,150,160
2023-07-13,Main Bazar,238,588
2023-07-13,Milan Day,788,336
2023-07-13,Milan Night,550,399
2023-07-13,Rajdhani Day,248,260
2023-07-13,Rajdhani Night,190,377
2023-07-13,Sridevi,489,367
2023-07-13,Sridevi Night,347,990
2023-07-13,Time Bazar,237,770
2023-07-14,Kalyan,150,236
2023-07-14,Kalyan Night,170,790
2023-07-14,Madhur Day,138,159
2023-07-14,Madhur Night,450,236
2023-07-14,Main Bazar,699,800
2023-07-14,Milan Day,590,148
2023-07-14,Milan Night,120,350
2023-07-14,Rajdhani Day,480,258
2023-07-14,Rajdhani Night,188,260
2023-07-14,Sridevi,469,457
2023-07-14,Sridevi Night,480,118
2023-07-14,Time Bazar,390,590
2023-07-15,Kalyan,130,899
2023-07-15,Madhur Day,158,578
2023-07-15,Madhur Night,234,124
2023-07-15,Milan Day,137,345
2023-07-15,Milan Night,368,245
2023-07-15,Rajdhani Day,360,147
2023-07-15,Sridevi,670,368
2023-07-15,Sridevi Night,488,134
2023-07-15,Time Bazar,479,157
2023-07-16,Madhur Day,268,560
2023-07-16,Sridevi,348,170
2023-07-16,Sridevi Night,177,147
2023-07-17,Kalyan,469,480
2023-07-17,Kalyan Night,117,134
2023-07-17,Madhur Day,360,125
2023-07-17,Madhur Night,180,270
2023-07-17,Main Bazar,270,137
2023-07-17,Milan Day,359,167
2023-07-17,Milan Night,130,270
2023-07-17,Rajdhani Day,157,690
2023-07-17,Rajdhani Night,256,269
2023-07-17,Sridevi,260,234
2023-07-17,Sridevi Night,789,137
2023-07-17,Time Bazar,270,358
2023-07-18,Kalyan,700,266
2023-07-18,Kalyan Night,148,378
2023-07-18,Madhur Day,790,470
2023-07-18,Madhur Night,690,568
2023-07-18,Main Bazar,155,470
2023-07-18,Milan Day,148,249
2023-07-18,Milan Night,334,566
2023-07-18,Rajdhani Day,268,145
2023-07-18,Rajdhani Night,346,667
2023-07-18,Sridevi,599,148
2023-07-18,Sridevi Night,669,266
2023-07-18,Time Bazar,344,234
2023-07-19,Kalyan,399,590
2023-07-19,Kalyan Night,236,277
2023-07-19,Madhur Day,268,440
2023-07-19,Madhur Night,360,139
2023-07-19,Main Bazar,590,679
2023-07-19,Milan Day,157,779
2023-07-19,Milan Night,489,560
2023-07-19,Rajdhani Day,122,678
2023-07-19,Rajdhani Night,670,460
2023-07-19,Sridevi,770,455
2023-07-19,Sridevi Night,477,158
2023-07-19,Time Bazar,890,566
2023-07-20,Kalyan,149,490
2023-07-20,Kalyan Night,378,589
2023-07-20,Madhur Day,224,125
2023-07-20,Madhur Night,360,488
2023-07-20,Main Bazar,227,290
2023-07-20,Milan Day,166,450
2023-07-20,Milan Night,889,238
2023-07-20,Rajdhani Day,490,500
2023-07-20,Rajdhani Night,478,120
2023-07-20,Sridevi,568,250
2023-07-20,Sridevi Night,779,115
2023-07-20,Time Bazar,357,238
2023-07-21,Kalyan,689,137
2023-07-21,Kalyan Night,160,226
2023-07-21,Madhur Day,478,450
2023-07-21,Madhur Night,358,260
2023-07-21,Main Bazar,259,469
2023-07-21,Milan Day,126,279
2023-07-21,Milan Night,234,157
2023-07-21,Rajdhani Day,267,270
2023-07-21,Rajdhani Night,577,489
2023-07-21,Sridevi,678,126
2023-07-21,Sridevi Night,348,239
2023-07-21,Time Bazar,680,345
2023-07-22,Kalyan,488,139
2023-07-22,Madhur Day,600,124
2023-07-22,Madhur Night,479,245
2023-07-22,Milan Day,670,490
2023-07-22,Milan Night,289,456
2023-07-22,Rajdhani Day,380,230
2023-07-22,Sridevi,460,178
2023-07-22,Sridevi Night,378,399
2023-07-22,Time Bazar,558,233
2023-07-23,Madhur Day,460,469
2023-07-23,Sridevi,339,128
2023-07-23,Sridevi Night,359,479
2023-07-24,Kalyan,600,779
2023-07-24,Kalyan Night,230,126
2023-07-24,Madhur Day,260,900
2023-07-24,Madhur Night,129,246
2023-07-24,Main Bazar,247,677
2023-07-24,Milan Day,170,470
2023-07-24,Milan Night,246,136
2023-07-24,Rajdhani Day,459,269
2023-07-24,Rajdhani Night,240,800
2023-07-24,Sridevi,460,246
2023-07-24,Sridevi Night,138,268
2023-07-24,Time Bazar,234,226
2023-07-25,Kalyan,379,237
2023-07-25,Kalyan Night,335,160
2023-07-25,Madhur Day,456,499
2023-07-25,Madhur Night,233,556
2023-07-25,Main Bazar,270,266
2023-07-25,Milan Day,446,679
2023-07-25,Milan Night,550,266
2023-07-25,Rajdhani Day,134,360
2023-07-25,Rajdhani Night,468,568
2023-07-25,Sridevi,278,160
2023-07-25,Sridevi Night,125,470
2023-07-25,Time Bazar,339,778
2023-07-26,Kalyan,224,157
2023-07-26,Kalyan Night,290,160
2023-07-26,Madhur Day,799,589
2023-07-26,Madhur Night,267,678
2023-07-26,Main Bazar,246,239
2023-07-26,Milan Day,238,190
2023-07-26,Milan Night,225,289
2023-07-26,Rajdhani Day,245,268
2023-07-26,Rajdhani Night,366,467
2023-07-26,Sridevi,890,790
2023-07-26,Sridevi Night,145,257
2023-07-26,Time Bazar,470,137
2023-07-27,Kalyan,700,239
2023-07-27,Kalyan Night,669,230
2023-07-27,Madhur Day,567,679
2023-07-27,Madhur Night,440,459
2023-07-27,Main Bazar,129,348
2023-07-27,Milan Day,199,790
2023-07-27,Milan Night,146,233
2023-07-27,Rajdhani Day,124,125
2023-07-27,Rajdhani Night,267,178
2023-07-27,Sridevi,450,366
2023-07-27,Sridevi Night,223,240
2023-07-27,Time Bazar,139,700
2023-07-28,Kalyan,459,880
2023-07-28,Kalyan Night,367,268
2023-07-28,Madhur Day,667,160
2023-07-28,Madhur Night,244,349
2023-07-28,Main Bazar,457,489
2023-07-28,Milan Day,145,250
2023-07-28,Milan Night,248,267
2023-07-28,Rajdhani Day,556,139
2023-07-28,Rajdhani Night,568,144
2023-07-28,Sridevi,247,134
2023-07-28,Sridevi Night,127,367
2023-07-28,Time Bazar,156,677
2023-07-29,Kalyan,789,668
2023-07-29,Madhur Day,130,147
2023-07-29,Madhur Night,239,558
2023-07-29,Milan Day,145,246
2023-07-29,Milan Night,578,590
2023-07-29,Rajdhani Day,229,236
2023-07-29,Sridevi,378,589
2023-07-29,Sridevi Night,137,490
2023-07-29,Time Bazar,440,245
2023-07-30,Madhur Day,278,170
2023-07-30,Sridevi,369,138
2023-07-30,Sridevi Night,234,115
2023-07-31,Kalyan,770,588
2023-07-31,Kalyan Night,560,126
2023-07-31,Madhur Day,890,450
2023-07-31,Madhur Night,388,235
2023-07-31,Main Bazar,289,239
2023-07-31,Milan Day,557,235
2023-07-31,Milan Night,260,468
2023-07-31,Rajdhani Day,390,567
2023-07-31,Rajdhani Night,356,135
2023-07-31,Sridevi,167,578
2023-07-31,Sridevi Night,778,158
2023-07-31,Time Bazar,660,149
2023-08-01,Kalyan,300,388
2023-08-01,Kalyan Night,789,479
2023-08-01,Madhur Day,169,137
2023-08-01,Madhur Night,134,145
2023-08-01,Main Bazar,160,458
2023-08-01,Milan Day,123,238
2023-08-01,Milan Night,128,133
2023-08-01,Rajdhani Day,580,259
2023-08-01,Rajdhani Night,279,245
2023-08-01,Sridevi,269,135
2023-08-01,Sridevi Night,260,160
2023-08-01,Time Bazar,400,129
2023-08-02,Kalyan,157,456
2023-08-02,Kalyan Night,590,244
2023-08-02,Madhur Day,589,238
2023-08-02,Madhur Night,226,126
2023-08-02,Main Bazar,227,378
2023-08-02,Milan Day,158,168
2023-08-02,Milan Night,126,380
2023-08-02,Rajdhani Day,233,478
2023-08-02,Rajdhani Night,670,157
2023-08-02,Sridevi,180,259
2023-08-02,Sridevi Night,459,478
2023-08-02,Time Bazar,690,360
2023-08-03,Kalyan,599,136
2023-08-03,Kalyan Night,199,115
2023-08-03,Madhur Day,778,244
2023-08-03,Madhur Night,348,167
2023-08-03,Main Bazar,233,224
2023-08-03,Milan Day,280,115
2023-08-03,Milan Night,359,667
2023-08-03,Rajdhani Day,456,289
2023-08-03,Rajdhani Night,160,290
2023-08-03,Sridevi,568,127
2023-08-03,Sridevi Night,157,569
2023-08-03,Time Bazar,789,677
2023-08-04,Kalyan,489,288
2023-08-04,Kalyan Night,378,379
2023-08-04,Madhur Day,378,350
2023-08-04,Madhur Night,557,457
2023-08-04,Main Bazar,390,356
2023-08-04,Milan Day,369,239
2023-08-04,Milan Night,470,145
2023-08-04,Rajdhani Day,360,130
2023-08-04,Rajdhani Night,450,128
2023-08-04,Sridevi,258,690
2023-08-04,Sridevi Night,788,340
2023-08-04,Time Bazar,778,800
2023-08-05,Kalyan,778,259
2023-08-05,Madhur Day,690,489
2023-08-05,Madhur Night,468,160
2023-08-05,Milan Day,490,134
2023-08-05,Milan Night,115,679
2023-08-05,Rajdhani Day,370,370
2023-08-05,Sridevi,478,289
2023-08-05,Sridevi Night,780,248
2023-08-05,Time Bazar,279,158
2023-08-06,Madhur Day,447,290
2023-08-06,Sridevi,139,348
2023-08-06,Sridevi Night,358,789
2023-08-07,Kalyan,450,178
2023-08-07,Kalyan Night,380,467
2023-08-07,Madhur Day,278,346
2023-08-07,Madhur Night,679,228
2023-08-07,Main Bazar,368,267
2023-08-07,Milan Day,369,234
2023-08-07,Milan Night,180,558
2023-08-07,Rajdhani Day,239,800
2023-08-07,Rajdhani Night,144,135
2023-08-07,Sridevi,669,368
2023-08-07,Sridevi Night,114,380
2023-08-07,Time Bazar,589,690
2023-08-08,Kalyan,789,170
2023-08-08,Kalyan Night,458,340
2023-08-08,Madhur Day,899,240
2023-08-08,Madhur Night,700,669
2023-08-08,Main Bazar,126,147
2023-08-08,Milan Day,347,670
2023-08-08,Milan Night,467,129
2023-08-08,Rajdhani Day,268,246
2023-08-08,Rajdhani Night,269,457
2023-08-08,Sridevi,124,280
2023-08-08,Sridevi Night,330,250
2023-08-08,Time Bazar,250,467
2023-08-09,Kalyan,380,488
2023-08-09,Kalyan Night,570,455
2023-08-09,Madhur Day,489,555
2023-08-09,Madhur Night,238,390
2023-08-09,Main Bazar,150,144
2023-08-09,Milan Day,568,136
2023-08-09,Milan Night,378,168
2023-08-09,Rajdhani Day,567,340
2023-08-09,Rajdhani Night,188,136
2023-08-09,Sridevi,467,290
2023-08-09,Sridevi Night,557,479
2023-08-09,Time Bazar,399,235
2023-08-10,Kalyan,140,450
2023-08-10,Kalyan Night,100,257
2023-08-10,Madhur Day,128,136
2023-08-10,Madhur Night,780,224
2023-08-10,Main Bazar,239,569
2023-08-10,Milan Day,440,599
2023-08-10,Milan Night,256,490
2023-08-10,Rajdhani Day,233,178
2023-08-10,Rajdhani Night,159,366
2023-08-10,Sridevi,588,133
2023-08-10,Sridevi Night,168,490
2023-08-10,Time Bazar,380,460
2023-08-11,Kalyan,269,990
2023-08-11,Kalyan Night,360,259
2023-08-11,Madhur Day,290,147
2023-08-11,Madhur Night,248,238
2023-08-11,Main Bazar,126,390
2023-08-11,Milan Day,120,880
2023-08-11,Milan Night,128,568
2023-08-11,Rajdhani Day,115,670
2023-08-11,Rajdhani Night,133,567
2023-08-11,Sridevi,234,157
2023-08-11,Sridevi Night,559,345
2023-08-11,Time Bazar,279,467
2023-08-12,Kalyan,348,359
2023-08-12,Madhur Day,220,689
2023-08-12,Madhur Night,146,139
2023-08-12,Milan Day,349,240
2023-08-12,Milan Night,370,249
2023-08-12,Rajdhani Day,990,789
2023-08-12,Sridevi,168,270
2023-08-12,Sridevi Night,114,247
2023-08-12,Time Bazar,580,147
2023-08-13,Madhur Day,367,126
2023-08-13,Sridevi,278,199
2023-08-13,Sridevi Night,266,235
2023-08-14,Kalyan,469,339
2023-08-14,Kalyan Night,336,660
2023-08-14,Madhur Day,336,345
2023-08-14,Madhur Night,289,133
2023-08-14,Main Bazar,239,266
2023-08-14,Milan Day,357,223
2023-08-14,Milan Night,129,257
2023-08-14,Rajdhani Day,578,138
2023-08-14,Rajdhani Night,235,790
2023-08-14,Sridevi,389,456
2023-08-14,Sridevi Night,279,189
2023-08-14,Time Bazar,134,178
2023-08-16,Kalyan,270,125
2023-08-16,Kalyan Night,477,379
2023-08-16,Madhur Day,489,668
2023-08-16,Madhur Night,147,344
2023-08-16,Main Bazar,259,128
2023-08-16,Milan Day,137,245
2023-08-16,Milan Night,130,247
2023-08-16,Rajdhani Day,670,677
2023-08-16,Rajdhani Night,140,147
2023-08-16,Sridevi,340,490
2023-08-16,Sridevi Night,248,347
2023-08-16,Time Bazar,138,990
2023-08-17,Kalyan,278,248
2023-08-17,Kalyan Night,339,249
2023-08-17,Madhur Day,880,577
2023-08-17,Madhur Night,146,150
2023-08-17,Main Bazar,457,250
2023-08-17,Milan Day,167,790
2023-08-17,Milan Night,678,380
2023-08-17,Rajdhani Day,550,126
2023-08-17,Rajdhani Night,400,680
2023-08-17,Sridevi,459,178
2023-08-17,Sridevi Night,699,139
2023-08-17,Time Bazar,590,125
2023-08-18,Kalyan,367,248
2023-08-18,Kalyan Night,477,900
2023-08-18,Madhur Day,466,278
2023-08-18,Madhur Night,225,159
2023-08-18,Main Bazar,679,235
2023-08-18,Milan Day,456,357
2023-08-18,Milan Night,590,257
2023-08-18,Rajdhani Day,248,135
2023-08-18,Rajdhani Night,488,577
2023-08-18,Sridevi,260,150
2023-08-18,Sridevi Night,446,567
2023-08-18,Time Bazar,156,249
2023-08-19,Kalyan,233,167
2023-08-19,Madhur Day,156,148
2023-08-19,Madhur Night,350,600
2023-08-19,Milan Day,270,246
2023-08-19,Milan Night,459,237
2023-08-19,Rajdhani Day,690,780
2023-08-19,Sridevi,479,189
2023-08-19,Sridevi Night,270,169
2023-08-19,Time Bazar,116,680
2023-08-20,Madhur Day,457,250
2023-08-20,Sridevi,136,380
2023-08-20,Sridevi Night,689,246
2023-08-21,Kalyan,236,229
2023-08-21,Kalyan Night,345,125
2023-08-21,Madhur Day,180,466
2023-08-21,Madhur Night,358,137
2023-08-21,Main Bazar,390,390
2023-08-21,Rajdhani Day,269,138
2023-08-21,Rajdhani Night,357,288
2023-08-21,Sridevi,579,238
2023-08-21,Sridevi Night,300,122
2023-08-22,Kalyan,136,578
2023-08-22,Kalyan Night,190,138
2023-08-22,Madhur Day,388,789
2023-08-22,Madhur Night,456,248
2023-08-22,Main Bazar,467,889
2023-08-22,Milan Day,223,236
2023-08-22,Milan Night,499,260
2023-08-22,Rajdhani Day,447,136
2023-08-22,Rajdhani Night,880,159
2023-08-22,Sridevi,778,360
2023-08-22,Sridevi Night,790,366
2023-08-22,Time Bazar,248,789
2023-08-23,Kalyan,135,679
2023-08-23,Kalyan Night,110,134
2023-08-23,Madhur Day,790,123
2023-08-23,Madhur Night,880,570
2023-08-23,Main Bazar,280,690
2023-08-23,Milan Day,890,190
2023-08-23,Milan Night,377,567
2023-08-23,Rajdhani Day,330,248
2023-08-23,Rajdhani Night,690,270
2023-08-23,Sridevi,235,466
2023-08-23,Sridevi Night,480,556
2023-08-23,Time Bazar,133,469
2023-08-24,Kalyan,578,344
2023-08-24,Kalyan Night,580,110
2023-08-24,Madhur Day,677,136
2023-08-24,Madhur Night,136,288
2023-08-24,Main Bazar,180,158
2023-08-24,Milan Day,125,269
2023-08-24,Milan Night,227,457
2023-08-24,Rajdhani Day,469,130
2023-08-24,Rajdhani Night,160,369
2023-08-24,Sridevi,124,450
2023-08-24,Sridevi Night,569,580
2023-08-24,Time Bazar,229,456
2023-08-25,Kalyan,269,367
2023-08-25,Kalyan Night,159,145
2023-08-25,Madhur Day,478,238
2023-08-25,Madhur Night,467,458
2023-08-25,Main Bazar,590,257
2023-08-25,Milan Day,559,567
2023-08-25,Milan Night,770,133
2023-08-25,Rajdhani Day,260,245
2023-08-25,Rajdhani Night,456,580
2023-08-25,Sridevi,579,237
2023-08-25,Sridevi Night,677,280
2023-08-25,Time Bazar,113,360
2023-08-26,Kalyan,240,269
2023-08-26,Madhur Day,136,660
2023-08-26,Madhur Night,569,257
2023-08-26,Milan Day,245,249
2023-08-26,Milan Night,770,488
2023-08-26,Rajdhani Day,446,230
2023-08-26,Sridevi,390,379
2023-08-26,Sridevi Night,124,278
2023-08-26,Time Bazar,470,146
2023-08-27,Madhur Day,140,469
2023-08-27,Sridevi,158,267
2023-08-27,Sridevi Night,235,567
2023-08-28,Kalyan,899,336
2023-08-28,Kalyan Night,147,450
2023-08-28,Madhur Day,688,133
2023-08-28,Madhur Night,149,457
2023-08-28,Main Bazar,790,677
2023-08-28,Milan Day,224,279
2023-08-28,Milan Night,789,345
2023-08-28,Rajdhani Day,490,112
2023-08-28,Rajdhani Night,236,560
2023-08-28,Sridevi,789,290
2023-08-28,Sridevi Night,560,245
2023-08-28,Time Bazar,689,799
2023-08-29,Kalyan,110,266
2023-08-29,Kalyan Night,168,230
2023-08-29,Madhur Day,112,550
2023-08-29,Madhur Night,138,550
2023-08-29,Main Bazar,237,129
2023-08-29,Milan Day,134,125
2023-08-29,Milan Night,788,234
2023-08-29,Rajdhani Day,460,256
2023-08-29,Rajdhani Night,270,790
2023-08-29,Sridevi,189,346
2023-08-29,Sridevi Night,167,234
2023-08-29,Time Bazar,378,246
2023-08-30,Kalyan,589,480
2023-08-30,Kalyan Night,378,770
2023-08-30,Madhur Day,459,246
2023-08-30,Madhur Night,148,788
2023-08-30,Main Bazar,170,469
2023-08-30,Milan Day,160,389
2023-08-30,Milan Night,490,467
2023-08-30,Rajdhani Day,580,129
2023-08-30,Rajdhani Night,349,189
2023-08-30,Sridevi,359,280
2023-08-30,Sridevi Night,600,400
2023-08-30,Time Bazar,134,160
2023-08-31,Kalyan,128,246
2023-08-31,Kalyan Night,558,457
2023-08-31,Madhur Day,456,590
2023-08-31,Madhur Night,160,139
2023-08-31,Main Bazar,116,146
2023-08-31,Milan Day,670,470
2023-08-31,Milan Night,240,389
2023-08-31,Rajdhani Day,990,228
2023-08-31,Rajdhani Night,148,169
2023-08-31,Sridevi,120,690
2023-08-31,Sridevi Night,570,330
2023-08-31,Time Bazar,690,130
2023-09-01,Kalyan,559,289
2023-09-01,Kalyan Night,189,678
2023-09-01,Madhur Day,239,148
2023-09-01,Madhur Night,115,447
2023-09-01,Main Bazar,400,250
2023-09-01,Milan Day,113,128
2023-09-01,Milan Night,689,367
2023-09-01,Rajdhani Day,159,458
2023-09-01,Rajdhani Night,299,248
2023-09-01,Sridevi,258,125
2023-09-01,Sridevi Night,245,678
2023-09-01,Time Bazar,139,489
2023-09-02,Kalyan,790,578
2023-09-02,Madhur Day,112,240
2023-09-02,Madhur Night,125,689
2023-09-02,Milan Day,668,249
2023-09-02,Milan Night,136,180
2023-09-02,Rajdhani Day,110,390
2023-09-02,Sridevi,257,268
2023-09-02,Sridevi Night,467,249
2023-09-02,Time Bazar,139,236
2023-09-03,Madhur Day,688,226
2023-09-03,Sridevi,679,223
2023-09-03,Sridevi Night,590,357
2023-09-04,Kalyan,290,459
2023-09-04,Kalyan Night,234,458
2023-09-04,Madhur Day,559,589
2023-09-04,Madhur Night,130,348
2023-09-04,Main Bazar,158,290
2023-09-04,Milan Day,357,589
2023-09-04,Milan Night,399,360
2023-09-04,Rajdhani Day,130,380
2023-09-04,Rajdhani Night,400,256
2023-09-04,Sridevi,123,244
2023-09-04,Sridevi Night,157,349
2023-09-04,Time Bazar,250,178
2023-09-05,Kalyan,345,559
2023-09-05,Kalyan Night,668,460
2023-09-05,Madhur Day,288,234
2023-09-05,Madhur Night,123,578
2023-09-05,Main Bazar,157,278
2023-09-05,Milan Day,160,480
2023-09-05,Milan Night,348,250
2023-09-05,Rajdhani Day,133,250
2023-09-05,Rajdhani Night,180,478
2023-09-05,Sridevi,458,679
2023-09-05,Sridevi Night,115,168
2023-09-05,Time Bazar,590,460
2023-09-06,Kalyan,336,889
2023-09-06,Kalyan Night,367,226
2023-09-06,Madhur Day,236,890
2023-09-06,Madhur Night,369,123
2023-09-06,Main Bazar,155,356
2023-09-06,Milan Day,233,190
2023-09-06,Milan Night,240,569
2023-09-06,Rajdhani Day,158,180
2023-09-06,Rajdhani Night,134,556
2023-09-06,Sridevi,266,137
2023-09-06,Sridevi Night,247,667
2023-09-06,Time Bazar,489,256
2023-09-07,Kalyan,380,234
2023-09-07,Kalyan Night,146,448
2023-09-07,Madhur Day,489,890
2023-09-07,Madhur Night,270,400
2023-09-07,Main Bazar,360,567
2023-09-07,Milan Day,689,678
2023-09-07,Milan Night,147,299
2023-09-07,Rajdhani Day,689,168
2023-09-07,Rajdhani Night,790,188
2023-09-07,Sridevi,235,567
2023-09-07,Sridevi Night,688,580
2023-09-07,Time Bazar,150,237
2023-09-08,Kalyan,245,468
2023-09-08,Kalyan Night,280,245
2023-09-08,Madhur Day,440,780
2023-09-08,Madhur Night,125,459
2023-09-08,Main Bazar,250,699
2023-09-08,Milan Day,166,180
2023-09-08,Milan Night,569,235
2023-09-08,Rajdhani Day,228,148
2023-09-08,Rajdhani Night,900,469
2023-09-08,Sridevi,190,669
2023-09-08,Sridevi Night,177,399
2023-09-08,Time Bazar,247,480
2023-09-09,Kalyan,780,236
2023-09-09,Madhur Day,160,900
2023-09-09,Madhur Night,449,678
2023-09-09,Milan Day,135,266
2023-09-09,Milan Night,378,789
2023-09-09,Rajdhani Day,234,580
2023-09-09,Sridevi,370,350
2023-09-09,Sridevi Night,136,568
2023-09-09,Time Bazar,180,377
2023-09-10,Madhur Day,350,369
2023-09-10,Sridevi,459,458
2023-09-10,Sridevi Night,579,390
2023-09-11,Kalyan,568,357
2023-09-11,Kalyan Night,378,890
2023-09-11,Madhur Day,670,137
2023-09-11,Madhur Night,488,358
2023-09-11,Main Bazar,336,169
2023-09-11,Milan Day,440,557
2023-09-11,Milan Night,890,677
2023-09-11,Rajdhani Day,136,467
2023-09-11,Rajdhani Night,566,138
2023-09-11,Sridevi,469,270
2023-09-11,Sridevi Night,500,338
2023-09-11,Time Bazar,357,234
2023-09-12,Kalyan,188,890
2023-09-12,Kalyan Night,269,134
2023-09-12,Madhur Day,179,467
2023-09-12,Madhur Night,380,134
2023-09-12,Main Bazar,300,290
2023-09-12,Milan Day,470,349
2023-09-12,Milan Night,237,349
2023-09-12,Rajdhani Day,167,199
2023-09-12,Rajdhani Night,114,579
2023-09-12,Sridevi,478,138
2023-09-12,Sridevi Night,169,348
2023-09-12,Time Bazar,158,247
2023-09-13,Kalyan,600,568
2023-09-13,Kalyan Night,280,179
2023-09-13,Madhur Day,159,148
2023-09-13,Madhur Night,560,134
2023-09-13,Main Bazar,377,170
2023-09-13,Milan Day,470,458
2023-09-13,Milan Night,889,290
2023-09-13,Rajdhani Day,450,388
2023-09-13,Rajdhani Night,450,149
2023-09-13,Sridevi,189,129
2023-09-13,Sridevi Night,556,290
2023-09-13,Time Bazar,146,128
2023-09-14,Kalyan,346,700
2023-09-14,Kalyan Night,189,680
2023-09-14,Madhur Day,456,224
2023-09-14,Madhur Night,690,450
2023-09-14,Main Bazar,339,559
2023-09-14,Milan Day,259,360
2023-09-14,Milan Night,568,229
2023-09-14,Rajdhani Day,467,479
2023-09-14,Rajdhani Night,469,126
2023-09-14,Sridevi,488,356
2023-09-14,Sridevi Night,145,560
2023-09-14,Time Bazar,279,167
2023-09-15,Kalyan,567,560
2023-09-15,Kalyan Night,566,489
2023-09-15,Madhur Day,900,346
2023-09-15,Madhur Night,156,190
2023-09-15,Main Bazar,780,270
2023-09-15,Milan Day,128,690
2023-09-15,Milan Night,180,377
2023-09-15,Rajdhani Day,155,690
2023-09-15,Rajdhani Night,145,579
2023-09-15,Sridevi,124,128
2023-09-15,Sridevi Night,770,356
2023-09-15,Time Bazar,136,348
2023-09-16,Kalyan,290,237
2023-09-16,Madhur Day,377,470
2023-09-16,Madhur Night,188,135
2023-09-16,Milan Day,347,388
2023-09-16,Milan Night,458,116
2023-09-16,Rajdhani Day,246,234
2023-09-16,Sridevi,345,480
2023-09-16,Sridevi Night,377,147
2023-09-16,Time Bazar,458,369
2023-09-17,Madhur Day,578,120
2023-09-17,Sridevi,245,468
2023-09-17,Sridevi Night,340,347
2023-09-18,Kalyan,230,467
2023-09-18,Kalyan Night,335,440
2023-09-18,Madhur Day,370,348
2023-09-18,Madhur Night,160,340
2023-09-18,Main Bazar,125,369
2023-09-18,Milan Day,122,668
2023-09-18,Milan Night,147,348
2023-09-18,Rajdhani Day,668,160
2023-09-18,Rajdhani Night,289,990
2023-09-18,Sridevi,368,479
2023-09-18,Sridevi Night,238,260
2023-09-18,Time Bazar,690,278
2023-09-19,Kalyan,580,480
2023-09-19,Kalyan Night,122,359
2023-09-19,Madhur Day,277,244
2023-09-19,Madhur Night,689,348
2023-09-19,Main Bazar,469,160
2023-09-19,Milan Day,440,299
2023-09-19,Milan Night,125,450
2023-09-19,Rajdhani Day,140,339
2023-09-19,Rajdhani Night,128,448
2023-09-19,Sridevi,111,488
2023-09-19,Sridevi Night,280,123
2023-09-19,Time Bazar,114,680
2023-09-20,Kalyan,136,247
2023-09-20,Kalyan Night,169,579
2023-09-20,Madhur Day,258,126
2023-09-20,Madhur Night,129,456
2023-09-20,Main Bazar,158,770
2023-09-20,Milan Day,399,137
2023-09-20,Milan Night,234,160
2023-09-20,Rajdhani Day,267,470
2023-09-20,Rajdhani Night,468,269
2023-09-20,Sridevi,236,169
2023-09-20,Sridevi Night,488,470
2023-09-20,Time Bazar,137,600
2023-09-21,Kalyan,368,136
2023-09-21,Kalyan Night,578,128
2023-09-21,Madhur Day,135,570
2023-09-21,Madhur Night,688,380
2023-09-21,Main Bazar,679,249
2023-09-21,Milan Day,178,237
2023-09-21,Milan Night,460,680
2023-09-21,Rajdhani Day,400,190
2023-09-21,Rajdhani Night,236,156
2023-09-21,Sridevi,178,149
2023-09-21,Sridevi Night,266,239
2023-09-21,Time Bazar,350,127
2023-09-22,Kalyan,144,159
2023-09-22,Kalyan Night,114,668
2023-09-22,Madhur Day,144,458
2023-09-22,Madhur Night,278,670
2023-09-22,Main Bazar,366,245
2023-09-22,Milan Day,340,125
2023-09-22,Milan Night,490,266
2023-09-22,Rajdhani Day,137,359
2023-09-22,Rajdhani Night,225,457
2023-09-22,Sridevi,478,800
2023-09-22,Sridevi Night,790,249
2023-09-22,Time Bazar,116,128
2023-09-23,Kalyan,249,789
2023-09-23,Madhur Day,480,237
2023-09-23,Madhur Night,367,148
2023-09-23,Milan Day,699,337
2023-09-23,Milan Night,112,490
2023-09-23,Rajdhani Day,550,579
2023-09-23,Sridevi,335,346
2023-09-23,Sridevi Night,679,147
2023-09-23,Time Bazar,125,680
2023-09-24,Madhur Day,255,234
2023-09-24,Sridevi,259,178
2023-09-24,Sridevi Night,470,350
2023-09-25,Kalyan,368,990
2023-09-25,Kalyan Night,238,140
2023-09-25,Madhur Day,569,100
2023-09-25,Madhur Night,126,148
2023-09-25,Main Bazar,790,469
2023-09-25,Milan Day,235,237
2023-09-25,Milan Night,458,247
2023-09-25,Rajdhani Day,180,467
2023-09-25,Rajdhani Night,129,578
2023-09-25,Sridevi,226,369
2023-09-25,Sridevi Night,126,168
2023-09-25,Time Bazar,158,178
2023-09-26,Kalyan,367,235
2023-09-26,Kalyan Night,177,125
2023-09-26,Madhur Day,568,490
2023-09-26,Madhur Night,136,299
2023-09-26,Main Bazar,134,169
2023-09-26,Milan Day,356,468
2023-09-26,Milan Night,380,780
2023-09-26,Rajdhani Day,244,288
2023-09-26,Rajdhani Night,114,238
2023-09-26,Sridevi,249,280
2023-09-26,Sridevi Night,257,447
2023-09-26,Time Bazar,489,790
2023-09-27,Kalyan,399,145
2023-09-27,Kalyan Night,660,559
2023-09-27,Madhur Day,235,125
2023-09-27,Madhur Night,256,279
2023-09-27,Main Bazar,457,233
2023-09-27,Milan Day,166,146
2023-09-27,Milan Night,136,500
2023-09-27,Rajdhani Day,235,159
2023-09-27,Rajdhani Night,180,568
2023-09-27,Sridevi,147,234
2023-09-27,Sridevi Night,266,148
2023-09-27,Time Bazar,370,279
2023-09-28,Kalyan,677,790
2023-09-28,Kalyan Night,267,348
2023-09-28,Madhur Day,789,129
2023-09-28,Madhur Night,237,228
2023-09-28,Main Bazar,139,558
2023-09-28,Milan Day,289,177
2023-09-28,Milan Night,256,117
2023-09-28,Rajdhani Day,238,112
2023-09-28,Rajdhani Night,338,780
2023-09-28,Sridevi,234,230
2023-09-28,Sridevi Night,370,450
2023-09-28,Time Bazar,119,335
2023-09-29,Kalyan,570,288
2023-09-29,Kalyan Night,118,135
2023-09-29,Madhur Day,137,239
2023-09-29,Madhur Night,346,148
2023-09-29,Main Bazar,269,368
2023-09-29,Milan Day,355,116
2023-09-29,Milan Night,269,340
2023-09-29,Rajdhani Day,168,190
2023-09-29,Rajdhani Night,279,245
2023-09-29,Sridevi,569,180
2023-09-29,Sridevi Night,169,990
2023-09-29,Time Bazar,279,258
2023-09-30,Kalyan,148,450
2023-09-30,Madhur Day,268,160
2023-09-30,Madhur Night,560,358
2023-09-30,Milan Day,340,129
2023-09-30,Milan Night,468,578
2023-09-30,Rajdhani Day,146,248
2023-09-30,Sridevi,157,125
2023-09-30,Sridevi Night,170,236
2023-09-30,Time Bazar,150,460
2023-10-01,Madhur Day,267,356
2023-10-01,Sridevi,379,348
2023-10-01,Sridevi Night,123,138
2023-10-02,Kalyan,114,170
2023-10-02,Kalyan Night,345,256
2023-10-02,Madhur Day,669,159
2023-10-02,Madhur Night,228,179
2023-10-02,Main Bazar,279,580
2023-10-02,Milan Day,355,299
2023-10-02,Milan Night,670,129
2023-10-02,Rajdhani Day,340,450
2023-10-02,Rajdhani Night,559,112
2023-10-02,Sridevi,568,468
2023-10-02,Sridevi Night,268,160
2023-10-02,Time Bazar,170,299
2023-10-03,Kalyan,355,256
2023-10-03,Kalyan Night,125,290
2023-10-03,Madhur Day,678,220
2023-10-03,Madhur Night,600,277
2023-10-03,Main Bazar,369,337
2023-10-03,Milan Day,456,230
2023-10-03,Milan Night,257,340
2023-10-03,Rajdhani Day,118,168
2023-10-03,Rajdhani Night,340,689
2023-10-03,Sridevi,389,469
2023-10-03,Sridevi Night,258,344
2023-10-03,Time Bazar,260,140
2023-10-04,Kalyan,460,226
2023-10-04,Kalyan Night,557,170
2023-10-04,Madhur Day,336,155
2023-10-04,Madhur Night,158,349
2023-10-04,Main Bazar,346,140
2023-10-04,Milan Day,380,480
2023-10-04,Milan Night,233,348
2023-10-04,Rajdhani Day,189,220
2023-10-04,Rajdhani Night,158,223
2023-10-04,Sridevi,447,378
2023-10-04,Sridevi Night,170,568
2023-10-04,Time Bazar,799,346
2023-10-05,Kalyan,266,168
2023-10-05,Kalyan Night,470,470
2023-10-05,Madhur Day,170,349
2023-10-05,Madhur Night,300,236
2023-10-05,Main Bazar,570,290
2023-10-05,Milan Day,155,260
2023-10-05,Milan Night,247,570
2023-10-05,Rajdhani Day,120,169
2023-10-05,Rajdhani Night,258,247
2023-10-05,Sridevi,349,257
2023-10-05,Sridevi Night,147,378
2023-10-05,Time Bazar,459,347
2023-10-06,Kalyan,690,255
2023-10-06,Kalyan Night,138,346
2023-10-06,Madhur Day,146,779
2023-10-06,Madhur Night,670,339
2023-10-06,Main Bazar,480,259
2023-10-06,Milan Day,136,678
2023-10-06,Milan Night,158,670
2023-10-06,Rajdhani Day,470,160
2023-10-06,Rajdhani Night,357,599
2023-10-06,Sridevi,169,589
2023-10-06,Sridevi Night,270,233
2023-10-06,Time Bazar,130,235
2023-10-07,Kalyan,479,236
2023-10-07,Madhur Day,780,268
2023-10-07,Madhur Night,167,118
2023-10-07,Milan Day,258,770
2023-10-07,Milan Night,130,190
2023-10-07,Rajdhani Day,133,156
2023-10-07,Sridevi,367,156
2023-10-07,Sridevi Night,500,160
2023-10-07,Time Bazar,180,167
2023-10-08,Madhur Day,579,148
2023-10-08,Sridevi,688,247
2023-10-08,Sridevi Night,499,290
2023-10-09,Kalyan,368,456
2023-10-09,Kalyan Night,256,245
2023-10-09,Madhur Day,118,448
2023-10-09,Madhur Night,160,134
2023-10-09,Main Bazar,369,668
2023-10-09,Milan Day,458,589
2023-10-09,Milan Night,470,249
2023-10-09,Rajdhani Day,490,268
2023-10-09,Rajdhani Night,144,678
2023-10-09,Sridevi,144,479
2023-10-09,Sridevi Night,334,160
2023-10-09,Time Bazar,489,457
2023-10-10,Kalyan,490,133
2023-10-10,Kalyan Night,237,690
2023-10-10,Madhur Day,239,228
2023-10-10,Madhur Night,568,138
2023-10-10,Main Bazar,123,380
2023-10-10,Milan Day,570,160
2023-10-10,Milan Night,279,457
2023-10-10,Rajdhani Day,479,179
2023-10-10,Rajdhani Night,370,158
2023-10-10,Sridevi,190,347
2023-10-10,Sridevi Night,238,147
2023-10-10,Time Bazar,469,390
2023-10-11,Kalyan,178,467
2023-10-11,Kalyan Night,267,136
2023-10-11,Madhur Day,345,125
2023-10-11,Madhur Night,330,169
2023-10-11,Main Bazar,580,144
2023-10-11,Milan Day,788,120
2023-10-11,Milan Night,126,360
2023-10-11,Rajdhani Day,558,237
2023-10-11,Rajdhani Night,400,137
2023-10-11,Sridevi,167,126
2023-10-11,Sridevi Night,600,234
2023-10-11,Time Bazar,680,447
2023-10-12,Kalyan,156,367
2023-10-12,Kalyan Night,188,449
2023-10-12,Madhur Day,249,125
2023-10-12,Madhur Night,457,345
2023-10-12,Main Bazar,249,178
2023-10-12,Milan Day,370,135
2023-10-12,Milan Night,580,567
2023-10-12,Rajdhani Day,267,568
2023-10-12,Rajdhani Night,390,467
2023-10-12,Sridevi,148,157
2023-10-12,Sridevi Night,248,229
2023-10-12,Time Bazar,118,355
2023-10-13,Kalyan,180,136
2023-10-13,Kalyan Night,390,236
2023-10-13,Madhur Day,680,170
2023-10-13,Madhur Night,440,890
2023-10-13,Main Bazar,300,488
2023-10-13,Milan Day,469,457
2023-10-13,Milan Night,469,450
2023-10-13,Rajdhani Day,360,280
2023-10-13,Rajdhani Night,259,447
2023-10-13,Sridevi,559,280
2023-10-13,Sridevi Night,448,778
2023-10-13,Time Bazar,244,899
2023-10-14,Kalyan,459,180
2023-10-14,Madhur Day,114,135
2023-10-14,Madhur Night,135,260
2023-10-14,Milan Day,127,266
2023-10-14,Milan Night,120,558
2023-10-14,Rajdhani Day,234,560
2023-10-14,Sridevi,158,570
2023-10-14,Sridevi Night,366,289
2023-10-14,Time Bazar,224,377
2023-10-15,Madhur Day,138,248
2023-10-15,Sridevi,568,118
2023-10-15,Sridevi Night,670,160
2023-10-16,Kalyan,268,179
2023-10-16,Kalyan Night,150,790
2023-10-16,Madhur Day,145,448
2023-10-16,Madhur Night,144,380
2023-10-16,Main Bazar,660,456
2023-10-16,Milan Day,800,778
2023-10-16,Milan Night,560,599
2023-10-16,Rajdhani Day,122,239
2023-10-16,Rajdhani Night,445,368
2023-10-16,Sridevi,479,156
2023-10-16,Sridevi Night,790,380
2023-10-16,Time Bazar,677,355
2023-10-17,Kalyan,667,145
2023-10-17,Kalyan Night,480,369
2023-10-17,Madhur Day,333,157
2023-10-17,Madhur Night,445,256
2023-10-17,Main Bazar,390,590
2023-10-17,Milan Day,450,126
2023-10-17,Milan Night,170,158
2023-10-17,Rajdhani Day,890,113
2023-10-17,Rajdhani Night,190,246
2023-10-17,Sridevi,350,259
2023-10-17,Sridevi Night,258,366
2023-10-17,Time Bazar,136,336
2023-10-18,Kalyan,199,357
2023-10-18,Kalyan Night,390,289
2023-10-18,Madhur Day,168,356
2023-10-18,Madhur Night,134,778
2023-10-18,Main Bazar,770,578
2023-10-18,Milan Day,357,678
2023-10-18,Milan Night,578,448
2023-10-18,Rajdhani Day,260,114
2023-10-18,Rajdhani Night,126,560
2023-10-18,Sridevi,140,179
2023-10-18,Sridevi Night,190,128
2023-10-18,Time Bazar,137,134
2023-10-19,Kalyan,680,158
2023-10-19,Kalyan Night,224,689
2023-10-19,Madhur Day,379,335
2023-10-19,Madhur Night,389,488
2023-10-19,Main Bazar,345,159
2023-10-19,Milan Day,240,788
2023-10-19,Milan Night,240,168
2023-10-19,Rajdhani Day,479,359
2023-10-19,Rajdhani Night,440,270
2023-10-19,Sridevi,689,129
2023-10-19,Sridevi Night,256,589
2023-10-19,Time Bazar,227,599
2023-10-20,Kalyan,229,447
2023-10-20,Kalyan Night,267,450
2023-10-20,Madhur Day,357,667
2023-10-20,Madhur Night,260,148
2023-10-20,Main Bazar,145,789
2023-10-20,Milan Day,146,678
2023-10-20,Milan Night,360,260
2023-10-20,Rajdhani Day,678,378
2023-10-20,Rajdhani Night,130,180
2023-10-20,Sridevi,356,135
2023-10-20,Sridevi Night,788,234
2023-10-20,Time Bazar,467,117
2023-10-21,Kalyan,566,237
2023-10-21,Madhur Day,688,446
2023-10-21,Madhur Night,346,140
2023-10-21,Milan Day,567,367
2023-10-21,Milan Night,669,268
2023-10-21,Rajdhani Day,137,127
2023-10-21,Sridevi,169,247
2023-10-21,Sridevi Night,137,167
2023-10-21,Time Bazar,235,569
2023-10-22,Madhur Day,679,355
2023-10-22,Sridevi,356,136
2023-10-22,Sridevi Night,367,359
2023-10-23,Kalyan,880,566
2023-10-23,Kalyan Night,127,246
2023-10-23,Madhur Day,389,169
2023-10-23,Madhur Night,140,120
2023-10-23,Main Bazar,699,160
2023-10-23,Milan Day,240,224
2023-10-23,Milan Night,689,125
2023-10-23,Rajdhani Day,389,356
2023-10-23,Rajdhani Night,445,247
2023-10-23,Sridevi,468,237
2023-10-23,Sridevi Night,460,580
2023-10-23,Time Bazar,889,268
2023-10-24,Kalyan,223,799
2023-10-24,Kalyan Night,237,239
2023-10-24,Madhur Day,488,147
2023-10-24,Madhur Night,129,256
2023-10-24,Main Bazar,158,145
2023-10-24,Milan Day,259,235
2023-10-24,Milan Night,345,123
2023-10-24,Rajdhani Day,360,116
2023-10-24,Rajdhani Night,130,190
2023-10-24,Sridevi,467,458
2023-10-24,Sridevi Night,367,336
2023-10-24,Time Bazar,390,467
2023-10-25,Kalyan,689,379
2023-10-25,Kalyan Night,457,177
2023-10-25,Madhur Day,149,128
2023-10-25,Madhur Night,160,356
2023-10-25,Main Bazar,246,130
2023-10-25,Milan Day,170,148
2023-10-25,Milan Night,334,778
2023-10-25,Rajdhani Day,139,348
2023-10-25,Rajdhani Night,880,470
2023-10-25,Sridevi,127,120
2023-10-25,Sridevi Night,590,289
2023-10-25,Time Bazar,668,560
2023-10-26,Kalyan,160,779
2023-10-26,Kalyan Night,790,140
2023-10-26,Madhur Day,356,125
2023-10-26,Madhur Night,378,267
2023-10-26,Main Bazar,247,159
2023-10-26,Milan Day,125,479
2023-10-26,Milan Night,578,336
2023-10-26,Rajdhani Day,238,137
2023-10-26,Rajdhani Night,399,138
2023-10-26,Sridevi,578,259
2023-10-26,Sridevi Night,189,456
2023-10-26,Time Bazar,157,259
2023-10-27,Kalyan,368,278
2023-10-27,Kalyan Night,239,347
2023-10-27,Madhur Day,235,156
2023-10-27,Madhur Night,380,249
2023-10-27,Main Bazar,279,266
2023-10-27,Milan Day,890,170
2023-10-27,Milan Night,580,126
2023-10-27,Rajdhani Day,589,157
2023-10-27,Rajdhani Night,168,238
2023-10-27,Sridevi,268,470
2023-10-27,Sridevi Night,690,170
2023-10-27,Time Bazar,467,340
2023-10-28,Kalyan,135,580
2023-10-28,Madhur Day,260,550
2023-10-28,Madhur Night,370,679
2023-10-28,Milan Day,779,390
2023-10-28,Milan Night,348,160
2023-10-28,Rajdhani Day,110,257
2023-10-28,Sridevi,340,236
2023-10-28,Sridevi Night,122,237
2023-10-28,Time Bazar,478,170
2023-10-29,Madhur Day,347,259
2023-10-29,Sridevi,467,239
2023-10-29,Sridevi Night,680,138
2023-10-30,Kalyan,479,158
2023-10-30,Kalyan Night,780,130
2023-10-30,Madhur Day,190,680
2023-10-30,Madhur Night,138,238
2023-10-30,Main Bazar,348,578
2023-10-30,Milan Day,369,336
2023-10-30,Milan Night,126,479
2023-10-30,Rajdhani Day,370,368
2023-10-30,Rajdhani Night,146,556
2023-10-30,Sridevi,128,150
2023-10-30,Sridevi Night,118,379
2023-10-30,Time Bazar,167,789
2023-10-31,Kalyan,468,337
2023-10-31,Kalyan Night,248,127
2023-10-31,Madhur Day,169,356
2023-10-31,Madhur Night,358,900
2023-10-31,Main Bazar,889,269
2023-10-31,Milan Day,447,349
2023-10-31,Milan Night,137,289
2023-10-31,Rajdhani Day,128,140
2023-10-31,Rajdhani Night,145,589
2023-10-31,Sridevi,479,368
2023-10-31,Sridevi Night,880,450
2023-10-31,Time Bazar,389,236
2023-11-01,Kalyan,668,288
2023-11-01,Kalyan Night,257,123
2023-11-01,Madhur Day,178,280
2023-11-01,Madhur Night,580,139
2023-11-01,Main Bazar,558,179
2023-11-01,Milan Day,336,117
2023-11-01,Milan Night,889,240
2023-11-01,Rajdhani Day,266,236
2023-11-01,Rajdhani Night,170,158
2023-11-01,Sridevi,690,699
2023-11-01,Sridevi Night,579,679
2023-11-01,Time Bazar,235,345
2023-11-02,Kalyan,113,470
2023-11-02,Kalyan Night,248,380
2023-11-02,Madhur Day,570,240
2023-11-02,Madhur Night,350,140
2023-11-02,Main Bazar,445,136
2023-11-02,Milan Day,128,158
2023-11-02,Milan Night,790,117
2023-11-02,Rajdhani Day,239,150
2023-11-02,Rajdhani Night,235,470
2023-11-02,Sridevi,180,260
2023-11-02,Sridevi Night,270,149
2023-11-02,Time Bazar,458,990
2023-11-03,Kalyan,167,380
2023-11-03,Kalyan Night,246,580
2023-11-03,Madhur Day,166,500
2023-11-03,Madhur Night,688,277
2023-11-03,Main Bazar,138,279
2023-11-03,Milan Day,135,156
2023-11-03,Milan Night,345,139
2023-11-03,Rajdhani Day,129,237
2023-11-03,Rajdhani Night,480,136
2023-11-03,Sridevi,125,789
2023-11-03,Sridevi Night,336,160
2023-11-03,Time Bazar,700,470
2023-11-04,Kalyan,460,370
2023-11-04,Madhur Day,170,799
2023-11-04,Madhur Night,350,678
2023-11-04,Milan Day,145,220
2023-11-04,Milan Night,466,480
2023-11-04,Rajdhani Day,136,344
2023-11-04,Sridevi,459,590
2023-11-04,Sridevi Night,378,144
2023-11-04,Time Bazar,349,278
2023-11-05,Madhur Day,458,460
2023-11-05,Sridevi,569,179
2023-11-05,Sridevi Night,467,678
2023-11-06,Kalyan,269,167
2023-11-06,Kalyan Night,457,599
2023-11-06,Madhur Day,699,779
2023-11-06,Madhur Night,266,660
2023-11-06,Main Bazar,246,199
2023-11-06,Milan Day,146,268
2023-11-06,Milan Night,114,249
2023-11-06,Rajdhani Day,579,589
2023-11-06,Rajdhani Night,779,350
2023-11-06,Sridevi,579,156
2023-11-06,Sridevi Night,369,567
2023-11-06,Time Bazar,680,179
2023-11-07,Kalyan,156,189
2023-11-07,Kalyan Night,489,479
2023-11-07,Madhur Day,123,567
2023-11-07,Madhur Night,235,249
2023-11-07,Main Bazar,240,115
2023-11-07,Milan Day,120,445
2023-11-07,Milan Night,128,578
2023-11-07,Rajdhani Day,600,378
2023-11-07,Rajdhani Night,256,590
2023-11-07,Sridevi,890,340
2023-11-07,Sridevi Night,799,368
2023-11-07,Time Bazar,580,378
2023-11-08,Kalyan,148,489
2023-11-08,Kalyan Night,123,568
2023-11-08,Madhur Day,334,250
2023-11-08,Madhur Night,670,246
2023-11-08,Main Bazar,158,137
2023-11-08,Milan Day,389,289
2023-11-08,Milan Night,678,379
2023-11-08,Rajdhani Day,460,440
2023-11-08,Rajdhani Night,347,237
2023-11-08,Sridevi,179,489
2023-11-08,Sridevi Night,236,256
2023-11-08,Time Bazar,228,349
2023-11-09,Kalyan,257,479
2023-11-09,Kalyan Night,568,148
2023-11-09,Madhur Day,166,179
2023-11-09,Madhur Night,238,130
2023-11-09,Main Bazar,256,460
2023-11-09,Milan Day,248,138
2023-11-09,Milan Night,268,189
2023-11-09,Rajdhani Day,790,338
2023-11-09,Rajdhani Night,447,150
2023-11-09,Sridevi,990,112
2023-11-09,Sridevi Night,279,159
2023-11-09,Time Bazar,190,127
2023-11-10,Sridevi,146,135
2023-11-10,Sridevi Night,778,355
2023-11-11,Sridevi,359,567
2023-11-11,Sridevi Night,260,140
2023-11-12,Sridevi,490,266
2023-11-12,Sridevi Night,569,269
2023-11-13,Sridevi,245,338
2023-11-13,Sridevi Night,223,780
2023-11-14,Sridevi,170,366
2023-11-14,Sridevi Night,259,137
2023-11-15,Sridevi,170,226
2023-11-15,Sridevi Night,467,158
2023-11-16,Sridevi,679,140
2023-11-16,Sridevi Night,147,357
2023-11-17,Sridevi,289,124
2023-11-17,Sridevi Night,359,123
2023-11-18,Sridevi,689,145
2023-11-18,Sridevi Night,134,356
2023-11-19,Sridevi,346,590
2023-11-19,Sridevi Night,125,579
2023-11-20,Kalyan,159,148
2023-11-20,Kalyan Night,256,135
2023-11-20,Madhur Day,359,245
2023-11-20,Madhur Night,250,128
2023-11-20,Main Bazar,122,180
2023-11-20,Milan Day,337,478
2023-11-20,Milan Night,189,255
2023-11-20,Rajdhani Day,226,349
2023-11-20,Rajdhani Night,258,130
2023-11-20,Sridevi,334,688
2023-11-20,Sridevi Night,367,245
2023-11-20,Time Bazar,269,125
2023-11-21,Kalyan,348,120
2023-11-21,Kalyan Night,170,367
2023-11-21,Madhur Day,489,470
2023-11-21,Main Bazar,238,257
2023-11-21,Milan Day,119,366
2023-11-21,Milan Night,120,248
2023-11-21,Rajdhani Day,123,148
2023-11-21,Rajdhani Night,135,148
2023-11-21,Sridevi,138,399
2023-11-21,Sridevi Night,257,120
2023-11-21,Time Bazar,499,115
2023-11-22,Kalyan,357,137
2023-11-22,Kalyan Night,150,367
2023-11-22,Madhur Day,679,789
2023-11-22,Madhur Night,379,789
2023-11-22,Main Bazar,179,156
2023-11-22,Milan Day,770,360
2023-11-22,Milan Night,478,588
2023-11-22,Rajdhani Day,290,579
2023-11-22,Rajdhani Night,589,478
2023-11-22,Sridevi,479,899
2023-11-22,Sridevi Night,455,478
2023-11-22,Time Bazar,340,245
2023-11-23,Kalyan,289,378
2023-11-23,Kalyan Night,478,590
2023-11-23,Madhur Day,124,149
2023-11-23,Madhur Night,799,670
2023-11-23,Main Bazar,290,339
2023-11-23,Milan Day,248,358
2023-11-23,Milan Night,449,467
2023-11-23,Rajdhani Day,459,240
2023-11-23,Rajdhani Night,780,335
2023-11-23,Sridevi,689,138
2023-11-23,Sridevi Night,344,445
2023-11-23,Time Bazar,500,280
2023-11-24,Kalyan,257,260
2023-11-24,Kalyan Night,780,378
2023-11-24,Madhur Day,125,358
2023-11-24,Madhur Night,348,269
2023-11-24,Main Bazar,116,337
2023-11-24,Milan Day,334,349
2023-11-24,Milan Night,356,348
2023-11-24,Rajdhani Day,257,344
2023-11-24,Rajdhani Night,136,468
2023-11-24,Sridevi,379,488
2023-11-24,Sridevi Night,269,255
2023-11-24,Time Bazar,447,667
2023-11-25,Kalyan,179,389
2023-11-25,Madhur Day,566,440
2023-11-25,Madhur Night,578,360
2023-11-25,Milan Day,134,478
2023-11-25,Milan Night,669,348
2023-11-25,Rajdhani Day,167,677
2023-11-25,Sridevi,147,126
2023-11-25,Sridevi Night,278,458
2023-11-25,Time Bazar,248,229
2023-11-26,Madhur Day,360,470
2023-11-26,Sridevi,289,349
2023-11-26,Sridevi Night,567,245
2023-11-27,Kalyan,269,268
2023-11-27,Kalyan Night,256,368
2023-11-27,Madhur Day,688,670
2023-11-27,Madhur Night,680,579
2023-11-27,Main Bazar,690,357
2023-11-27,Milan Day,236,569
2023-11-27,Milan Night,399,446
2023-11-27,Rajdhani Day,235,379
2023-11-27,Rajdhani Night,345,149
2023-11-27,Sridevi,224,350
2023-11-27,Sridevi Night,459,579
2023-11-27,Time Bazar,778,470
2023-11-28,Kalyan,146,139
2023-11-28,Kalyan Night,280,567
2023-11-28,Madhur Day,468,459
2023-11-28,Madhur Night,400,469
2023-11-28,Main Bazar,169,268
2023-11-28,Milan Day,127,247
2023-11-28,Milan Night,234,568
2023-11-28,Rajdhani Day,234,347
2023-11-28,Rajdhani Night,158,289
2023-11-28,Sridevi,370,135
2023-11-28,Sridevi Night,680,237
2023-11-28,Time Bazar,356,220
2023-11-29,Kalyan,230,169
2023-11-29,Kalyan Night,259,160
2023-11-29,Madhur Day,370,269
2023-11-29,Madhur Night,578,160
2023-11-29,Main Bazar,259,180
2023-11-29,Milan Day,299,678
2023-11-29,Milan Night,378,239
2023-11-29,Rajdhani Day,268,790
2023-11-29,Rajdhani Night,690,167
2023-11-29,Sridevi,127,367
2023-11-29,Sridevi Night,699,356
2023-11-29,Time Bazar,690,234
2023-11-30,Kalyan,235,790
2023-11-30,Kalyan Night,223,466
2023-11-30,Madhur Day,347,379
2023-11-30,Madhur Night,130,159
2023-11-30,Main Bazar,478,227
2023-11-30,Milan Day,690,589
2023-11-30,Milan Night,457,400
2023-11-30,Rajdhani Day,138,158
2023-11-30,Rajdhani Night,126,379
2023-11-30,Sridevi,280,158
2023-11-30,Sridevi Night,670,689
2023-11-30,Time Bazar,127,157
2023-12-01,Kalyan,580,139
2023-12-01,Kalyan Night,234,177
2023-12-01,Madhur Day,257,267
2023-12-01,Madhur Night,679,149
2023-12-01,Main Bazar,180,188
2023-12-01,Milan Day,780,399
2023-12-01,Milan Night,334,800
2023-12-01,Rajdhani Day,478,467
2023-12-01,Rajdhani Night,366,168
2023-12-01,Sridevi,170,470
2023-12-01,Sridevi Night,270,156
2023-12-01,Time Bazar,280,157
2023-12-02,Kalyan,120,489
2023-12-02,Madhur Day,160,479
2023-12-02,Madhur Night,568,234
2023-12-02,Milan Day,123,147
2023-12-02,Milan Night,237,256
2023-12-02,Rajdhani Day,189,226
2023-12-02,Sridevi,347,348
2023-12-02,Sridevi Night,558,148
2023-12-02,Time Bazar,139,220
2023-12-03,Madhur Day,577,127
2023-12-03,Sridevi,358,270
2023-12-03,Sridevi Night,130,147
2023-12-04,Kalyan,469,460
2023-12-04,Kalyan Night,127,239
2023-12-04,Madhur Day,455,225
2023-12-04,Madhur Night,780,200
2023-12-04,Main Bazar,345,269
2023-12-04,Milan Day,345,120
2023-12-04,Milan Night,144,578
2023-12-04,Rajdhani Day,346,689
2023-12-04,Rajdhani Night,458,400
2023-12-04,Sridevi,458,278
2023-12-04,Sridevi Night,789,238
2023-12-04,Time Bazar,448,477
2023-12-05,Kalyan,270,340
2023-12-05,Kalyan Night,158,489
2023-12-05,Madhur Day,357,790
2023-12-05,Madhur Night,117,277
2023-12-05,Main Bazar,477,559
2023-12-05,Milan Day,130,270
2023-12-05,Milan Night,156,446
2023-12-05,Rajdhani Day,178,149
2023-12-05,Rajdhani Night,570,600
2023-12-05,Sridevi,288,159
2023-12-05,Sridevi Night,299,899
2023-12-05,Time Bazar,337,690
2023-12-06,Kalyan,256,447
2023-12-06,Kalyan Night,580,269
2023-12-06,Madhur Day,138,255
2023-12-06,Madhur Night,114,123
2023-12-06,Main Bazar,480,350
2023-12-06,Milan Day,799,500
2023-12-06,Milan Night,680,990
2023-12-06,Rajdhani Day,344,367
2023-12-06,Rajdhani Night,248,179
2023-12-06,Sridevi,246,779
2023-12-06,Sridevi Night,400,579
2023-12-06,Time Bazar,290,489
2023-12-07,Kalyan,690,178
2023-12-07,Kalyan Night,339,117
2023-12-07,Madhur Day,225,245
2023-12-07,Madhur Night,180,368
2023-12-07,Main Bazar,390,178
2023-12-07,Milan Day,450,126
2023-12-07,Milan Night,268,125
2023-12-07,Rajdhani Day,245,456
2023-12-07,Rajdhani Night,570,257
2023-12-07,Sridevi,229,188
2023-12-07,Sridevi Night,399,115
2023-12-07,Time Bazar,126,144
2023-12-08,Kalyan,588,445
2023-12-08,Kalyan Night,235,337
2023-12-08,Madhur Day,279,146
2023-12-08,Madhur Night,255,569
2023-12-08,Main Bazar,146,578
2023-12-08,Milan Day,340,226
2023-12-08,Milan Night,159,368
2023-12-08,Rajdhani Day,379,128
2023-12-08,Rajdhani Night,247,340
2023-12-08,Sridevi,579,124
2023-12-08,Sridevi Night,126,169
2023-12-08,Time Bazar,259,377
2023-12-09,Kalyan,124,129
2023-12-09,Madhur Day,789,112
2023-12-09,Madhur Night,278,489
2023-12-09,Milan Day,580,450
2023-12-09,Milan Night,359,146
2023-12-09,Rajdhani Day,177,180
2023-12-09,Sridevi,299,267
2023-12-09,Sridevi Night,157,570
2023-12-09,Time Bazar,114,126
2023-12-10,Madhur Day,390,370
2023-12-10,Sridevi,600,890
2023-12-10,Sridevi Night,139,150
2023-12-11,Kalyan,259,234
2023-12-11,Kalyan Night,270,558
2023-12-11,Madhur Day,237,147
2023-12-11,Madhur Night,356,112
2023-12-11,Main Bazar,457,688
2023-12-11,Milan Day,148,339
2023-12-11,Milan Night,559,789
2023-12-11,Rajdhani Day,177,180
2023-12-11,Rajdhani Night,478,347
2023-12-11,Sridevi,569,379
2023-12-11,Sridevi Night,567,359
2023-12-11,Time Bazar,120,346
2023-12-12,Kalyan,257,600
2023-12-12,Kalyan Night,169,230
2023-12-12,Madhur Day,899,700
2023-12-12,Madhur Night,468,490
2023-12-12,Main Bazar,334,900
2023-12-12,Milan Day,558,789
2023-12-12,Milan Night,234,267
2023-12-12,Rajdhani Day,169,337
2023-12-12,Rajdhani Night,288,445
2023-12-12,Sridevi,234,346
2023-12-12,Sridevi Night,288,138
2023-12-12,Time Bazar,378,245
2023-12-13,Kalyan,450,349
2023-12-13,Kalyan Night,459,147
2023-12-13,Madhur Day,457,116
2023-12-13,Madhur Night,269,338
2023-12-13,Main Bazar,268,358
2023-12-13,Milan Day,400,225
2023-12-13,Milan Night,467,268
2023-12-13,Rajdhani Day,599,450
2023-12-13,Rajdhani Night,238,347
2023-12-13,Sridevi,136,447
2023-12-13,Sridevi Night,350,135
2023-12-13,Time Bazar,115,390
2023-12-14,Kalyan,120,224
2023-12-14,Kalyan Night,116,133
2023-12-14,Madhur Day,368,129
2023-12-14,Madhur Night,157,166
2023-12-14,Main Bazar,346,660
2023-12-14,Milan Day,160,130
2023-12-14,Milan Night,890,135
2023-12-14,Rajdhani Day,569,124
2023-12-14,Rajdhani Night,350,278
2023-12-14,Sridevi,367,349
2023-12-14,Sridevi Night,179,126
2023-12-14,Time Bazar,460,129
2023-12-15,Kalyan,112,134
2023-12-15,Kalyan Night,800,390
2023-12-15,Madhur Day,468,669
2023-12-15,Madhur Night,790,690
2023-12-15,Main Bazar,479,346
2023-12-15,Milan Day,799,455
2023-12-15,Milan Night,249,389
2023-12-15,Rajdhani Day,167,350
2023-12-15,Rajdhani Night,156,477
2023-12-15,Sridevi,456,260
2023-12-15,Sridevi Night,569,169
2023-12-15,Time Bazar,199,289
2023-12-16,Kalyan,150,230
2023-12-16,Madhur Day,669,570
2023-12-16,Madhur Night,237,468
2023-12-16,Milan Day,288,155
2023-12-16,Milan Night,359,123
2023-12-16,Rajdhani Day,250,568
2023-12-16,Sridevi,137,368
2023-12-16,Sridevi Night,145,340
2023-12-16,Time Bazar,348,789
2023-12-17,Madhur Day,260,367
2023-12-17,Sridevi,230,345
2023-12-17,Sridevi Night,466,180
2023-12-18,Kalyan,138,237
2023-12-18,Kalyan Night,379,136
2023-12-18,Madhur Day,478,224
2023-12-18,Madhur Night,158,123
2023-12-18,Main Bazar,340,489
2023-12-18,Milan Day,366,120
2023-12-18,Milan Night,340,890
2023-12-18,Rajdhani Day,379,160
2023-12-18,Rajdhani Night,144,680
2023-12-18,Sridevi,147,347
2023-12-18,Sridevi Night,689,579
2023-12-18,Time Bazar,780,569
2023-12-19,Kalyan,249,379
2023-12-19,Kalyan Night,239,560
2023-12-19,Madhur Day,447,136
2023-12-19,Madhur Night,348,388
2023-12-19,Main Bazar,358,880
2023-12-19,Milan Day,347,337
2023-12-19,Milan Night,167,678
2023-12-19,Rajdhani Day,127,778
2023-12-19,Rajdhani Night,167,377
2023-12-19,Sridevi,368,290
2023-12-19,Sridevi Night,380,346
2023-12-19,Time Bazar,145,234
2023-12-20,Kalyan,589,478
2023-12-20,Kalyan Night,279,349
2023-12-20,Madhur Day,225,456
2023-12-20,Madhur Night,380,377
2023-12-20,Main Bazar,357,678
2023-12-20,Milan Day,390,670
2023-12-20,Milan Night,267,256
2023-12-20,Rajdhani Day,126,149
2023-12-20,Rajdhani Night,689,145
2023-12-20,Sridevi,180,157
2023-12-20,Sridevi Night,569,660
2023-12-20,Time Bazar,280,339
2023-12-21,Kalyan,248,356
2023-12-21,Kalyan Night,140,346
2023-12-21,Madhur Day,145,468
2023-12-21,Madhur Night,249,149
2023-12-21,Main Bazar,670,220
2023-12-21,Milan Day,447,800
2023-12-21,Milan Night,113,347
2023-12-21,Rajdhani Day,358,150
2023-12-21,Rajdhani Night,678,500
2023-12-21,Sridevi,459,367
2023-12-21,Sridevi Night,270,235
2023-12-21,Time Bazar,248,245
2023-12-22,Kalyan,470,680
2023-12-22,Kalyan Night,130,249
2023-12-22,Madhur Day,145,238
2023-12-22,Madhur Night,129,126
2023-12-22,Main Bazar,246,577
2023-12-22,Milan Day,267,279
2023-12-22,Milan Night,255,137
2023-12-22,Rajdhani Day,390,179
2023-12-22,Rajdhani Night,247,189
2023-12-22,Sridevi,457,789
2023-12-22,Sridevi Night,245,379
2023-12-22,Time Bazar,800,257
2023-12-23,Kalyan,678,349
2023-12-23,Madhur Day,289,348
2023-12-23,Madhur Night,244,570
2023-12-23,Milan Day,446,356
2023-12-23,Milan Night,268,148
2023-12-23,Rajdhani Day,118,256
2023-12-23,Sridevi,280,167
2023-12-23,Sridevi Night,125,458
2023-12-23,Time Bazar,119,350
2023-12-24,Madhur Day,126,258
2023-12-24,Sridevi,259,570
2023-12-24,Sridevi Night,688,190
2023-12-25,Kalyan,158,288
2023-12-25,Kalyan Night,160,360
2023-12-25,Madhur Day,489,230
2023-12-25,Madhur Night,125,147
2023-12-25,Main Bazar,157,234
2023-12-25,Milan Day,380,380
2023-12-25,Milan Night,400,778
2023-12-25,Rajdhani Day,137,239
2023-12-25,Rajdhani Night,445,179
2023-12-25,Sridevi,145,579
2023-12-25,Sridevi Night,280,156
2023-12-25,Time Bazar,670,890
2023-12-26,Kalyan,677,589
2023-12-26,Kalyan Night,190,148
2023-12-26,Madhur Day,235,258
2023-12-26,Madhur Night,100,450
2023-12-26,Main Bazar,220,459
2023-12-26,Milan Day,240,247
2023-12-26,Milan Night,467,113
2023-12-26,Rajdhani Day,189,115
2023-12-26,Rajdhani Night,129,170
2023-12-26,Sridevi,169,467
2023-12-26,Sridevi Night,390,379
2023-12-26,Time Bazar,234,156
2023-12-27,Kalyan,589,455
2023-12-27,Kalyan Night,457,578
2023-12-27,Madhur Day,167,249
2023-12-27,Madhur Night,259,346
2023-12-27,Main Bazar,489,234
2023-12-27,Milan Day,348,357
2023-12-27,Milan Night,588,248
2023-12-27,Rajdhani Day,780,180
2023-12-27,Rajdhani Night,136,234
2023-12-27,Sridevi,158,130
2023-12-27,Sridevi Night,128,180
2023-12-27,Time Bazar,167,169
2023-12-28,Kalyan,267,580
2023-12-28,Kalyan Night,140,157
2023-12-28,Madhur Day,110,146
2023-12-28,Madhur Night,270,156
2023-12-28,Main Bazar,270,236
2023-12-28,Milan Day,199,137
2023-12-28,Milan Night,359,126
2023-12-28,Rajdhani Day,900,390
2023-12-28,Rajdhani Night,689,389
2023-12-28,Sridevi,578,337
2023-12-28,Sridevi Night,155,469
2023-12-28,Time Bazar,156,390
2023-12-29,Kalyan,690,347
2023-12-29,Kalyan Night,122,199
2023-12-29,Madhur Day,138,668
2023-12-29,Madhur Night,246,588
2023-12-29,Main Bazar,166,112
2023-12-29,Milan Day,357,378
2023-12-29,Milan Night,600,467
2023-12-29,Rajdhani Day,124,366
2023-12-29,Rajdhani Night,699,200
2023-12-29,Sridevi,118,390
2023-12-29,Sridevi Night,223,557
2023-12-29,Time Bazar,349,348
2023-12-30,Kalyan,135,250
2023-12-30,Madhur Day,378,679
2023-12-30,Madhur Night,114,890
2023-12-30,Milan Day,260,119
2023-12-30,Milan Night,560,267
2023-12-30,Rajdhani Day,137,335
2023-12-30,Sridevi,220,588
2023-12-30,Sridevi Night,248,167
2023-12-30,Time Bazar,156,359
2023-12-31,Madhur Day,227,137
2023-12-31,Sridevi,235,459
2023-12-31,Sridevi Night,149,490
2024-01-01,Kalyan,446,560
2024-01-01,Kalyan Night,568,779
2024-01-01,Madhur Day,568,300
2024-01-01,Madhur Night,890,168
2024-01-01,Main Bazar,170,137
2024-01-01,Milan Day,399,168
2024-01-01,Milan Night,230,280
2024-01-01,Rajdhani Day,129,148
2024-01-01,Rajdhani Night,138,499
2024-01-01,Sridevi,367,568
2024-01-01,Sridevi Night,800,377
2024-01-01,Time Bazar,146,166
2024-01-02,Kalyan,169,280
2024-01-02,Kalyan Night,770,345
2024-01-02,Madhur Day,233,480
2024-01-02,Madhur Night,159,699
2024-01-02,Main Bazar,279,159
2024-01-02,Milan Day,458,138
2024-01-02,Milan Night,279,288
2024-01-02,Rajdhani Day,135,126
2024-01-02,Rajdhani Night,990,169
2024-01-02,Sridevi,123,137
2024-01-02,Sridevi Night,467,334
2024-01-02,Time Bazar,580,240
2024-01-03,Kalyan,135,267
2024-01-03,Kalyan Night,360,116
2024-01-03,Madhur Day,130,590
2024-01-03,Madhur Night,357,127
2024-01-03,Main Bazar,237,159
2024-01-03,Milan Day,246,899
2024-01-03,Milan Night,459,488
2024-01-03,Rajdhani Day,179,479
2024-01-03,Rajdhani Night,170,357
2024-01-03,Sridevi,336,124
2024-01-03,Sridevi Night,477,169
2024-01-03,Time Bazar,670,348
2024-01-04,Kalyan,240,355
2024-01-04,Kalyan Night,700,880
2024-01-04,Madhur Day,790,667
2024-01-04,Madhur Night,349,126
2024-01-04,Main Bazar,440,688
2024-01-04,Milan Day,450,358
2024-01-04,Rajdhani Day,389,339
2024-01-04,Rajdhani Night,236,189
2024-01-04,Sridevi,389,349
2024-01-04,Sridevi Night,890,244
2024-01-04,Time Bazar,249,225
2024-01-05,Kalyan,480,690
2024-01-05,Kalyan Night,257,570
2024-01-05,Madhur Day,457,235
2024-01-05,Madhur Night,780,240
2024-01-05,Main Bazar,670,338
2024-01-05,Milan Day,290,150
2024-01-05,Milan Night,150,270
2024-01-05,Rajdhani Day,246,678
2024-01-05,Rajdhani Night,589,660
2024-01-05,Sridevi,145,246
2024-01-05,Sridevi Night,228,899
2024-01-05,Time Bazar,128,269
2024-01-06,Kalyan,245,140
2024-01-06,Madhur Day,129,450
2024-01-06,Madhur Night,880,480
2024-01-06,Milan Day,357,249
2024-01-06,Milan Night,340,478
2024-01-06,Rajdhani Day,135,900
2024-01-06,Sridevi,358,128
2024-01-06,Sridevi Night,450,490
2024-01-06,Time Bazar,578,257
2024-01-07,Madhur Day,277,130
2024-01-07,Sridevi,134,779
2024-01-07,Sridevi Night,122,268
2024-01-08,Kalyan,467,238
2024-01-08,Kalyan Night,128,126
2024-01-08,Madhur Day,188,339
2024-01-08,Madhur Night,660,445
2024-01-08,Main Bazar,279,500
2024-01-08,Milan Day,269,114
2024-01-08,Milan Night,790,777
2024-01-08,Rajdhani Day,255,123
2024-01-08,Rajdhani Night,699,368
2024-01-08,Sridevi,578,367
2024-01-08,Sridevi Night,448,236
2024-01-08,Time Bazar,689,348
2024-01-09,Kalyan,112,138
2024-01-09,Kalyan Night,356,160
2024-01-09,Madhur Day,188,148
2024-01-09,Madhur Night,560,249
2024-01-09,Main Bazar,390,560
2024-01-09,Milan Day,115,149
2024-01-09,Milan Night,299,480
2024-01-09,Rajdhani Day,790,347
2024-01-09,Rajdhani Night,167,678
2024-01-09,Sridevi,336,258
2024-01-09,Sridevi Night,668,248
2024-01-09,Time Bazar,280,240
2024-01-10,Kalyan,200,577
2024-01-10,Kalyan Night,158,223
2024-01-10,Madhur Day,170,134
2024-01-10,Madhur Night,379,378
2024-01-10,Main Bazar,235,237
2024-01-10,Milan Day,125,279
2024-01-10,Milan Night,889,190
2024-01-10,Rajdhani Day,118,350
2024-01-10,Rajdhani Night,399,458
2024-01-10,Sridevi,690,377
2024-01-10,Sridevi Night,147,129
2024-01-10,Time Bazar,446,340
2024-01-11,Kalyan,790,355
2024-01-11,Kalyan Night,124,456
2024-01-11,Madhur Day,289,168
2024-01-11,Madhur Night,345,114
2024-01-11,Main Bazar,667,460
2024-01-11,Milan Day,188,899
2024-01-11,Milan Night,349,468
2024-01-11,Rajdhani Day,258,479
2024-01-11,Rajdhani Night,280,135
2024-01-11,Sridevi,370,689
2024-01-11,Sridevi Night,488,128
2024-01-11,Time Bazar,556,146
2024-01-12,Kalyan,256,134
2024-01-12,Kalyan Night,166,790
2024-01-12,Madhur Day,190,678
2024-01-12,Madhur Night,249,230
2024-01-12,Main Bazar,345,238
2024-01-12,Milan Day,135,120
2024-01-12,Milan Night,127,345
2024-01-12,Rajdhani Day,180,577
2024-01-12,Rajdhani Night,255,500
2024-01-12,Sridevi,369,278
2024-01-12,Sridevi Night,119,459
2024-01-12,Time Bazar,156,670
2024-01-13,Kalyan,290,345
2024-01-13,Madhur Day,778,137
2024-01-13,Madhur Night,569,456
2024-01-13,Milan Day,469,459
2024-01-13,Milan Night,156,250
2024-01-13,Rajdhani Day,447,280
2024-01-13,Sridevi,357,568
2024-01-13,Sridevi Night,257,190
2024-01-13,Time Bazar,158,280
2024-01-14,Madhur Day,467,457
2024-01-14,Sridevi,178,556
2024-01-14,Sridevi Night,699,489
2024-01-15,Kalyan,449,339
2024-01-15,Kalyan Night,139,448
2024-01-15,Madhur Day,560,688
2024-01-15,Madhur Night,558,360
2024-01-15,Main Bazar,789,267
2024-01-15,Milan Day,470,126
2024-01-15,Milan Night,890,188
2024-01-15,Rajdhani Day,678,790
2024-01-15,Rajdhani Night,234,235
2024-01-15,Sridevi,123,130
2024-01-15,Sridevi Night,146,289
2024-01-15,Time Bazar,369,670
2024-01-16,Kalyan,890,140
2024-01-16,Kalyan Night,679,568
2024-01-16,Madhur Day,288,889
2024-01-16,Madhur Night,457,578
2024-01-16,Main Bazar,245,470
2024-01-16,Milan Day,159,169
2024-01-16,Milan Night,145,189
2024-01-16,Rajdhani Day,489,188
2024-01-16,Rajdhani Night,380,228
2024-01-16,Sridevi,115,360
2024-01-16,Sridevi Night,180,347
2024-01-16,Time Bazar,179,448
2024-01-17,Kalyan,345,890
2024-01-17,Kalyan Night,278,234
2024-01-17,Madhur Day,137,349
2024-01-17,Madhur Night,290,679
2024-01-17,Main Bazar,124,170
2024-01-17,Milan Day,477,669
2024-01-17,Milan Night,369,440
2024-01-17,Rajdhani Day,179,460
2024-01-17,Rajdhani Night,235,344
2024-01-17,Sridevi,258,124
2024-01-17,Sridevi Night,568,490
2024-01-17,Time Bazar,370,578
2024-01-18,Kalyan,280,690
2024-01-18,Kalyan Night,144,458
2024-01-18,Madhur Day,156,166
2024-01-18,Madhur Night,346,579
2024-01-18,Main Bazar,570,555
2024-01-18,Milan Day,146,458
2024-01-18,Milan Night,244,380
2024-01-18,Rajdhani Day,134,580
2024-01-18,Rajdhani Night,570,678
2024-01-18,Sridevi,377,230
2024-01-18,Sridevi Night,134,138
2024-01-18,Time Bazar,140,457
2024-01-19,Kalyan,589,339
2024-01-19,Kalyan Night,690,236
2024-01-19,Madhur Day,158,147
2024-01-19,Madhur Night,269,699
2024-01-19,Main Bazar,133,167
2024-01-19,Milan Day,389,156
2024-01-19,Milan Night,890,458
2024-01-19,Rajdhani Day,770,389
2024-01-19,Rajdhani Night,348,679
2024-01-19,Sridevi,247,378
2024-01-19,Sridevi Night,457,567
2024-01-19,Time Bazar,290,560
2024-01-20,Kalyan,490,160
2024-01-20,Madhur Day,280,146
2024-01-20,Madhur Night,346,234
2024-01-20,Milan Day,289,330
2024-01-20,Milan Night,290,369
2024-01-20,Rajdhani Day,360,380
2024-01-20,Sridevi,260,677
2024-01-20,Sridevi Night,236,290
2024-01-20,Time Bazar,356,257
2024-01-21,Madhur Day,157,260
2024-01-21,Sridevi,477,679
2024-01-21,Sridevi Night,458,245
2024-01-22,Kalyan,689,226
2024-01-22,Kalyan Night,160,478
2024-01-22,Madhur Day,000,245
2024-01-22,Madhur Night,449,457
2024-01-22,Main Bazar,990,469
2024-01-22,Milan Day,247,568
2024-01-22,Milan Night,568,146
2024-01-22,Rajdhani Day,790,355
2024-01-22,Rajdhani Night,120,256
2024-01-22,Sridevi,123,478
2024-01-22,Sridevi Night,266,188
2024-01-22,Time Bazar,119,449
2024-01-23,Kalyan,300,269
2024-01-23,Kalyan Night,268,468
2024-01-23,Madhur Day,445,244
2024-01-23,Madhur Night,236,259
2024-01-23,Main Bazar,338,368
2024-01-23,Milan Day,134,133
2024-01-23,Milan Night,169,380
2024-01-23,Rajdhani Day,680,140
2024-01-23,Rajdhani Night,178,789
2024-01-23,Sridevi,228,560
2024-01-23,Sridevi Night,134,447
2024-01-23,Time Bazar,558,177
2024-01-24,Kalyan,230,380
2024-01-24,Kalyan Night,355,447
2024-01-24,Madhur Day,450,155
2024-01-24,Madhur Night,477,226
2024-01-24,Main Bazar,118,446
2024-01-24,Milan Day,140,147
2024-01-24,Milan Night,570,279
2024-01-24,Rajdhani Day,150,147
2024-01-24,Rajdhani Night,166,579
2024-01-24,Sridevi,350,247
2024-01-24,Sridevi Night,448,348
2024-01-24,Time Bazar,389,350
2024-01-25,Kalyan,137,680
2024-01-25,Kalyan Night,120,589
2024-01-25,Madhur Day,568,890
2024-01-25,Madhur Night,234,138
2024-01-25,Main Bazar,236,358
2024-01-25,Milan Day,448,780
2024-01-25,Milan Night,123,149
2024-01-25,Rajdhani Day,900,168
2024-01-25,Rajdhani Night,150,170
2024-01-25,Sridevi,669,148
2024-01-25,Sridevi Night,478,189
2024-01-25,Time Bazar,569,229
2024-01-27,Kalyan,237,145
2024-01-27,Madhur Day,590,145
2024-01-27,Madhur Night,120,560
2024-01-27,Milan Day,118,129
2024-01-27,Milan Night,789,789
2024-01-27,Rajdhani Day,570,344
2024-01-27,Sridevi,566,445
2024-01-27,Sridevi Night,129,146
2024-01-27,Time Bazar,166,148
2024-01-28,Madhur Day,356,279
2024-01-28,Sridevi,470,256
2024-01-28,Sridevi Night,346,360
2024-01-29,Kalyan,568,489
2024-01-29,Kalyan Night,467,118
2024-01-29,Madhur Day,669,149
2024-01-29,Madhur Night,147,139
2024-01-29,Main Bazar,249,233
2024-01-29,Milan Day,560,700
2024-01-29,Milan Night,137,480
2024-01-29,Rajdhani Day,247,148
2024-01-29,Rajdhani Night,779,170
2024-01-29,Sridevi,223,167
2024-01-29,Sridevi Night,678,225
2024-01-29,Time Bazar,470,446
2024-01-30,Kalyan,124,589
2024-01-30,Kalyan Night,250,280
2024-01-30,Madhur Day,599,246
2024-01-30,Madhur Night,480,258
2024-01-30,Main Bazar,223,280
2024-01-30,Milan Day,358,356
2024-01-30,Milan Night,456,145
2024-01-30,Rajdhani Day,680,268
2024-01-30,Rajdhani Night,117,230
2024-01-30,Sridevi,136,389
2024-01-30,Sridevi Night,156,670
2024-01-30,Time Bazar,166,679
2024-01-31,Kalyan,139,668
2024-01-31,Kalyan Night,148,338
2024-01-31,Madhur Day,137,356
2024-01-31,Madhur Night,899,340
2024-01-31,Main Bazar,357,159
2024-01-31,Milan Day,235,278
2024-01-31,Milan Night,226,456
2024-01-31,Rajdhani Day,158,130
2024-01-31,Rajdhani Night,589,789
2024-01-31,Sridevi,260,144
2024-01-31,Sridevi Night,369,179
2024-01-31,Time Bazar,167,347
2024-02-01,Kalyan,167,690
2024-02-01,Kalyan Night,139,235
2024-02-01,Madhur Day,347,250
2024-02-01,Madhur Night,116,233
2024-02-01,Main Bazar,125,359
2024-02-01,Milan Day,237,330
2024-02-01,Milan Night,135,478
2024-02-01,Rajdhani Day,457,479
2024-02-01,Rajdhani Night,270,479
2024-02-01,Sridevi,188,135
2024-02-01,Sridevi Night,125,679
2024-02-01,Time Bazar,134,169
2024-02-02,Kalyan,334,149
2024-02-02,Kalyan Night,455,156
2024-02-02,Madhur Day,349,790
2024-02-02,Madhur Night,230,125
2024-02-02,Main Bazar,160,129
2024-02-02,Milan Day,469,245
2024-02-02,Milan Night,550,357
2024-02-02,Rajdhani Day,677,480
2024-02-02,Rajdhani Night,259,299
2024-02-02,Sridevi,146,359
2024-02-02,Sridevi Night,167,569
2024-02-02,Time Bazar,238,467
2024-02-03,Kalyan,455,378
2024-02-03,Madhur Day,116,490
2024-02-03,Madhur Night,580,150
2024-02-03,Milan Day,270,260
2024-02-03,Milan Night,145,257
2024-02-03,Rajdhani Day,268,246
2024-02-03,Sridevi,236,130
2024-02-03,Sridevi Night,690,180
2024-02-03,Time Bazar,560,670
2024-02-04,Madhur Day,155,136
2024-02-04,Sridevi,168,800
2024-02-04,Sridevi Night,259,699
2024-02-05,Kalyan,137,268
2024-02-05,Kalyan Night,289,230
2024-02-05,Madhur Day,350,990
2024-02-05,Madhur Night,368,345
2024-02-05,Main Bazar,589,477
2024-02-05,Milan Day,289,125
2024-02-05,Milan Night,250,190
2024-02-05,Rajdhani Day,126,358
2024-02-05,Rajdhani Night,340,359
2024-02-05,Sridevi,589,499
2024-02-05,Sridevi Night,338,239
2024-02-05,Time Bazar,126,188
2024-02-06,Kalyan,556,688
2024-02-06,Kalyan Night,459,122
2024-02-06,Madhur Day,499,133
2024-02-06,Madhur Night,589,460
2024-02-06,Main Bazar,469,469
2024-02-06,Milan Day,157,668
2024-02-06,Milan Night,180,159
2024-02-06,Rajdhani Day,448,890
2024-02-06,Rajdhani Night,660,679
2024-02-06,Sridevi,578,235
2024-02-06,Sridevi Night,279,990
2024-02-06,Time Bazar,700,157
2024-02-07,Kalyan,770,159
2024-02-07,Kalyan Night,790,480
2024-02-07,Madhur Day,589,470
2024-02-07,Madhur Night,358,290
2024-02-07,Main Bazar,467,570
2024-02-07,Milan Day,240,345
2024-02-07,Milan Night,134,368
2024-02-07,Rajdhani Day,125,477
2024-02-07,Rajdhani Night,567,670
2024-02-07,Sridevi,568,456
2024-02-07,Sridevi Night,367,578
2024-02-07,Time Bazar,227,330
2024-02-08,Kalyan,368,499
2024-02-08,Kalyan Night,279,569
2024-02-08,Madhur Day,336,347
2024-02-08,Madhur Night,128,450
2024-02-08,Main Bazar,460,380
2024-02-08,Milan Day,128,689
2024-02-08,Milan Night,134,245
2024-02-08,Rajdhani Day,369,380
2024-02-08,Rajdhani Night,480,260
2024-02-08,Sridevi,190,356
2024-02-08,Sridevi Night,334,350
2024-02-08,Time Bazar,223,180
2024-02-09,Kalyan,189,700
2024-02-09,Kalyan Night,568,579
2024-02-09,Madhur Day,456,289
2024-02-09,Madhur Night,380,670
2024-02-09,Main Bazar,123,357
2024-02-09,Milan Day,137,179
2024-02-09,Milan Night,239,678
2024-02-09,Rajdhani Day,127,345
2024-02-09,Rajdhani Night,359,129
2024-02-09,Sridevi,467,139
2024-02-09,Sridevi Night,459,346
2024-02-09,Time Bazar,389,168
2024-02-10,Kalyan,379,170
2024-02-10,Madhur Day,190,469
2024-02-10,Madhur Night,116,259
2024-02-10,Milan Day,389,560
2024-02-10,Milan Night,249,189
2024-02-10,Rajdhani Day,355,128
2024-02-10,Sridevi,250,590
2024-02-10,Sridevi Night,660,390
2024-02-10,Time Bazar,578,134
2024-02-11,Madhur Day,336,278
2024-02-11,Sridevi,359,678
2024-02-11,Sridevi Night,356,477
2024-02-12,Kalyan,578,344
2024-02-12,Kalyan Night,679,459
2024-02-12,Madhur Day,377,480
2024-02-12,Madhur Night,590,448
2024-02-12,Main Bazar,668,338
2024-02-12,Milan Day,677,367
2024-02-12,Milan Night,149,578
2024-02-12,Rajdhani Day,149,356
2024-02-12,Rajdhani Night,389,580
2024-02-12,Sridevi,127,579
2024-02-12,Sridevi Night,246,237
2024-02-12,Time Bazar,190,458
2024-02-13,Kalyan,126,124
2024-02-13,Kalyan Night,238,227
2024-02-13,Madhur Day,367,689
2024-02-13,Madhur Night,337,700
2024-02-13,Main Bazar,890,133
2024-02-13,Milan Day,288,578
2024-02-13,Milan Night,123,178
2024-02-13,Rajdhani Day,679,148
2024-02-13,Rajdhani Night,556,677
2024-02-13,Sridevi,267,356
2024-02-13,Sridevi Night,125,260
2024-02-13,Time Bazar,113,356
2024-02-14,Kalyan,578,150
2024-02-14,Kalyan Night,457,238
2024-02-14,Madhur Day,579,190
2024-02-14,Madhur Night,890,345
2024-02-14,Main Bazar,348,140
2024-02-14,Milan Day,379,140
2024-02-14,Milan Night,158,149
2024-02-14,Rajdhani Day,446,359
2024-02-14,Rajdhani Night,120,880
2024-02-14,Sridevi,239,480
2024-02-14,Sridevi Night,446,267
2024-02-14,Time Bazar,790,224
2024-02-15,Kalyan,226,278
2024-02-15,Kalyan Night,447,146
2024-02-15,Madhur Day,299,288
2024-02-15,Madhur Night,280,378
2024-02-15,Main Bazar,456,336
2024-02-15,Milan Day,338,229
2024-02-15,Milan Night,456,480
2024-02-15,Rajdhani Day,457,455
2024-02-15,Rajdhani Night,370,449
2024-02-15,Sridevi,399,148
2024-02-15,Sridevi Night,790,136
2024-02-15,Time Bazar,457,359
2024-02-16,Kalyan,447,237
2024-02-16,Kalyan Night,168,400
2024-02-16,Madhur Day,345,257
2024-02-16,Madhur Night,599,160
2024-02-16,Main Bazar,124,223
2024-02-16,Milan Day,889,690
2024-02-16,Milan Night,118,230
2024-02-16,Rajdhani Day,580,236
2024-02-16,Rajdhani Night,347,357
2024-02-16,Sridevi,127,225
2024-02-16,Sridevi Night,359,890
2024-02-16,Time Bazar,149,570
2024-02-17,Kalyan,390,168
2024-02-17,Madhur Day,369,137
2024-02-17,Madhur Night,670,456
2024-02-17,Milan Day,359,279
2024-02-17,Milan Night,358,246
2024-02-17,Rajdhani Day,368,668
2024-02-17,Sridevi,114,568
2024-02-17,Sridevi Night,577,255
2024-02-17,Time Bazar,347,240
2024-02-18,Madhur Day,157,780
2024-02-18,Sridevi,780,259
2024-02-18,Sridevi Night,559,370
2024-02-19,Kalyan,446,266
2024-02-19,Kalyan Night,499,170
2024-02-19,Madhur Day,148,470
2024-02-19,Madhur Night,778,190
2024-02-19,Main Bazar,160,145
2024-02-19,Milan Day,240,337
2024-02-19,Milan Night,225,115
2024-02-19,Rajdhani Day,479,459
2024-02-19,Rajdhani Night,123,460
2024-02-19,Sridevi,790,345
2024-02-19,Sridevi Night,789,369
2024-02-19,Time Bazar,350,299
2024-02-20,Kalyan,479,257
2024-02-20,Kalyan Night,580,258
2024-02-20,Madhur Day,125,389
2024-02-20,Madhur Night,123,148
2024-02-20,Main Bazar,126,150
2024-02-20,Milan Day,159,245
2024-02-20,Milan Night,156,479
2024-02-20,Rajdhani Day,259,240
2024-02-20,Rajdhani Night,579,669
2024-02-20,Sridevi,578,247
2024-02-20,Sridevi Night,600,190
2024-02-20,Time Bazar,557,344
2024-02-21,Kalyan,159,129
2024-02-21,Kalyan Night,778,699
2024-02-21,Madhur Day,489,223
2024-02-21,Madhur Night,550,245
2024-02-21,Main Bazar,267,400
2024-02-21,Milan Day,380,267
2024-02-21,Milan Night,455,479
2024-02-21,Rajdhani Day,278,558
2024-02-21,Rajdhani Night,349,226
2024-02-21,Sridevi,245,157
2024-02-21,Sridevi Night,357,470
2024-02-21,Time Bazar,689,149
2024-02-22,Kalyan,112,460
2024-02-22,Kalyan Night,170,148
2024-02-22,Madhur Day,356,360
2024-02-22,Madhur Night,190,138
2024-02-22,Main Bazar,180,167
2024-02-22,Milan Day,257,236
2024-02-22,Milan Night,235,666
2024-02-22,Rajdhani Day,145,599
2024-02-22,Rajdhani Night,126,155
2024-02-22,Sridevi,348,459
2024-02-22,Sridevi Night,169,230
2024-02-22,Time Bazar,270,888
2024-02-23,Kalyan,569,779
2024-02-23,Kalyan Night,113,200
2024-02-23,Madhur Day,239,147
2024-02-23,Madhur Night,226,240
2024-02-23,Main Bazar,489,356
2024-02-23,Milan Day,449,146
2024-02-23,Milan Night,790,449
2024-02-23,Rajdhani Day,577,580
2024-02-23,Rajdhani Night,179,467
2024-02-23,Sridevi,189,239
2024-02-23,Sridevi Night,179,126
2024-02-23,Time Bazar,119,259
2024-02-24,Kalyan,558,478
2024-02-24,Madhur Day,260,369
2024-02-24,Madhur Night,348,123
2024-02-24,Milan Day,347,578
2024-02-24,Milan Night,670,358
2024-02-24,Rajdhani Day,127,569
2024-02-24,Sridevi,338,379
2024-02-24,Sridevi Night,788,256
2024-02-24,Time Bazar,169,889
2024-02-25,Madhur Day,350,259
2024-02-25,Sridevi,469,279
2024-02-25,Sridevi Night,246,457
2024-02-26,Kalyan,779,390
2024-02-26,Kalyan Night,289,677
2024-02-26,Madhur Day,247,239
2024-02-26,Madhur Night,147,124
2024-02-26,Main Bazar,249,190
2024-02-26,Milan Day,144,223
2024-02-26,Milan Night,460,155
2024-02-26,Rajdhani Day,289,120
2024-02-26,Rajdhani Night,346,459
2024-02-26,Sridevi,138,459
2024-02-26,Sridevi Night,255,359
2024-02-26,Time Bazar,349,159
2024-02-27,Kalyan,668,378
2024-02-27,Kalyan Night,499,125
2024-02-27,Madhur Day,130,239
2024-02-27,Madhur Night,667,257
2024-02-27,Main Bazar,460,257
2024-02-27,Milan Day,118,477
2024-02-27,Milan Night,569,780
2024-02-27,Rajdhani Day,500,368
2024-02-27,Rajdhani Night,279,590
2024-02-27,Sridevi,590,135
2024-02-27,Sridevi Night,137,115
2024-02-27,Time Bazar,380,668
2024-02-28,Kalyan,348,170
2024-02-28,Kalyan Night,440,340
2024-02-28,Madhur Day,346,479
2024-02-28,Madhur Night,129,236
2024-02-28,Main Bazar,259,288
2024-02-28,Milan Day,145,234
2024-02-28,Milan Night,699,178
2024-02-28,Rajdhani Day,380,568
2024-02-28,Rajdhani Night,490,367
2024-02-28,Sridevi,489,236
2024-02-28,Sridevi Night,260,226
2024-02-28,Time Bazar,347,148
2024-02-29,Kalyan,168,457
2024-02-29,Kalyan Night,268,457
2024-02-29,Madhur Day,127,159
2024-02-29,Madhur Night,350,337
2024-02-29,Main Bazar,550,670
2024-02-29,Milan Day,480,123
2024-02-29,Milan Night,234,455
2024-02-29,Rajdhani Day,588,256
2024-02-29,Rajdhani Night,368,144
2024-02-29,Sridevi,136,167
2024-02-29,Sridevi Night,140,477
2024-02-29,Time Bazar,138,356
2024-03-01,Kalyan,699,340
2024-03-01,Kalyan Night,336,477
2024-03-01,Madhur Day,350,279
2024-03-01,Madhur Night,789,149
2024-03-01,Main Bazar,456,168
2024-03-01,Milan Day,345,368
2024-03-01,Milan Night,129,250
2024-03-01,Rajdhani Day,360,178
2024-03-01,Rajdhani Night,469,137
2024-03-01,Sridevi,456,127
2024-03-01,Sridevi Night,267,279
2024-03-01,Time Bazar,170,149
2024-03-02,Kalyan,450,178
2024-03-02,Madhur Day,550,156
2024-03-02,Madhur Night,480,399
2024-03-02,Milan Day,160,600
2024-03-02,Milan Night,450,570
2024-03-02,Rajdhani Day,570,224
2024-03-02,Sridevi,340,244
2024-03-02,Sridevi Night,478,679
2024-03-02,Time Bazar,145,689
2024-03-03,Madhur Day,367,248
2024-03-03,Sridevi,279,680
2024-03-03,Sridevi Night,290,258
2024-03-04,Kalyan,234,670
2024-03-04,Kalyan Night,770,699
2024-03-04,Madhur Day,139,455
2024-03-04,Madhur Night,556,479
2024-03-04,Main Bazar,355,399
2024-03-04,Milan Day,188,114
2024-03-04,Milan Night,560,368
2024-03-04,Rajdhani Day,300,220
2024-03-04,Rajdhani Night,458,270
2024-03-04,Sridevi,899,148
2024-03-04,Sridevi Night,880,270
2024-03-04,Time Bazar,379,167
2024-03-05,Kalyan,467,358
2024-03-05,Kalyan Night,226,790
2024-03-05,Madhur Day,560,460
2024-03-05,Madhur Night,359,346
2024-03-05,Main Bazar,459,279
2024-03-05,Milan Day,359,779
2024-03-05,Milan Night,449,280
2024-03-05,Rajdhani Day,269,247
2024-03-05,Rajdhani Night,570,247
2024-03-05,Sridevi,278,669
2024-03-05,Sridevi Night,479,668
2024-03-05,Time Bazar,267,144
2024-03-06,Kalyan,120,467
2024-03-06,Kalyan Night,135,358
2024-03-06,Madhur Day,349,156
2024-03-06,Madhur Night,550,225
2024-03-06,Main Bazar,237,280
2024-03-06,Milan Day,188,116
2024-03-06,Milan Night,600,229
2024-03-06,Rajdhani Day,499,689
2024-03-06,Rajdhani Night,800,600
2024-03-06,Sridevi,137,270
2024-03-06,Sridevi Night,334,134
2024-03-06,Time Bazar,179,200
2024-03-07,Kalyan,124,110
2024-03-07,Kalyan Night,670,256
2024-03-07,Madhur Day,690,180
2024-03-07,Madhur Night,467,235
2024-03-07,Main Bazar,290,344
2024-03-07,Milan Day,144,577
2024-03-07,Milan Night,248,890
2024-03-07,Rajdhani Day,246,369
2024-03-07,Rajdhani Night,278,338
2024-03-07,Sridevi,170,478
2024-03-07,Sridevi Night,579,568
2024-03-07,Time Bazar,458,146
2024-03-08,Kalyan,226,689
2024-03-08,Kalyan Night,456,480
2024-03-08,Madhur Day,245,360
2024-03-08,Madhur Night,359,456
2024-03-08,Main Bazar,800,246
2024-03-08,Milan Day,160,137
2024-03-08,Milan Night,568,258
2024-03-08,Rajdhani Day,257,678
2024-03-08,Rajdhani Night,170,556
2024-03-08,Sridevi,459,178
2024-03-08,Sridevi Night,250,289
2024-03-08,Time Bazar,369,370
2024-03-09,Kalyan,479,256
2024-03-09,Madhur Day,667,233
2024-03-09,Madhur Night,689,188
2024-03-09,Milan Day,278,236
2024-03-09,Milan Night,237,699
2024-03-09,Rajdhani Day,369,239
2024-03-09,Sridevi,466,260
2024-03-09,Sridevi Night,128,249
2024-03-09,Time Bazar,779,569
2024-03-10,Madhur Day,349,880
2024-03-10,Sridevi,456,257
2024-03-10,Sridevi Night,157,568
2024-03-11,Kalyan,599,360
2024-03-11,Kalyan Night,467,458
2024-03-11,Madhur Day,369,370
2024-03-11,Madhur Night,366,126
2024-03-11,Main Bazar,588,230
2024-03-11,Milan Day,468,355
2024-03-11,Milan Night,678,166
2024-03-11,Rajdhani Day,133,236
2024-03-11,Rajdhani Night,150,260
2024-03-11,Sridevi,566,299
2024-03-11,Sridevi Night,578,160
2024-03-11,Time Bazar,469,178
2024-03-12,Kalyan,480,458
2024-03-12,Kalyan Night,350,668
2024-03-12,Madhur Day,290,899
2024-03-12,Madhur Night,468,350
2024-03-12,Main Bazar,245,690
2024-03-12,Milan Day,245,114
2024-03-12,Milan Night,180,260
2024-03-12,Rajdhani Day,340,557
2024-03-12,Rajdhani Night,147,690
2024-03-12,Sridevi,780,249
2024-03-12,Sridevi Night,255,189
2024-03-12,Time Bazar,249,280
2024-03-13,Kalyan,580,225
2024-03-13,Kalyan Night,570,128
2024-03-13,Madhur Day,457,234
2024-03-13,Madhur Night,699,168
2024-03-13,Main Bazar,700,669
2024-03-13,Milan Day,500,117
2024-03-13,Milan Night,370,579
2024-03-13,Rajdhani Day,200,189
2024-03-13,Rajdhani Night,567,258
2024-03-13,Sridevi,588,234
2024-03-13,Sridevi Night,127,180
2024-03-13,Time Bazar,170,478
2024-03-14,Kalyan,145,288
2024-03-14,Kalyan Night,178,368
2024-03-14,Madhur Day,355,138
2024-03-14,Madhur Night,189,133
2024-03-14,Main Bazar,135,389
2024-03-14,Milan Day,370,224
2024-03-14,Milan Night,160,350
2024-03-14,Rajdhani Day,149,679
2024-03-14,Rajdhani Night,890,450
2024-03-14,Sridevi,230,168
2024-03-14,Sridevi Night,470,880
2024-03-14,Time Bazar,250,234
2024-03-15,Kalyan,589,189
2024-03-15,Kalyan Night,147,249
2024-03-15,Madhur Day,126,158
2024-03-15,Madhur Night,159,450
2024-03-15,Main Bazar,680,335
2024-03-15,Milan Day,447,400
2024-03-15,Milan Night,159,670
2024-03-15,Rajdhani Day,359,349
2024-03-15,Rajdhani Night,470,179
2024-03-15,Sridevi,379,670
2024-03-15,Sridevi Night,557,770
2024-03-15,Time Bazar,449,344
2024-03-16,Kalyan,289,457
2024-03-16,Madhur Day,447,349
2024-03-16,Madhur Night,570,157
2024-03-16,Milan Day,169,140
2024-03-16,Milan Night,236,180
2024-03-16,Rajdhani Day,800,450
2024-03-16,Sridevi,289,190
2024-03-16,Sridevi Night,669,178
2024-03-16,Time Bazar,124,130
2024-03-17,Madhur Day,112,356
2024-03-17,Sridevi,330,899
2024-03-17,Sridevi Night,589,279
2024-03-18,Kalyan,267,568
2024-03-18,Kalyan Night,890,130
2024-03-18,Madhur Day,470,137
2024-03-18,Madhur Night,600,168
2024-03-18,Main Bazar,144,288
2024-03-18,Milan Day,269,458
2024-03-18,Milan Night,347,248
2024-03-18,Rajdhani Day,289,168
2024-03-18,Rajdhani Night,133,358
2024-03-18,Sridevi,146,349
2024-03-18,Sridevi Night,122,258
2024-03-18,Time Bazar,189,145
2024-03-19,Kalyan,790,370
2024-03-19,Kalyan Night,370,456
2024-03-19,Madhur Day,790,140
2024-03-19,Madhur Night,125,347
2024-03-19,Main Bazar,356,228
2024-03-19,Milan Day,250,447
2024-03-19,Milan Night,578,245
2024-03-19,Rajdhani Day,123,114
2024-03-19,Rajdhani Night,470,490
2024-03-19,Sridevi,350,246
2024-03-19,Sridevi Night,455,459
2024-03-19,Time Bazar,358,146
2024-03-20,Kalyan,237,359
2024-03-20,Kalyan Night,348,577
2024-03-20,Madhur Day,477,127
2024-03-20,Madhur Night,289,149
2024-03-20,Main Bazar,457,599
2024-03-20,Milan Day,236,399
2024-03-20,Milan Night,146,156
2024-03-20,Rajdhani Day,880,128
2024-03-20,Rajdhani Night,247,239
2024-03-20,Sridevi,349,250
2024-03-20,Sridevi Night,344,267
2024-03-20,Time Bazar,149,118
2024-03-21,Kalyan,580,256
2024-03-21,Kalyan Night,788,689
2024-03-21,Madhur Day,678,259
2024-03-21,Madhur Night,357,348
2024-03-21,Main Bazar,269,470
2024-03-21,Milan Day,379,260
2024-03-21,Milan Night,399,240
2024-03-21,Rajdhani Day,260,190
2024-03-21,Rajdhani Night,267,169
2024-03-21,Sridevi,138,135
2024-03-21,Sridevi Night,800,227
2024-03-21,Time Bazar,236,246
2024-03-22,Kalyan,123,790
2024-03-22,Kalyan Night,259,120
2024-03-22,Madhur Day,146,238
2024-03-22,Madhur Night,188,245
2024-03-22,Main Bazar,578,156
2024-03-22,Milan Day,124,280
2024-03-22,Milan Night,238,347
2024-03-22,Rajdhani Day,145,456
2024-03-22,Rajdhani Night,889,579
2024-03-22,Sridevi,260,178
2024-03-22,Sridevi Night,226,117
2024-03-22,Time Bazar,569,124
2024-03-23,Kalyan,446,235
2024-03-23,Madhur Day,890,166
2024-03-23,Madhur Night,890,340
2024-03-23,Milan Day,280,399
2024-03-23,Milan Night,240,349
2024-03-23,Rajdhani Day,116,256
2024-03-23,Sridevi,367,266
2024-03-23,Sridevi Night,677,249
2024-03-23,Time Bazar,258,559
2024-03-24,Madhur Day,249,167
2024-03-24,Sridevi,248,490
2024-03-24,Sridevi Night,457,155
2024-03-26,Kalyan,577,250
2024-03-26,Kalyan Night,356,239
2024-03-26,Madhur Day,360,137
2024-03-26,Madhur Night,156,368
2024-03-26,Main Bazar,470,589
2024-03-26,Milan Day,577,347
2024-03-26,Milan Night,157,340
2024-03-26,Rajdhani Day,590,140
2024-03-26,Rajdhani Night,128,116
2024-03-26,Sridevi,590,125
2024-03-26,Sridevi Night,447,236
2024-03-26,Time Bazar,467,290
2024-03-27,Kalyan,348,249
2024-03-27,Kalyan Night,599,100
2024-03-27,Madhur Day,455,146
2024-03-27,Madhur Night,278,279
2024-03-27,Main Bazar,890,560
2024-03-27,Milan Day,369,120
2024-03-27,Milan Night,378,257
2024-03-27,Rajdhani Day,122,260
2024-03-27,Rajdhani Night,157,470
2024-03-27,Sridevi,259,699
2024-03-27,Sridevi Night,156,223
2024-03-27,Time Bazar,160,257
2024-03-28,Kalyan,256,234
2024-03-28,Kalyan Night,445,246
2024-03-28,Madhur Day,479,580
2024-03-28,Madhur Night,246,260
2024-03-28,Main Bazar,369,770
2024-03-28,Milan Day,479,266
2024-03-28,Milan Night,670,569
2024-03-28,Rajdhani Day,669,166
2024-03-28,Rajdhani Night,170,120
2024-03-28,Sridevi,245,589
2024-03-28,Sridevi Night,160,699
2024-03-28,Time Bazar,148,250
2024-03-29,Kalyan,677,990
2024-03-29,Kalyan Night,679,469
2024-03-29,Madhur Day,299,135
2024-03-29,Madhur Night,556,345
2024-03-29,Main Bazar,460,378
2024-03-29,Milan Day,248,360
2024-03-29,Milan Night,267,250
2024-03-29,Rajdhani Day,236,479
2024-03-29,Rajdhani Night,366,140
2024-03-29,Sridevi,170,459
2024-03-29,Sridevi Night,167,559
2024-03-29,Time Bazar,148,148
2024-03-30,Kalyan,478,560
2024-03-30,Madhur Day,289,670
2024-03-30,Madhur Night,579,235
2024-03-30,Milan Day,458,234
2024-03-30,Milan Night,257,358
2024-03-30,Rajdhani Day,190,890
2024-03-30,Sridevi,160,266
2024-03-30,Sridevi Night,247,379
2024-03-30,Time Bazar,130,360
2024-03-31,Madhur Day,479,179
2024-03-31,Sridevi,579,388
2024-03-31,Sridevi Night,467,125
2024-04-01,Kalyan,900,448
2024-04-01,Kalyan Night,367,770
2024-04-01,Madhur Day,267,190
2024-04-01,Madhur Night,335,590
2024-04-01,Main Bazar,123,377
2024-04-01,Milan Day,489,244
2024-04-01,Milan Night,169,269
2024-04-01,Rajdhani Day,149,245
2024-04-01,Rajdhani Night,347,350
2024-04-01,Sridevi,368,788
2024-04-01,Sridevi Night,370,250
2024-04-01,Time Bazar,480,239
2024-04-02,Kalyan,880,338
2024-04-02,Kalyan Night,445,670
2024-04-02,Madhur Day,124,245
2024-04-02,Madhur Night,467,256
2024-04-02,Main Bazar,889,680
2024-04-02,Milan Day,270,480
2024-04-02,Milan Night,178,228
2024-04-02,Rajdhani Day,689,300
2024-04-02,Rajdhani Night,236,400
2024-04-02,Sridevi,133,147
2024-04-02,Sridevi Night,299,668
2024-04-02,Time Bazar,238,149
2024-04-03,Kalyan,667,359
2024-04-03,Kalyan Night,380,357
2024-04-03,Madhur Day,160,223
2024-04-03,Madhur Night,224,150
2024-04-03,Main Bazar,124,560
2024-04-03,Milan Day,568,335
2024-04-03,Milan Night,689,270
2024-04-03,Rajdhani Day,136,270
2024-04-03,Rajdhani Night,360,489
2024-04-03,Sridevi,255,788
2024-04-03,Sridevi Night,289,557
2024-04-03,Time Bazar,140,670
2024-04-04,Kalyan,455,470
2024-04-04,Kalyan Night,370,120
2024-04-04,Madhur Day,900,446
2024-04-04,Madhur Night,190,279
2024-04-04,Main Bazar,190,256
2024-04-04,Milan Day,190,779
2024-04-04,Milan Night,244,680
2024-04-04,Rajdhani Day,680,146
2024-04-04,Rajdhani Night,223,458
2024-04-04,Sridevi,237,899
2024-04-04,Sridevi Night,400,567
2024-04-04,Time Bazar,155,499
2024-04-05,Kalyan,680,289
2024-04-05,Kalyan Night,789,249
2024-04-05,Madhur Day,990,269
2024-04-05,Madhur Night,240,144
2024-04-05,Main Bazar,147,688
2024-04-05,Milan Day,588,233
2024-04-05,Milan Night,689,138
2024-04-05,Rajdhani Day,136,139
2024-04-05,Rajdhani Night,460,667
2024-04-05,Sridevi,899,247
2024-04-05,Sridevi Night,388,122
2024-04-05,Time Bazar,138,577
2024-04-06,Kalyan,148,123
2024-04-06,Madhur Day,890,467
2024-04-06,Madhur Night,260,247
2024-04-06,Milan Day,123,247
2024-04-06,Milan Night,800,224
2024-04-06,Rajdhani Day,166,288
2024-04-06,Sridevi,160,127
2024-04-06,Sridevi Night,158,670
2024-04-06,Time Bazar,399,250
2024-04-07,Madhur Day,134,235
2024-04-07,Sridevi,260,579
2024-04-07,Sridevi Night,236,570
2024-04-08,Kalyan,347,338
2024-04-08,Kalyan Night,244,470
2024-04-08,Madhur Day,380,238
2024-04-08,Madhur Night,156,170
2024-04-08,Main Bazar,169,489
2024-04-08,Milan Day,246,249
2024-04-08,Milan Night,126,399
2024-04-08,Rajdhani Day,289,568
2024-04-08,Rajdhani Night,680,238
2024-04-08,Sridevi,289,134
2024-04-08,Sridevi Night,334,458
2024-04-08,Time Bazar,155,159
2024-04-09,Kalyan,355,255
2024-04-09,Kalyan Night,280,137
2024-04-09,Madhur Day,249,147
2024-04-09,Madhur Night,788,128
2024-04-09,Main Bazar,144,340
2024-04-09,Milan Day,448,226
2024-04-09,Milan Night,160,567
2024-04-09,Rajdhani Day,460,189
2024-04-09,Rajdhani Night,167,380
2024-04-09,Sridevi,369,146
2024-04-09,Sridevi Night,112,257
2024-04-09,Time Bazar,247,279
2024-04-10,Kalyan,233,558
2024-04-10,Kalyan Night,389,449
2024-04-10,Madhur Day,158,467
2024-04-10,Madhur Night,270,349
2024-04-10,Main Bazar,355,189
2024-04-10,Milan Day,249,268
2024-04-10,Milan Night,230,560
2024-04-10,Rajdhani Day,445,269
2024-04-10,Rajdhani Night,122,239
2024-04-10,Sridevi,150,245
2024-04-10,Sridevi Night,500,349
2024-04-10,Time Bazar,137,559
2024-04-11,Kalyan,170,229
2024-04-11,Kalyan Night,367,348
2024-04-11,Madhur Day,589,111
2024-04-11,Madhur Night,128,257
2024-04-11,Main Bazar,578,489
2024-04-11,Milan Day,148,557
2024-04-11,Milan Night,280,347
2024-04-11,Rajdhani Day,349,369
2024-04-11,Rajdhani Night,136,345
2024-04-11,Sridevi,790,458
2024-04-11,Sridevi Night,990,668
2024-04-11,Time Bazar,390,467
2024-04-12,Kalyan,600,347
2024-04-12,Kalyan Night,560,268
2024-04-12,Madhur Day,256,345
2024-04-12,Madhur Night,234,280
2024-04-12,Main Bazar,250,289
2024-04-12,Milan Day,138,579
2024-04-12,Milan Night,578,358
2024-04-12,Rajdhani Day,170,669
2024-04-12,Rajdhani Night,268,670
2024-04-12,Sridevi,569,370
2024-04-12,Sridevi Night,289,479
2024-04-12,Time Bazar,270,230
2024-04-13,Kalyan,367,223
2024-04-13,Madhur Day,349,990
2024-04-13,Madhur Night,690,346
2024-04-13,Milan Day,138,259
2024-04-13,Milan Night,139,168
2024-04-13,Rajdhani Day,146,227
2024-04-13,Sridevi,168,570
2024-04-13,Sridevi Night,260,290
2024-04-13,Time Bazar,359,127
2024-04-14,Madhur Day,790,248
2024-04-14,Sridevi,249,790
2024-04-14,Sridevi Night,689,113
2024-04-15,Kalyan,112,790
2024-04-15,Kalyan Night,679,568
2024-04-15,Madhur Day,289,167
2024-04-15,Madhur Night,237,145
2024-04-15,Main Bazar,790,670
2024-04-15,Milan Day,269,668
2024-04-15,Milan Night,455,137
2024-04-15,Rajdhani Day,240,689
2024-04-15,Rajdhani Night,236,240
2024-04-15,Sridevi,357,156
2024-04-15,Sridevi Night,180,467
2024-04-15,Time Bazar,347,127
2024-04-16,Kalyan,270,160
2024-04-16,Kalyan Night,560,457
2024-04-16,Madhur Day,245,199
2024-04-16,Madhur Night,148,478
2024-04-16,Main Bazar,559,136
2024-04-16,Milan Day,340,570
2024-04-16,Milan Night,479,238
2024-04-16,Rajdhani Day,300,179
2024-04-16,Rajdhani Night,338,280
2024-04-16,Sridevi,569,248
2024-04-16,Sridevi Night,499,245
2024-04-16,Time Bazar,458,124
2024-04-17,Kalyan,357,679
2024-04-17,Kalyan Night,469,457
2024-04-17,Madhur Day,588,145
2024-04-17,Main Bazar,116,249
2024-04-17,Milan Day,778,177
2024-04-17,Milan Night,467,490
2024-04-17,Rajdhani Day,279,589
2024-04-17,Rajdhani Night,247,480
2024-04-17,Sridevi,178,670
2024-04-17,Sridevi Night,135,266
2024-04-17,Time Bazar,234,169
2024-04-18,Kalyan,990,137
2024-04-18,Kalyan Night,340,579
2024-04-18,Madhur Day,228,346
2024-04-18,Madhur Night,188,578
2024-04-18,Main Bazar,240,590
2024-04-18,Milan Day,125,350
2024-04-18,Milan Night,670,478
2024-04-18,Rajdhani Day,127,457
2024-04-18,Rajdhani Night,170,145
2024-04-18,Sridevi,468,250
2024-04-18,Sridevi Night,236,257
2024-04-18,Time Bazar,110,158
2024-04-19,Kalyan,370,345
2024-04-19,Kalyan Night,250,258
2024-04-19,Madhur Day,180,499
2024-04-19,Madhur Night,140,168
2024-04-19,Main Bazar,799,189
2024-04-19,Milan Day,567,178
2024-04-19,Milan Night,779,360
2024-04-19,Rajdhani Day,380,690
2024-04-19,Rajdhani Night,344,238
2024-04-19,Sridevi,130,237
2024-04-19,Sridevi Night,139,358
2024-04-19,Time Bazar,278,179
2024-04-20,Kalyan,235,680
2024-04-20,Madhur Day,800,600
2024-04-20,Madhur Night,114,124
2024-04-20,Milan Day,370,167
2024-04-20,Milan Night,669,578
2024-04-20,Rajdhani Day,155,169
2024-04-20,Sridevi,124,268
2024-04-20,Sridevi Night,158,560
2024-04-20,Time Bazar,456,357
2024-04-21,Madhur Day,120,135
2024-04-21,Sridevi,233,270
2024-04-21,Sridevi Night,567,490
2024-04-22,Kalyan,569,256
2024-04-22,Kalyan Night,150,680
2024-04-22,Madhur Day,299,679
2024-04-22,Madhur Night,130,159
2024-04-22,Main Bazar,267,456
2024-04-22,Milan Day,246,179
2024-04-22,Milan Night,126,569
2024-04-22,Rajdhani Day,467,113
2024-04-22,Rajdhani Night,480,459
2024-04-22,Sridevi,668,127
2024-04-22,Sridevi Night,138,149
2024-04-22,Time Bazar,250,280
2024-04-23,Kalyan,248,577
2024-04-23,Kalyan Night,137,499
2024-04-23,Madhur Day,138,249
2024-04-23,Madhur Night,590,789
2024-04-23,Main Bazar,347,257
2024-04-23,Milan Day,235,700
2024-04-23,Milan Night,179,560
2024-04-23,Rajdhani Day,449,570
2024-04-23,Rajdhani Night,290,189
2024-04-23,Sridevi,370,134
2024-04-23,Sridevi Night,566,445
2024-04-23,Time Bazar,779,334
2024-04-24,Kalyan,257,147
2024-04-24,Kalyan Night,167,336
2024-04-24,Madhur Day,349,800
2024-04-24,Madhur Night,489,255
2024-04-24,Main Bazar,489,470
2024-04-24,Milan Day,358,358
2024-04-24,Milan Night,178,478
2024-04-24,Rajdhani Day,357,490
2024-04-24,Rajdhani Night,390,450
2024-04-24,Sridevi,556,589
2024-04-24,Sridevi Night,269,233
2024-04-24,Time Bazar,246,279
2024-04-25,Kalyan,160,468
2024-04-25,Kalyan Night,457,349
2024-04-25,Madhur Day,489,367
2024-04-25,Madhur Night,249,147
2024-04-25,Main Bazar,233,160
2024-04-25,Milan Day,226,240
2024-04-25,Milan Night,148,669
2024-04-25,Rajdhani Day,125,680
2024-04-25,Rajdhani Night,446,279
2024-04-25,Sridevi,358,389
2024-04-25,Sridevi Night,369,240
2024-04-25,Time Bazar,489,200
2024-04-26,Kalyan,358,890
2024-04-26,Kalyan Night,169,290
2024-04-26,Madhur Day,479,677
2024-04-26,Madhur Night,557,238
2024-04-26,Main Bazar,344,257
2024-04-26,Milan Day,445,119
2024-04-26,Milan Night,240,168
2024-04-26,Rajdhani Day,226,230
2024-04-26,Rajdhani Night,334,267
2024-04-26,Sridevi,600,567
2024-04-26,Sridevi Night,168,159
2024-04-26,Time Bazar,399,337
2024-04-27,Kalyan,569,390
2024-04-27,Madhur Day,237,356
2024-04-27,Madhur Night,380,456
2024-04-27,Milan Day,260,235
2024-04-27,Milan Night,146,148
2024-04-27,Rajdhani Day,229,670
2024-04-27,Sridevi,469,116
2024-04-27,Sridevi Night,137,239
2024-04-27,Time Bazar,448,126
2024-04-28,Madhur Day,359,347
2024-04-28,Sridevi,389,270
2024-04-28,Sridevi Night,169,127
2024-04-29,Kalyan,779,580
2024-04-29,Kalyan Night,560,268
2024-04-29,Madhur Day,577,770
2024-04-29,Madhur Night,778,240
2024-04-29,Main Bazar,245,236
2024-04-29,Milan Day,346,139
2024-04-29,Milan Night,278,459
2024-04-29,Rajdhani Day,267,457
2024-04-29,Rajdhani Night,246,245
2024-04-29,Sridevi,456,144
2024-04-29,Sridevi Night,140,258
2024-04-29,Time Bazar,157,677
2024-04-30,Kalyan,568,138
2024-04-30,Kalyan Night,259,688
2024-04-30,Madhur Day,266,249
2024-04-30,Madhur Night,880,389
2024-04-30,Main Bazar,358,178
2024-04-30,Milan Day,189,126
2024-04-30,Milan Night,155,379
2024-04-30,Rajdhani Day,136,679
2024-04-30,Rajdhani Night,248,360
2024-04-30,Sridevi,339,449
2024-04-30,Sridevi Night,156,489
2024-04-30,Time Bazar,189,140
2024-05-01,Kalyan,230,189
2024-05-01,Kalyan Night,147,240
2024-05-01,Madhur Day,139,800
2024-05-01,Madhur Night,470,578
2024-05-01,Main Bazar,356,569
2024-05-01,Milan Day,469,357
2024-05-01,Milan Night,256,900
2024-05-01,Rajdhani Day,116,170
2024-05-01,Rajdhani Night,560,446
2024-05-01,Sridevi,158,477
2024-05-01,Sridevi Night,679,190
2024-05-01,Time Bazar,125,568
2024-05-02,Kalyan,349,136
2024-05-02,Kalyan Night,490,138
2024-05-02,Madhur Day,112,138
2024-05-02,Madhur Night,360,400
2024-05-02,Main Bazar,347,130
2024-05-02,Milan Day,369,379
2024-05-02,Milan Night,336,180
2024-05-02,Rajdhani Day,357,126
2024-05-02,Rajdhani Night,140,466
2024-05-02,Sridevi,167,558
2024-05-02,Sridevi Night,125,159
2024-05-02,Time Bazar,245,480
2024-05-03,Kalyan,145,468
2024-05-03,Kalyan Night,339,479
2024-05-03,Madhur Day,567,458
2024-05-03,Madhur Night,560,228
2024-05-03,Main Bazar,167,488
2024-05-03,Milan Day,177,169
2024-05-03,Milan Night,235,129
2024-05-03,Rajdhani Day,660,138
2024-05-03,Rajdhani Night,168,156
2024-05-03,Sridevi,678,224
2024-05-03,Sridevi Night,490,690
2024-05-03,Time Bazar,268,347
2024-05-04,Kalyan,390,257
2024-05-04,Madhur Day,579,379
2024-05-04,Madhur Night,589,128
2024-05-04,Milan Day,268,178
2024-05-04,Milan Night,280,450
2024-05-04,Rajdhani Day,336,347
2024-05-04,Sridevi,479,689
2024-05-04,Sridevi Night,579,130
2024-05-04,Time Bazar,169,670
2024-05-05,Madhur Day,339,290
2024-05-05,Sridevi,559,110
2024-05-05,Sridevi Night,128,238
2024-05-06,Kalyan,147,250
2024-05-06,Kalyan Night,590,559
2024-05-06,Madhur Day,269,399
2024-05-06,Madhur Night,267,247
2024-05-06,Main Bazar,349,269
2024-05-06,Milan Day,600,158
2024-05-06,Milan Night,468,129
2024-05-06,Rajdhani Day,128,138
2024-05-06,Rajdhani Night,370,230
2024-05-06,Sridevi,169,780
2024-05-06,Sridevi Night,457,446
2024-05-06,Time Bazar,689,244
2024-05-07,Kalyan,589,335
2024-05-07,Kalyan Night,138,570
2024-05-07,Madhur Day,688,560
2024-05-07,Madhur Night,700,147
2024-05-07,Main Bazar,688,280
2024-05-07,Milan Day,179,135
2024-05-07,Milan Night,400,244
2024-05-07,Rajdhani Day,389,140
2024-05-07,Rajdhani Night,149,178
2024-05-07,Sridevi,220,660
2024-05-07,Sridevi Night,230,269
2024-05-07,Time Bazar,135,290
2024-05-08,Kalyan,116,670
2024-05-08,Kalyan Night,149,240
2024-05-08,Madhur Day,118,459
2024-05-08,Madhur Night,568,490
2024-05-08,Main Bazar,670,200
2024-05-08,Milan Day,357,347
2024-05-08,Milan Night,137,449
2024-05-08,Rajdhani Day,470,239
2024-05-08,Rajdhani Night,577,349
2024-05-08,Sridevi,239,600
2024-05-08,Sridevi Night,679,580
2024-05-08,Time Bazar,255,357
2024-05-09,Kalyan,359,180
2024-05-09,Kalyan Night,680,237
2024-05-09,Madhur Day,450,269
2024-05-09,Madhur Night,449,447
2024-05-09,Main Bazar,189,268
2024-05-09,Milan Day,688,199
2024-05-09,Milan Night,239,247
2024-05-09,Rajdhani Day,448,146
2024-05-09,Rajdhani Night,245,134
2024-05-09,Sridevi,366,458
2024-05-09,Sridevi Night,258,678
2024-05-09,Time Bazar,380,356
2024-05-10,Kalyan,668,489
2024-05-10,Kalyan Night,159,140
2024-05-10,Madhur Day,356,899
2024-05-10,Madhur Night,469,244
2024-05-10,Main Bazar,358,359
2024-05-10,Milan Day,900,112
2024-05-10,Milan Night,279,478
2024-05-10,Rajdhani Day,125,299
2024-05-10,Rajdhani Night,169,266
2024-05-10,Sridevi,489,377
2024-05-10,Sridevi Night,138,345
2024-05-10,Time Bazar,133,200
2024-05-11,Kalyan,158,789
2024-05-11,Madhur Day,112,239
2024-05-11,Madhur Night,378,236
2024-05-11,Milan Day,124,269
2024-05-11,Milan Night,478,137
2024-05-11,Rajdhani Day,189,578
2024-05-11,Sridevi,357,166
2024-05-11,Sridevi Night,128,467
2024-05-11,Time Bazar,389,347
2024-05-12,Madhur Day,578,567
2024-05-12,Sridevi,360,159
2024-05-12,Sridevi Night,990,257
2024-05-13,Kalyan,234,369
2024-05-13,Kalyan Night,349,130
2024-05-13,Madhur Day,377,570
2024-05-13,Madhur Night,468,137
2024-05-13,Main Bazar,136,148
2024-05-13,Milan Day,279,138
2024-05-13,Milan Night,445,140
2024-05-13,Rajdhani Day,579,379
2024-05-13,Rajdhani Night,130,570
2024-05-13,Sridevi,880,112
2024-05-13,Sridevi Night,259,489
2024-05-13,Time Bazar,469,339
2024-05-14,Kalyan,149,569
2024-05-14,Kalyan Night,668,566
2024-05-14,Madhur Day,356,124
2024-05-14,Madhur Night,700,223
2024-05-14,Main Bazar,117,260
2024-05-14,Milan Day,147,234
2024-05-14,Milan Night,167,346
2024-05-14,Rajdhani Day,330,348
2024-05-14,Rajdhani Night,177,127
2024-05-14,Sridevi,570,577
2024-05-14,Sridevi Night,290,259
2024-05-14,Time Bazar,790,590
2024-05-15,Kalyan,347,249
2024-05-15,Kalyan Night,569,159
2024-05-15,Madhur Day,226,568
2024-05-15,Madhur Night,660,234
2024-05-15,Main Bazar,125,127
2024-05-15,Milan Day,167,379
2024-05-15,Milan Night,167,880
2024-05-15,Rajdhani Day,149,334
2024-05-15,Rajdhani Night,125,190
2024-05-15,Sridevi,478,267
2024-05-15,Sridevi Night,440,569
2024-05-15,Time Bazar,279,133
2024-05-16,Kalyan,568,457
2024-05-16,Kalyan Night,688,789
2024-05-16,Madhur Day,558,240
2024-05-16,Madhur Night,246,570
2024-05-16,Main Bazar,345,127
2024-05-16,Milan Day,457,140
2024-05-16,Milan Night,590,589
2024-05-16,Rajdhani Day,489,167
2024-05-16,Rajdhani Night,389,558
2024-05-16,Sridevi,557,578
2024-05-16,Sridevi Night,239,158
2024-05-16,Time Bazar,137,890
2024-05-17,Kalyan,267,779
2024-05-17,Kalyan Night,345,479
2024-05-17,Madhur Day,178,700
2024-05-17,Madhur Night,489,579
2024-05-17,Main Bazar,138,469
2024-05-17,Milan Day,334,170
2024-05-17,Milan Night,350,158
2024-05-17,Rajdhani Day,790,269
2024-05-17,Rajdhani Night,147,280
2024-05-17,Sridevi,346,467
2024-05-17,Sridevi Night,479,890
2024-05-17,Time Bazar,359,124
2024-05-18,Kalyan,238,190
2024-05-18,Madhur Day,790,500
2024-05-18,Madhur Night,117,257
2024-05-18,Milan Day,599,115
2024-05-18,Milan Night,149,557
2024-05-18,Rajdhani Day,477,389
2024-05-18,Sridevi,470,135
2024-05-18,Sridevi Night,127,678
2024-05-18,Time Bazar,489,467
2024-05-19,Madhur Day,389,188
2024-05-19,Sridevi,179,567
2024-05-19,Sridevi Night,270,346
2024-05-20,Kalyan,156,150
2024-05-20,Kalyan Night,160,159
2024-05-20,Madhur Day,600,348
2024-05-20,Madhur Night,133,579
2024-05-20,Main Bazar,159,789
2024-05-20,Milan Day,114,690
2024-05-20,Milan Night,590,127
2024-05-20,Rajdhani Day,128,178
2024-05-20,Rajdhani Night,789,136
2024-05-20,Sridevi,190,159
2024-05-20,Sridevi Night,450,233
2024-05-20,Time Bazar,360,289
2024-05-21,Kalyan,349,114
2024-05-21,Kalyan Night,357,227
2024-05-21,Madhur Day,188,117
2024-05-21,Madhur Night,235,490
2024-05-21,Main Bazar,189,236
2024-05-21,Milan Day,160,340
2024-05-21,Milan Night,246,690
2024-05-21,Rajdhani Day,189,238
2024-05-21,Rajdhani Night,499,489
2024-05-21,Sridevi,457,125
2024-05-21,Sridevi Night,340,377
2024-05-21,Time Bazar,500,135
2024-05-22,Kalyan,133,118
2024-05-22,Kalyan Night,117,799
2024-05-22,Madhur Day,380,778
2024-05-22,Madhur Night,168,460
2024-05-22,Main Bazar,145,680
2024-05-22,Milan Day,135,789
2024-05-22,Milan Night,350,349
2024-05-22,Rajdhani Day,115,579
2024-05-22,Rajdhani Night,480,140
2024-05-22,Sridevi,245,580
2024-05-22,Sridevi Night,458,480
2024-05-22,Time Bazar,150,369
2024-05-23,Kalyan,136,589
2024-05-23,Kalyan Night,223,359
2024-05-23,Madhur Day,156,678
2024-05-23,Madhur Night,267,268
2024-05-23,Main Bazar,270,368
2024-05-23,Milan Day,257,670
2024-05-23,Milan Night,249,160
2024-05-23,Rajdhani Day,340,590
2024-05-23,Rajdhani Night,679,278
2024-05-23,Sridevi,267,256
2024-05-23,Sridevi Night,347,344
2024-05-23,Time Bazar,558,347
2024-05-24,Kalyan,399,240
2024-05-24,Kalyan Night,150,677
2024-05-24,Madhur Day,677,169
2024-05-24,Madhur Night,139,128
2024-05-24,Main Bazar,347,330
2024-05-24,Milan Day,689,267
2024-05-24,Milan Night,789,139
2024-05-24,Rajdhani Day,468,220
2024-05-24,Rajdhani Night,466,247
2024-05-24,Sridevi,370,230
2024-05-24,Sridevi Night,667,145
2024-05-24,Time Bazar,445,146
2024-05-25,Kalyan,347,147
2024-05-25,Madhur Day,133,359
2024-05-25,Madhur Night,335,990
2024-05-25,Milan Day,238,170
2024-05-25,Milan Night,249,250
2024-05-25,Rajdhani Day,110,156
2024-05-25,Sridevi,236,599
2024-05-25,Sridevi Night,244,223
2024-05-25,Time Bazar,380,699
2024-05-26,Madhur Day,799,146
2024-05-26,Sridevi,890,156
2024-05-26,Sridevi Night,257,269
2024-05-27,Kalyan,370,578
2024-05-27,Kalyan Night,188,146
2024-05-27,Madhur Day,290,128
2024-05-27,Madhur Night,899,779
2024-05-27,Main Bazar,490,559
2024-05-27,Milan Day,339,270
2024-05-27,Milan Night,380,478
2024-05-27,Rajdhani Day,236,230
2024-05-27,Rajdhani Night,235,125
2024-05-27,Sridevi,147,346
2024-05-27,Sridevi Night,800,117
2024-05-27,Time Bazar,599,677
2024-05-28,Kalyan,259,120
2024-05-28,Kalyan Night,490,490
2024-05-28,Madhur Day,148,489
2024-05-28,Madhur Night,235,390
2024-05-28,Main Bazar,346,240
2024-05-28,Milan Day,479,246
2024-05-28,Milan Night,170,379
2024-05-28,Rajdhani Day,790,670
2024-05-28,Rajdhani Night,267,579
2024-05-28,Sridevi,778,159
2024-05-28,Sridevi Night,446,236
2024-05-28,Time Bazar,670,456
2024-05-29,Kalyan,126,130
2024-05-29,Kalyan Night,136,124
2024-05-29,Madhur Day,125,147
2024-05-29,Madhur Night,289,560
2024-05-29,Main Bazar,447,233
2024-05-29,Milan Day,990,259
2024-05-29,Milan Night,157,230
2024-05-29,Rajdhani Day,559,340
2024-05-29,Rajdhani Night,134,278
2024-05-29,Sridevi,140,180
2024-05-29,Sridevi Night,136,237
2024-05-29,Time Bazar,118,147
2024-05-30,Kalyan,455,338
2024-05-30,Kalyan Night,249,126
2024-05-30,Madhur Day,468,156
2024-05-30,Madhur Night,690,170
2024-05-30,Main Bazar,139,156
2024-05-30,Milan Day,380,178
2024-05-30,Milan Night,148,679
2024-05-30,Rajdhani Day,580,247
2024-05-30,Rajdhani Night,122,467
2024-05-30,Sridevi,669,448
2024-05-30,Sridevi Night,257,249
2024-05-30,Time Bazar,499,255
2024-05-31,Kalyan,400,178
2024-05-31,Kalyan Night,330,170
2024-05-31,Madhur Day,357,344
2024-05-31,Madhur Night,157,668
2024-05-31,Main Bazar,359,789
2024-05-31,Milan Day,344,136
2024-05-31,Milan Night,269,268
2024-05-31,Rajdhani Day,180,177
2024-05-31,Rajdhani Night,459,227
2024-05-31,Sridevi,588,127
2024-05-31,Sridevi Night,369,459
2024-05-31,Time Bazar,169,460
2024-06-01,Kalyan,157,680
2024-06-01,Madhur Day,356,367
2024-06-01,Madhur Night,278,449
2024-06-01,Milan Day,577,440
2024-06-01,Milan Night,230,568
2024-06-01,Rajdhani Day,122,347
2024-06-01,Sridevi,336,279
2024-06-01,Sridevi Night,166,690
2024-06-01,Time Bazar,179,139
2024-06-02,Madhur Day,125,690
2024-06-02,Sridevi,179,259
2024-06-02,Sridevi Night,789,668
2024-06-03,Kalyan,688,890
2024-06-03,Kalyan Night,157,569
2024-06-03,Madhur Day,260,269
2024-06-03,Madhur Night,157,169
2024-06-03,Main Bazar,335,234
2024-06-03,Milan Day,127,146
2024-06-03,Milan Night,567,267
2024-06-03,Rajdhani Day,490,560
2024-06-03,Rajdhani Night,179,138
2024-06-03,Sridevi,246,450
2024-06-03,Sridevi Night,266,113
2024-06-03,Time Bazar,146,189
2024-06-04,Kalyan,178,599
2024-06-04,Kalyan Night,780,144
2024-06-04,Madhur Day,350,570
2024-06-04,Main Bazar,466,458
2024-06-04,Milan Day,240,147
2024-06-04,Milan Night,358,148
2024-06-04,Rajdhani Day,579,440
2024-06-04,Rajdhani Night,390,370
2024-06-04,Sridevi,678,367
2024-06-04,Sridevi Night,150,138
2024-06-04,Time Bazar,370,299
2024-06-05,Kalyan,799,127
2024-06-05,Kalyan Night,788,338
2024-06-05,Madhur Day,678,390
2024-06-05,Madhur Night,240,120
2024-06-05,Main Bazar,277,224
2024-06-05,Milan Day,349,333
2024-06-05,Milan Night,680,788
2024-06-05,Rajdhani Day,570,480
2024-06-05,Rajdhani Night,780,670
2024-06-05,Sridevi,359,256
2024-06-05,Sridevi Night,259,389
2024-06-05,Time Bazar,389,250
2024-06-06,Kalyan,113,599
2024-06-06,Kalyan Night,349,569
2024-06-06,Madhur Day,490,480
2024-06-06,Madhur Night,190,145
2024-06-06,Main Bazar,238,200
2024-06-06,Milan Day,345,267
2024-06-06,Milan Night,148,280
2024-06-06,Rajdhani Day,246,260
2024-06-06,Rajdhani Night,455,137
2024-06-06,Sridevi,678,258
2024-06-06,Sridevi Night,580,267
2024-06-06,Time Bazar,367,579
2024-06-07,Kalyan,269,390
2024-06-07,Kalyan Night,370,679
2024-06-07,Madhur Day,360,236
2024-06-07,Madhur Night,589,267
2024-06-07,Main Bazar,330,348
2024-06-07,Milan Day,588,480
2024-06-07,Milan Night,137,889
2024-06-07,Rajdhani Day,279,223
2024-06-07,Rajdhani Night,168,267
2024-06-07,Sridevi,690,290
2024-06-07,Sridevi Night,358,660
2024-06-07,Time Bazar,359,269
2024-06-08,Kalyan,277,390
2024-06-08,Madhur Day,239,679
2024-06-08,Madhur Night,599,119
2024-06-08,Milan Day,234,257
2024-06-08,Milan Night,557,360
2024-06-08,Rajdhani Day,700,150
2024-06-08,Sridevi,579,234
2024-06-08,Sridevi Night,578,479
2024-06-08,Time Bazar,449,330
2024-06-09,Madhur Day,470,257
2024-06-09,Sridevi,670,345
2024-06-09,Sridevi Night,269,688
2024-06-10,Kalyan,688,379
2024-06-10,Kalyan Night,449,125
2024-06-10,Madhur Day,256,258
2024-06-10,Madhur Night,670,350
2024-06-10,Main Bazar,257,178
2024-06-10,Milan Day,468,880
2024-06-10,Milan Night,349,340
2024-06-10,Rajdhani Day,490,235
2024-06-10,Rajdhani Night,680,579
2024-06-10,Sridevi,589,789
2024-06-10,Sridevi Night,379,350
2024-06-10,Time Bazar,146,356
2024-06-11,Kalyan,223,690
2024-06-11,Kalyan Night,150,269
2024-06-11,Madhur Day,779,789
2024-06-11,Madhur Night,380,338
2024-06-11,Main Bazar,246,230
2024-06-11,Milan Day,167,158
2024-06-11,Milan Night,360,690
2024-06-11,Rajdhani Day,680,260
2024-06-11,Rajdhani Night,230,477
2024-06-11,Sridevi,190,335
2024-06-11,Sridevi Night,468,390
2024-06-11,Time Bazar,990,180
2024-06-12,Kalyan,144,389
2024-06-12,Kalyan Night,250,460
2024-06-12,Madhur Day,117,234
2024-06-12,Madhur Night,445,880
2024-06-12,Main Bazar,469,579
2024-06-12,Milan Day,146,258
2024-06-12,Milan Night,236,230
2024-06-12,Rajdhani Day,447,669
2024-06-12,Rajdhani Night,234,269
2024-06-12,Sridevi,145,138
2024-06-12,Sridevi Night,667,200
2024-06-12,Time Bazar,278,377
2024-06-13,Kalyan,116,228
2024-06-13,Kalyan Night,259,488
2024-06-13,Madhur Day,449,148
2024-06-13,Madhur Night,290,390
2024-06-13,Main Bazar,230,335
2024-06-13,Milan Day,670,667
2024-06-13,Milan Night,278,138
2024-06-13,Rajdhani Day,459,110
2024-06-13,Rajdhani Night,277,169
2024-06-13,Sridevi,589,469
2024-06-13,Sridevi Night,180,600
2024-06-13,Time Bazar,255,578
2024-06-14,Kalyan,359,677
2024-06-14,Kalyan Night,589,445
2024-06-14,Madhur Day,679,227
2024-06-14,Madhur Night,156,134
2024-06-14,Main Bazar,129,138
2024-06-14,Milan Day,178,370
2024-06-14,Milan Night,369,135
2024-06-14,Rajdhani Day,489,267
2024-06-14,Rajdhani Night,257,359
2024-06-14,Sridevi,789,170
2024-06-14,Sridevi Night,290,120
2024-06-14,Time Bazar,147,880
2024-06-15,Kalyan,556,249
2024-06-15,Madhur Day,346,336
2024-06-15,Madhur Night,469,800
2024-06-15,Milan Day,340,558
2024-06-15,Milan Night,680,189
2024-06-15,Rajdhani Day,669,169
2024-06-15,Sridevi,260,770
2024-06-15,Sridevi Night,128,157
2024-06-15,Time Bazar,135,146
2024-06-16,Madhur Day,160,560
2024-06-16,Sridevi,130,566
2024-06-16,Sridevi Night,178,699
2024-06-17,Kalyan,669,249
2024-06-17,Kalyan Night,668,115
2024-06-17,Madhur Day,146,478
2024-06-17,Madhur Night,145,260
2024-06-17,Main Bazar,445,159
2024-06-17,Milan Day,334,235
2024-06-17,Milan Night,370,236
2024-06-17,Rajdhani Day,179,470
2024-06-17,Rajdhani Night,270,289
2024-06-17,Sridevi,267,560
2024-06-17,Sridevi Night,359,179
2024-06-17,Time Bazar,124,236
2024-06-18,Kalyan,480,140
2024-06-18,Kalyan Night,278,268
2024-06-18,Madhur Day,118,579
2024-06-18,Madhur Night,488,179
2024-06-18,Main Bazar,146,247
2024-06-18,Milan Day,290,158
2024-06-18,Milan Night,668,190
2024-06-18,Rajdhani Day,250,180
2024-06-18,Rajdhani Night,134,348
2024-06-18,Sridevi,235,134
2024-06-18,Sridevi Night,248,158
2024-06-18,Time Bazar,589,110
2024-06-19,Kalyan,359,780
2024-06-19,Kalyan Night,229,448
2024-06-19,Madhur Day,550,147
2024-06-19,Madhur Night,369,237
2024-06-19,Main Bazar,236,560
2024-06-19,Milan Day,490,147
2024-06-19,Milan Night,390,200
2024-06-19,Rajdhani Day,690,140
2024-06-19,Rajdhani Night,479,227
2024-06-19,Sridevi,256,138
2024-06-19,Sridevi Night,568,257
2024-06-19,Time Bazar,458,346
2024-06-20,Kalyan,237,600
2024-06-20,Kalyan Night,358,470
2024-06-20,Madhur Day,340,268
2024-06-20,Madhur Night,110,167
2024-06-20,Main Bazar,380,369
2024-06-20,Milan Day,149,467
2024-06-20,Milan Night,170,567
2024-06-20,Rajdhani Day,260,489
2024-06-20,Rajdhani Night,370,279
2024-06-20,Sridevi,190,678
2024-06-20,Sridevi Night,260,357
2024-06-20,Time Bazar,270,460
2024-06-21,Kalyan,247,146
2024-06-21,Kalyan Night,169,440
2024-06-21,Madhur Day,136,680
2024-06-21,Madhur Night,240,236
2024-06-21,Main Bazar,367,690
2024-06-21,Milan Day,128,235
2024-06-21,Milan Night,137,120
2024-06-21,Rajdhani Day,224,157
2024-06-21,Rajdhani Night,490,469
2024-06-21,Sridevi,266,168
2024-06-21,Sridevi Night,280,470
2024-06-21,Time Bazar,148,125
2024-06-22,Kalyan,234,170
2024-06-22,Madhur Day,790,127
2024-06-22,Madhur Night,249,469
2024-06-22,Milan Day,445,128
2024-06-22,Milan Night,266,778
2024-06-22,Rajdhani Day,800,167
2024-06-22,Sridevi,239,246
2024-06-22,Sridevi Night,240,480
2024-06-22,Time Bazar,340,148
2024-06-23,Madhur Day,446,260
2024-06-23,Sridevi,257,348
2024-06-23,Sridevi Night,134,179
2024-06-24,Kalyan,789,168
2024-06-24,Kalyan Night,567,470
2024-06-24,Madhur Day,478,569
2024-06-24,Madhur Night,279,567
2024-06-24,Main Bazar,590,369
2024-06-24,Milan Day,112,145
2024-06-24,Milan Night,569,578
2024-06-24,Rajdhani Day,580,256
2024-06-24,Rajdhani Night,688,249
2024-06-24,Sridevi,128,147
2024-06-24,Sridevi Night,299,689
2024-06-24,Time Bazar,169,450
2024-06-25,Kalyan,660,268
2024-06-25,Kalyan Night,116,130
2024-06-25,Madhur Day,250,334
2024-06-25,Madhur Night,113,660
2024-06-25,Main Bazar,270,445
2024-06-25,Milan Day,880,123
2024-06-25,Milan Night,170,790
2024-06-25,Rajdhani Day,158,448
2024-06-25,Rajdhani Night,900,580
2024-06-25,Sridevi,137,224
2024-06-25,Sridevi Night,145,157
2024-06-25,Time Bazar,470,244
2024-06-26,Kalyan,349,149
2024-06-26,Kalyan Night,459,239
2024-06-26,Madhur Day,457,234
2024-06-26,Madhur Night,700,258
2024-06-26,Main Bazar,780,589
2024-06-26,Milan Day,337,167
2024-06-26,Milan Night,779,588
2024-06-26,Rajdhani Day,123,590
2024-06-26,Rajdhani Night,366,250
2024-06-26,Sridevi,147,350
2024-06-26,Sridevi Night,158,789
2024-06-26,Time Bazar,250,369
2024-06-27,Kalyan,130,115
2024-06-27,Kalyan Night,360,137
2024-06-27,Madhur Day,118,558
2024-06-27,Madhur Night,127,368
2024-06-27,Main Bazar,144,458
2024-06-27,Milan Day,236,880
2024-06-27,Milan Night,337,346
2024-06-27,Rajdhani Day,240,247
2024-06-27,Rajdhani Night,579,300
2024-06-27,Sridevi,345,139
2024-06-27,Sridevi Night,679,239
2024-06-27,Time Bazar,356,140
2024-06-28,Kalyan,880,457
2024-06-28,Kalyan Night,137,170
2024-06-28,Madhur Day,125,688
2024-06-28,Madhur Night,237,125
2024-06-28,Main Bazar,144,700
2024-06-28,Milan Day,260,260
2024-06-28,Milan Night,126,113
2024-06-28,Rajdhani Day,668,990
2024-06-28,Rajdhani Night,480,670
2024-06-28,Sridevi,368,490
2024-06-28,Sridevi Night,358,135
2024-06-28,Time Bazar,257,126
2024-06-29,Kalyan,560,690
2024-06-29,Madhur Day,134,119
2024-06-29,Madhur Night,230,260
2024-06-29,Milan Day,257,180
2024-06-29,Milan Night,778,689
2024-06-29,Rajdhani Day,480,270
2024-06-29,Sridevi,250,178
2024-06-29,Sridevi Night,259,130
2024-06-29,Time Bazar,247,777
2024-06-30,Madhur Day,268,480
2024-06-30,Sridevi,279,356
2024-06-30,Sridevi Night,238,270
2024-07-01,Kalyan,467,458
2024-07-01,Kalyan Night,368,248
2024-07-01,Madhur Day,688,566
2024-07-01,Madhur Night,356,580
2024-07-01,Main Bazar,148,200
2024-07-01,Milan Day,115,399
2024-07-01,Milan Night,688,230
2024-07-01,Rajdhani Day,489,469
2024-07-01,Rajdhani Night,256,188
2024-07-01,Sridevi,780,560
2024-07-01,Sridevi Night,890,224
2024-07-01,Time Bazar,278,489
2024-07-02,Kalyan,123,358
2024-07-02,Kalyan Night,680,256
2024-07-02,Madhur Day,679,157
2024-07-02,Madhur Night,558,359
2024-07-02,Main Bazar,159,578
2024-07-02,Milan Day,237,560
2024-07-02,Milan Night,358,279
2024-07-02,Rajdhani Day,236,139
2024-07-02,Rajdhani Night,240,890
2024-07-02,Sridevi,357,136
2024-07-02,Sridevi Night,345,579
2024-07-02,Time Bazar,238,335
2024-07-03,Kalyan,138,167
2024-07-03,Kalyan Night,368,469
2024-07-03,Madhur Day,130,480
2024-07-03,Madhur Night,560,145
2024-07-03,Main Bazar,356,179
2024-07-03,Milan Day,230,389
2024-07-03,Milan Night,380,112
2024-07-03,Rajdhani Day,156,199
2024-07-03,Rajdhani Night,290,678
2024-07-03,Sridevi,690,590
2024-07-03,Sridevi Night,479,158
2024-07-03,Time Bazar,466,247
2024-07-04,Kalyan,268,347
2024-07-04,Kalyan Night,112,359
2024-07-04,Madhur Day,900,180
2024-07-04,Madhur Night,150,589
2024-07-04,Main Bazar,369,568
2024-07-04,Milan Day,113,400
2024-07-04,Milan Night,660,558
2024-07-04,Rajdhani Day,780,123
2024-07-04,Rajdhani Night,457,579
2024-07-04,Sridevi,147,155
2024-07-04,Sridevi Night,445,600
2024-07-04,Time Bazar,359,350
2024-07-05,Kalyan,489,445
2024-07-05,Kalyan Night,578,799
2024-07-05,Madhur Day,367,468
2024-07-05,Madhur Night,127,579
2024-07-05,Main Bazar,245,138
2024-07-05,Milan Day,280,224
2024-07-05,Milan Night,350,468
2024-07-05,Rajdhani Day,179,159
2024-07-05,Rajdhani Night,359,369
2024-07-05,Sridevi,158,270
2024-07-05,Sridevi Night,337,360
2024-07-05,Time Bazar,590,117
2024-07-06,Kalyan,468,356
2024-07-06,Madhur Day,568,467
2024-07-06,Madhur Night,244,248
2024-07-06,Milan Day,144,245
2024-07-06,Milan Night,559,268
2024-07-06,Rajdhani Day,557,478
2024-07-06,Sridevi,467,790
2024-07-06,Sridevi Night,145,479
2024-07-06,Time Bazar,567,138
2024-07-07,Madhur Day,250,289
2024-07-07,Sridevi,140,269
2024-07-07,Sridevi Night,556,578
2024-07-08,Kalyan,679,367
2024-07-08,Kalyan Night,127,370
2024-07-08,Madhur Day,578,334
2024-07-08,Madhur Night,889,450
2024-07-08,Main Bazar,389,469
2024-07-08,Milan Day,456,299
2024-07-08,Milan Night,358,156
2024-07-08,Rajdhani Day,259,468
2024-07-08,Rajdhani Night,470,228
2024-07-08,Sridevi,890,223
2024-07-08,Sridevi Night,370,146
2024-07-08,Time Bazar,289,380
2024-07-09,Kalyan,450,335
2024-07-09,Kalyan Night,169,460
2024-07-09,Madhur Day,788,367
2024-07-09,Madhur Night,589,259
2024-07-09,Main Bazar,270,150
2024-07-09,Milan Day,568,466
2024-07-09,Milan Night,790,228
2024-07-09,Rajdhani Day,113,238
2024-07-09,Rajdhani Night,568,440
2024-07-09,Sridevi,800,468
2024-07-09,Sridevi Night,778,126
2024-07-09,Time Bazar,129,248
2024-07-10,Kalyan,129,900
2024-07-10,Kalyan Night,588,255
2024-07-10,Madhur Day,129,556
2024-07-10,Madhur Night,479,566
2024-07-10,Main Bazar,228,366
2024-07-10,Milan Day,789,245
2024-07-10,Milan Night,179,147
2024-07-10,Rajdhani Day,159,133
2024-07-10,Rajdhani Night,467,890
2024-07-10,Sridevi,566,247
2024-07-10,Sridevi Night,349,678
2024-07-10,Time Bazar,157,190
2024-07-11,Kalyan,260,116
2024-07-11,Kalyan Night,238,236
2024-07-11,Madhur Day,789,116
2024-07-11,Madhur Night,457,370
2024-07-11,Main Bazar,579,490
2024-07-11,Milan Day,229,468
2024-07-11,Milan Night,269,123
2024-07-11,Rajdhani Day,588,248
2024-07-11,Rajdhani Night,778,490
2024-07-11,Sridevi,134,170
2024-07-11,Sridevi Night,689,489
2024-07-11,Time Bazar,456,788
2024-07-12,Kalyan,578,400
2024-07-12,Kalyan Night,128,147
2024-07-12,Madhur Day,389,357
2024-07-12,Madhur Night,237,160
2024-07-12,Main Bazar,279,146
2024-07-12,Milan Day,150,890
2024-07-12,Milan Night,140,239
2024-07-12,Rajdhani Day,468,290
2024-07-12,Rajdhani Night,247,256
2024-07-12,Sridevi,360,579
2024-07-12,Sridevi Night,580,290
2024-07-12,Time Bazar,157,178
2024-07-13,Kalyan,177,168
2024-07-13,Madhur Day,370,477
2024-07-13,Madhur Night,469,590
2024-07-13,Milan Day,369,120
2024-07-13,Milan Night,790,170
2024-07-13,Rajdhani Day,480,457
2024-07-13,Sridevi,790,569
2024-07-13,Sridevi Night,368,469
2024-07-13,Time Bazar,245,660
2024-07-14,Madhur Day,499,278
2024-07-14,Sridevi,168,148
2024-07-14,Sridevi Night,458,240
2024-07-15,Kalyan,450,690
2024-07-15,Kalyan Night,690,557
2024-07-15,Madhur Day,680,138
2024-07-15,Main Bazar,459,156
2024-07-15,Milan Day,660,150
2024-07-15,Milan Night,789,260
2024-07-15,Rajdhani Day,580,550
2024-07-15,Rajdhani Night,160,278
2024-07-15,Sridevi,450,890
2024-07-15,Sridevi Night,159,580
2024-07-15,Time Bazar,679,190
2024-07-16,Kalyan,148,467
2024-07-16,Kalyan Night,269,179
2024-07-16,Madhur Day,588,235
2024-07-16,Madhur Night,234,158
2024-07-16,Main Bazar,150,179
2024-07-16,Milan Day,360,278
2024-07-16,Milan Night,239,256
2024-07-16,Rajdhani Day,579,590
2024-07-16,Rajdhani Night,445,134
2024-07-16,Sridevi,334,190
2024-07-16,Sridevi Night,679,246
2024-07-16,Time Bazar,388,228
2024-07-17,Kalyan,668,480
2024-07-17,Kalyan Night,470,348
2024-07-17,Madhur Day,500,470
2024-07-17,Madhur Night,466,366
2024-07-17,Main Bazar,360,267
2024-07-17,Milan Day,270,379
2024-07-17,Milan Night,157,349
2024-07-17,Rajdhani Day,339,149
2024-07-17,Rajdhani Night,590,478
2024-07-17,Sridevi,459,669
2024-07-17,Sridevi Night,557,558
2024-07-17,Time Bazar,556,237
2024-07-18,Kalyan,900,289
2024-07-18,Kalyan Night,225,278
2024-07-18,Madhur Day,238,145
2024-07-18,Madhur Night,145,380
2024-07-18,Main Bazar,169,170
2024-07-18,Milan Day,115,224
2024-07-18,Milan Night,347,677
2024-07-18,Rajdhani Day,489,156
2024-07-18,Rajdhani Night,480,340
2024-07-18,Sridevi,123,379
2024-07-18,Sridevi Night,229,677
2024-07-18,Time Bazar,199,456
2024-07-19,Kalyan,458,226
2024-07-19,Kalyan Night,368,467
2024-07-19,Madhur Day,466,244
2024-07-19,Madhur Night,167,147
2024-07-19,Main Bazar,789,248
2024-07-19,Milan Day,567,467
2024-07-19,Milan Night,458,679
2024-07-19,Rajdhani Day,356,479
2024-07-19,Rajdhani Night,588,890
2024-07-19,Sridevi,360,359
2024-07-19,Sridevi Night,448,146
2024-07-19,Time Bazar,159,237
2024-07-20,Kalyan,459,679
2024-07-20,Madhur Day,180,337
2024-07-20,Madhur Night,258,389
2024-07-20,Milan Day,267,468
2024-07-20,Milan Night,226,125
2024-07-20,Rajdhani Day,233,570
2024-07-20,Sridevi,168,269
2024-07-20,Sridevi Night,126,235
2024-07-20,Time Bazar,249,457
2024-07-21,Madhur Day,237,149
2024-07-21,Sridevi,467,470
2024-07-21,Sridevi Night,229,389
2024-07-22,Kalyan,690,267
2024-07-22,Kalyan Night,340,378
2024-07-22,Madhur Day,249,670
2024-07-22,Madhur Night,359,446
2024-07-22,Main Bazar,770,136
2024-07-22,Milan Day,470,467
2024-07-22,Milan Night,459,369
2024-07-22,Rajdhani Day,458,370
2024-07-22,Rajdhani Night,134,579
2024-07-22,Sridevi,168,579
2024-07-22,Sridevi Night,367,119
2024-07-22,Time Bazar,460,349
2024-07-23,Kalyan,560,120
2024-07-23,Kalyan Night,157,890
2024-07-23,Madhur Day,267,170
2024-07-23,Madhur Night,467,236
2024-07-23,Main Bazar,356,267
2024-07-23,Milan Day,899,456
2024-07-23,Milan Night,136,268
2024-07-23,Rajdhani Day,348,590
2024-07-23,Rajdhani Night,279,138
2024-07-23,Sridevi,447,166
2024-07-23,Sridevi Night,247,339
2024-07-23,Time Bazar,400,788
2024-07-24,Kalyan,689,266
2024-07-24,Kalyan Night,134,455
2024-07-24,Madhur Day,190,580
2024-07-24,Madhur Night,380,260
2024-07-24,Main Bazar,130,370
2024-07-24,Milan Day,140,160
2024-07-24,Milan Night,236,678
2024-07-24,Rajdhani Day,288,258
2024-07-24,Rajdhani Night,690,489
2024-07-24,Sridevi,136,126
2024-07-24,Sridevi Night,133,189
2024-07-24,Time Bazar,280,348
2024-07-25,Kalyan,346,560
2024-07-25,Kalyan Night,560,580
2024-07-25,Madhur Day,134,579
2024-07-25,Madhur Night,127,357
2024-07-25,Main Bazar,125,778
2024-07-25,Milan Day,369,568
2024-07-25,Milan Night,789,236
2024-07-25,Rajdhani Day,158,678
2024-07-25,Rajdhani Night,400,140
2024-07-25,Sridevi,170,157
2024-07-25,Sridevi Night,120,340
2024-07-25,Time Bazar,333,589
2024-07-26,Kalyan,256,234
2024-07-26,Kalyan Night,669,139
2024-07-26,Madhur Day,800,588
2024-07-26,Main Bazar,588,148
2024-07-26,Milan Day,480,370
2024-07-26,Milan Night,450,190
2024-07-26,Rajdhani Day,340,446
2024-07-26,Rajdhani Night,379,369
2024-07-26,Sridevi,370,170
2024-07-26,Sridevi Night,113,234
2024-07-26,Time Bazar,788,455
2024-07-27,Kalyan,125,135
2024-07-27,Madhur Day,899,120
2024-07-27,Madhur Night,457,349
2024-07-27,Milan Day,480,170
2024-07-27,Milan Night,780,159
2024-07-27,Rajdhani Day,570,469
2024-07-27,Sridevi,468,480
2024-07-27,Sridevi Night,400,579
2024-07-27,Time Bazar,477,400
2024-07-28,Madhur Day,459,226
2024-07-28,Sridevi,356,369
2024-07-28,Sridevi Night,110,256
2024-07-29,Kalyan,900,167
2024-07-29,Kalyan Night,689,270
2024-07-29,Madhur Day,380,479
2024-07-29,Madhur Night,346,570
2024-07-29,Main Bazar,289,680
2024-07-29,Milan Day,499,120
2024-07-29,Milan Night,346,135
2024-07-29,Rajdhani Day,457,580
2024-07-29,Rajdhani Night,445,289
2024-07-29,Sridevi,257,160
2024-07-29,Sridevi Night,339,227
2024-07-29,Time Bazar,366,334
2024-07-30,Kalyan,679,229
2024-07-30,Kalyan Night,148,345
2024-07-30,Madhur Day,349,168
2024-07-30,Madhur Night,268,227
2024-07-30,Main Bazar,590,166
2024-07-30,Milan Day,400,468
2024-07-30,Milan Night,579,390
2024-07-30,Rajdhani Day,250,469
2024-07-30,Rajdhani Night,247,446
2024-07-30,Sridevi,458,368
2024-07-30,Sridevi Night,140,270
2024-07-30,Time Bazar,249,138
2024-07-31,Kalyan,129,115
2024-07-31,Kalyan Night,367,289
2024-07-31,Madhur Day,479,220
2024-07-31,Madhur Night,348,130
2024-07-31,Main Bazar,248,688
2024-07-31,Milan Day,478,220
2024-07-31,Milan Night,124,145
2024-07-31,Rajdhani Day,459,116
2024-07-31,Rajdhani Night,230,990
2024-07-31,Sridevi,267,258
2024-07-31,Sridevi Night,356,130
2024-07-31,Time Bazar,580,589
2024-08-01,Kalyan,489,247
2024-08-01,Kalyan Night,234,145
2024-08-01,Madhur Day,246,788
2024-08-01,Madhur Night,345,389
2024-08-01,Main Bazar,147,139
2024-08-01,Milan Day,268,990
2024-08-01,Milan Night,120,469
2024-08-01,Rajdhani Day,770,149
2024-08-01,Rajdhani Night,236,246
2024-08-01,Sridevi,367,256
2024-08-01,Sridevi Night,780,359
2024-08-01,Time Bazar,226,280
2024-08-02,Kalyan,369,146
2024-08-02,Kalyan Night,238,114
2024-08-02,Madhur Day,368,670
2024-08-02,Madhur Night,288,100
2024-08-02,Main Bazar,146,336
2024-08-02,Milan Day,280,270
2024-08-02,Milan Night,890,599
2024-08-02,Rajdhani Day,280,390
2024-08-02,Rajdhani Night,238,579
2024-08-02,Sridevi,169,679
2024-08-02,Sridevi Night,145,247
2024-08-02,Time Bazar,680,267
2024-08-03,Kalyan,699,270
2024-08-03,Madhur Day,688,468
2024-08-03,Madhur Night,169,280
2024-08-03,Milan Day,268,256
2024-08-03,Milan Night,458,689
2024-08-03,Rajdhani Day,339,368
2024-08-03,Sridevi,125,366
2024-08-03,Sridevi Night,156,455
2024-08-03,Time Bazar,236,358
2024-08-04,Madhur Day,110,148
2024-08-04,Sridevi,258,577
2024-08-04,Sridevi Night,468,157
2024-08-05,Kalyan,488,179
2024-08-05,Kalyan Night,158,150
2024-08-05,Madhur Day,689,477
2024-08-05,Madhur Night,126,350
2024-08-05,Main Bazar,579,220
2024-08-05,Milan Day,679,150
2024-08-05,Milan Night,124,269
2024-08-05,Rajdhani Day,570,448
2024-08-05,Rajdhani Night,360,100
2024-08-05,Sridevi,380,670
2024-08-05,Sridevi Night,899,255
2024-08-05,Time Bazar,778,177
2024-08-06,Kalyan,150,188
2024-08-06,Kalyan Night,128,330
2024-08-06,Madhur Day,480,150
2024-08-06,Madhur Night,139,190
2024-08-06,Main Bazar,256,136
2024-08-06,Milan Day,229,190
2024-08-06,Milan Night,389,289
2024-08-06,Rajdhani Day,380,350
2024-08-06,Rajdhani Night,669,589
2024-08-06,Sridevi,267,469
2024-08-06,Sridevi Night,578,579
2024-08-06,Time Bazar,270,166
2024-08-07,Kalyan,130,448
2024-08-07,Kalyan Night,334,570
2024-08-07,Madhur Day,578,149
2024-08-07,Madhur Night,288,169
2024-08-07,Main Bazar,226,277
2024-08-07,Milan Day,234,356
2024-08-07,Milan Night,123,600
2024-08-07,Rajdhani Day,567,379
2024-08-07,Rajdhani Night,280,134
2024-08-07,Sridevi,245,167
2024-08-07,Sridevi Night,448,223
2024-08-07,Time Bazar,689,126
2024-08-08,Kalyan,220,270
2024-08-08,Kalyan Night,458,235
2024-08-08,Madhur Day,117,160
2024-08-08,Madhur Night,448,257
2024-08-08,Main Bazar,247,113
2024-08-08,Milan Day,579,560
2024-08-08,Milan Night,678,346
2024-08-08,Rajdhani Day,300,468
2024-08-08,Rajdhani Night,590,339
2024-08-08,Sridevi,259,156
2024-08-08,Sridevi Night,237,599
2024-08-08,Time Bazar,299,337
2024-08-09,Kalyan,330,239
2024-08-09,Kalyan Night,379,179
2024-08-09,Madhur Day,455,128
2024-08-09,Madhur Night,699,669
2024-08-09,Main Bazar,780,679
2024-08-09,Milan Day,458,360
2024-08-09,Milan Night,679,290
2024-08-09,Rajdhani Day,136,179
2024-08-09,Rajdhani Night,123,359
2024-08-09,Sridevi,790,127
2024-08-09,Sridevi Night,147,100
2024-08-09,Time Bazar,145,679
2024-08-10,Kalyan,459,160
2024-08-10,Madhur Day,157,189
2024-08-10,Madhur Night,135,130
2024-08-10,Milan Day,347,479
2024-08-10,Milan Night,677,890
2024-08-10,Rajdhani Day,377,359
2024-08-10,Sridevi,288,269
2024-08-10,Sridevi Night,220,800
2024-08-10,Time Bazar,190,379
2024-08-11,Madhur Day,370,790
2024-08-11,Sridevi,244,123
2024-08-11,Sridevi Night,112,678
2024-08-12,Kalyan,489,457
2024-08-12,Kalyan Night,157,356
2024-08-12,Madhur Day,150,389
2024-08-12,Madhur Night,799,366
2024-08-12,Main Bazar,488,356
2024-08-12,Milan Day,490,239
2024-08-12,Milan Night,279,699
2024-08-12,Rajdhani Day,146,370
2024-08-12,Rajdhani Night,150,890
2024-08-12,Sridevi,378,257
2024-08-12,Sridevi Night,559,569
2024-08-12,Time Bazar,350,150
2024-08-13,Kalyan,568,360
2024-08-13,Kalyan Night,459,168
2024-08-13,Madhur Day,369,446
2024-08-13,Madhur Night,160,670
2024-08-13,Main Bazar,579,380
2024-08-13,Milan Day,239,278
2024-08-13,Milan Night,246,668
2024-08-13,Rajdhani Day,579,378
2024-08-13,Rajdhani Night,589,269
2024-08-13,Sridevi,389,468
2024-08-13,Sridevi Night,145,990
2024-08-13,Time Bazar,346,256
2024-08-14,Kalyan,130,479
2024-08-14,Kalyan Night,880,470
2024-08-14,Madhur Day,248,350
2024-08-14,Madhur Night,477,450
2024-08-14,Main Bazar,578,700
2024-08-14,Milan Day,390,370
2024-08-14,Milan Night,567,289
2024-08-14,Rajdhani Day,569,248
2024-08-14,Rajdhani Night,226,166
2024-08-14,Sridevi,129,356
2024-08-14,Sridevi Night,558,180
2024-08-14,Time Bazar,358,188
2024-08-16,Kalyan,599,247
2024-08-16,Kalyan Night,258,246
2024-08-16,Madhur Day,239,134
2024-08-16,Madhur Night,880,155
2024-08-16,Main Bazar,468,680
2024-08-16,Milan Day,160,677
2024-08-16,Milan Night,455,100
2024-08-16,Rajdhani Day,280,290
2024-08-16,Rajdhani Night,290,349
2024-08-16,Sridevi,569,459
2024-08-16,Sridevi Night,560,238
2024-08-16,Time Bazar,599,220
2024-08-17,Kalyan,125,138
2024-08-17,Madhur Day,199,557
2024-08-17,Madhur Night,269,146
2024-08-17,Milan Day,177,300
2024-08-17,Milan Night,115,280
2024-08-17,Rajdhani Day,466,577
2024-08-17,Sridevi,168,130
2024-08-17,Sridevi Night,570,458
2024-08-17,Time Bazar,350,480
2024-08-18,Madhur Day,368,236
2024-08-18,Sridevi,289,269
2024-08-18,Sridevi Night,125,567
2024-08-19,Kalyan,389,266
2024-08-19,Kalyan Night,279,669
2024-08-19,Madhur Day,228,680
2024-08-19,Madhur Night,466,269
2024-08-19,Main Bazar,135,236
2024-08-19,Milan Day,588,248
2024-08-19,Milan Night,599,350
2024-08-19,Rajdhani Day,239,370
2024-08-19,Rajdhani Night,235,367
2024-08-19,Sridevi,178,247
2024-08-19,Sridevi Night,280,357
2024-08-19,Time Bazar,189,337
2024-08-20,Kalyan,446,249
2024-08-20,Kalyan Night,146,789
2024-08-20,Madhur Day,677,780
2024-08-20,Madhur Night,678,270
2024-08-20,Main Bazar,500,449
2024-08-20,Milan Day,130,118
2024-08-20,Milan Night,223,340
2024-08-20,Rajdhani Day,369,345
2024-08-20,Rajdhani Night,557,236
2024-08-20,Sridevi,135,568
2024-08-20,Sridevi Night,150,447
2024-08-20,Time Bazar,267,790
2024-08-21,Kalyan,688,356
2024-08-21,Kalyan Night,690,336
2024-08-21,Madhur Day,450,146
2024-08-21,Madhur Night,236,680
2024-08-21,Main Bazar,459,290
2024-08-21,Milan Day,128,468
2024-08-21,Milan Night,125,149
2024-08-21,Rajdhani Day,578,780
2024-08-21,Rajdhani Night,460,880
2024-08-21,Sridevi,680,156
2024-08-21,Sridevi Night,469,349
2024-08-21,Time Bazar,113,470
2024-08-22,Kalyan,669,367
2024-08-22,Kalyan Night,257,489
2024-08-22,Madhur Day,458,560
2024-08-22,Madhur Night,370,248
2024-08-22,Main Bazar,247,488
2024-08-22,Milan Day,127,399
2024-08-22,Milan Night,190,148
2024-08-22,Rajdhani Day,147,159
2024-08-22,Rajdhani Night,550,380
2024-08-22,Sridevi,567,117
2024-08-22,Sridevi Night,680,470
2024-08-22,Time Bazar,260,335
2024-08-23,Kalyan,189,144
2024-08-23,Kalyan Night,229,459
2024-08-23,Madhur Day,229,679
2024-08-23,Madhur Night,489,249
2024-08-23,Main Bazar,177,459
2024-08-23,Milan Day,135,990
2024-08-23,Milan Night,345,468
2024-08-23,Rajdhani Day,233,150
2024-08-23,Rajdhani Night,580,126
2024-08-23,Sridevi,447,226
2024-08-23,Sridevi Night,260,247
2024-08-23,Time Bazar,567,499
2024-08-24,Kalyan,138,378
2024-08-24,Madhur Day,115,220
2024-08-24,Madhur Night,340,178
2024-08-24,Milan Day,478,670
2024-08-24,Milan Night,134,790
2024-08-24,Rajdhani Day,380,126
2024-08-24,Sridevi,146,899
2024-08-24,Sridevi Night,278,190
2024-08-24,Time Bazar,160,360
2024-08-25,Madhur Day,234,135
2024-08-25,Sridevi,678,457
2024-08-25,Sridevi Night,180,168
2024-08-26,Kalyan,129,116
2024-08-26,Kalyan Night,390,119
2024-08-26,Madhur Day,115,456
2024-08-26,Madhur Night,480,145
2024-08-26,Main Bazar,180,670
2024-08-26,Milan Day,118,560
2024-08-26,Milan Night,578,356
2024-08-26,Rajdhani Day,560,290
2024-08-26,Rajdhani Night,125,589
2024-08-26,Sridevi,137,450
2024-08-26,Sridevi Night,133,699
2024-08-26,Time Bazar,159,690
2024-08-27,Kalyan,237,140
2024-08-27,Kalyan Night,790,380
2024-08-27,Madhur Day,169,880
2024-08-27,Madhur Night,600,258
2024-08-27,Main Bazar,449,156
2024-08-27,Milan Day,148,889
2024-08-27,Milan Night,180,137
2024-08-27,Rajdhani Day,257,180
2024-08-27,Rajdhani Night,140,445
2024-08-27,Sridevi,889,228
2024-08-27,Sridevi Night,236,177
2024-08-27,Time Bazar,345,137
2024-08-28,Kalyan,669,268
2024-08-28,Kalyan Night,134,390
2024-08-28,Madhur Day,126,599
2024-08-28,Madhur Night,268,157
2024-08-28,Main Bazar,556,389
2024-08-28,Milan Day,268,240
2024-08-28,Milan Night,579,159
2024-08-28,Rajdhani Day,667,250
2024-08-28,Rajdhani Night,233,479
2024-08-28,Sridevi,125,345
2024-08-28,Sridevi Night,355,678
2024-08-28,Time Bazar,145,558
2024-08-29,Kalyan,560,147
2024-08-29,Kalyan Night,490,227
2024-08-29,Madhur Day,339,223
2024-08-29,Madhur Night,680,138
2024-08-29,Main Bazar,690,199
2024-08-29,Milan Day,245,124
2024-08-29,Milan Night,230,679
2024-08-29,Rajdhani Day,359,160
2024-08-29,Rajdhani Night,157,580
2024-08-29,Sridevi,559,358
2024-08-29,Sridevi Night,889,180
2024-08-29,Time Bazar,229,799
2024-08-30,Kalyan,246,280
2024-08-30,Kalyan Night,460,236
2024-08-30,Madhur Day,446,118
2024-08-30,Madhur Night,166,149
2024-08-30,Main Bazar,299,349
2024-08-30,Milan Day,125,459
2024-08-30,Milan Night,556,369
2024-08-30,Rajdhani Day,556,239
2024-08-30,Rajdhani Night,133,140
2024-08-30,Sridevi,578,170
2024-08-30,Sridevi Night,780,477
2024-08-30,Time Bazar,457,568
2024-08-31,Kalyan,259,159
2024-08-31,Madhur Day,238,246
2024-08-31,Madhur Night,445,118
2024-08-31,Milan Day,660,289
2024-08-31,Milan Night,248,357
2024-08-31,Rajdhani Day,250,678
2024-08-31,Sridevi,390,134
2024-08-31,Sridevi Night,667,170
2024-08-31,Time Bazar,247,128
2024-09-01,Madhur Day,479,400
2024-09-01,Sridevi,124,479
2024-09-01,Sridevi Night,579,168
2024-09-02,Kalyan,130,169
2024-09-02,Kalyan Night,236,599
2024-09-02,Madhur Day,446,360
2024-09-02,Madhur Night,234,588
2024-09-02,Main Bazar,113,880
2024-09-02,Milan Day,149,237
2024-09-02,Milan Night,129,379
2024-09-02,Rajdhani Day,899,234
2024-09-02,Rajdhani Night,280,690
2024-09-02,Sridevi,156,157
2024-09-02,Sridevi Night,477,677
2024-09-02,Time Bazar,345,340
2024-09-03,Kalyan,125,348
2024-09-03,Kalyan Night,578,279
2024-09-03,Madhur Day,469,679
2024-09-03,Madhur Night,227,358
2024-09-03,Main Bazar,669,245
2024-09-03,Milan Day,478,799
2024-09-03,Milan Night,128,668
2024-09-03,Rajdhani Day,348,100
2024-09-03,Rajdhani Night,225,233
2024-09-03,Sridevi,278,600
2024-09-03,Sridevi Night,580,489
2024-09-03,Time Bazar,168,236
2024-09-04,Kalyan,289,578
2024-09-04,Kalyan Night,446,258
2024-09-04,Madhur Day,345,118
2024-09-04,Madhur Night,344,189
2024-09-04,Main Bazar,560,238
2024-09-04,Milan Day,990,258
2024-09-04,Milan Night,680,477
2024-09-04,Rajdhani Day,790,245
2024-09-04,Rajdhani Night,467,160
2024-09-04,Sridevi,700,123
2024-09-04,Sridevi Night,126,670
2024-09-04,Time Bazar,459,268
2024-09-05,Kalyan,890,589
2024-09-05,Kalyan Night,338,578
2024-09-05,Madhur Day,449,188
2024-09-05,Madhur Night,350,239
2024-09-05,Main Bazar,145,667
2024-09-05,Milan Day,558,200
2024-09-05,Milan Night,477,260
2024-09-05,Rajdhani Day,188,550
2024-09-05,Rajdhani Night,600,116
2024-09-05,Sridevi,347,669
2024-09-05,Sridevi Night,380,345
2024-09-05,Time Bazar,137,489
2024-09-06,Kalyan,340,679
2024-09-06,Kalyan Night,266,467
2024-09-06,Madhur Day,359,127
2024-09-06,Madhur Night,344,330
2024-09-06,Main Bazar,679,389
2024-09-06,Milan Day,580,446
2024-09-06,Milan Night,267,579
2024-09-06,Rajdhani Day,126,579
2024-09-06,Rajdhani Night,158,570
2024-09-06,Sridevi,590,570
2024-09-06,Sridevi Night,379,150
2024-09-06,Time Bazar,145,390
2024-09-07,Kalyan,126,238
2024-09-07,Madhur Day,140,390
2024-09-07,Madhur Night,339,249
2024-09-07,Rajdhani Day,344,350
2024-09-07,Sridevi,380,469
2024-09-07,Sridevi Night,138,789
2024-09-08,Madhur Day,237,246
2024-09-08,Sridevi,137,157
2024-09-08,Sridevi Night,234,348
2024-09-09,Kalyan,268,450
2024-09-09,Kalyan Night,349,158
2024-09-09,Madhur Day,889,579
2024-09-09,Madhur Night,570,179
2024-09-09,Main Bazar,350,459
2024-09-09,Milan Day,260,223
2024-09-09,Milan Night,169,290
2024-09-09,Rajdhani Day,159,469
2024-09-09,Rajdhani Night,800,157
2024-09-09,Sridevi,378,340
2024-09-09,Sridevi Night,499,156
2024-09-09,Time Bazar,235,357
2024-09-10,Kalyan,124,600
2024-09-10,Kalyan Night,130,570
2024-09-10,Madhur Day,338,136
2024-09-10,Madhur Night,147,125
2024-09-10,Main Bazar,140,170
2024-09-10,Milan Day,590,266
2024-09-10,Milan Night,340,130
2024-09-10,Rajdhani Day,677,158
2024-09-10,Rajdhani Night,459,789
2024-09-10,Sridevi,570,346
2024-09-10,Sridevi Night,250,127
2024-09-10,Time Bazar,467,237
2024-09-11,Kalyan,489,345
2024-09-11,Kalyan Night,158,799
2024-09-11,Madhur Day,335,780
2024-09-11,Madhur Night,267,455
2024-09-11,Main Bazar,160,160
2024-09-11,Milan Day,155,344
2024-09-11,Milan Night,257,469
2024-09-11,Rajdhani Day,149,290
2024-09-11,Rajdhani Night,460,359
2024-09-11,Sridevi,660,270
2024-09-11,Sridevi Night,170,378
2024-09-11,Time Bazar,289,233
2024-09-12,Kalyan,680,348
2024-09-12,Kalyan Night,558,678
2024-09-12,Madhur Day,278,689
2024-09-12,Madhur Night,167,268
2024-09-12,Main Bazar,480,247
2024-09-12,Milan Day,279,457
2024-09-12,Milan Night,459,340
2024-09-12,Rajdhani Day,456,688
2024-09-12,Rajdhani Night,356,189
2024-09-12,Sridevi,590,236
2024-09-12,Sridevi Night,470,290
2024-09-12,Time Bazar,235,228
2024-09-13,Kalyan,247,389
2024-09-13,Kalyan Night,478,350
2024-09-13,Madhur Day,289,379
2024-09-13,Madhur Night,489,299
2024-09-13,Main Bazar,245,229
2024-09-13,Milan Day,134,150
2024-09-13,Milan Night,590,126
2024-09-13,Rajdhani Day,468,369
2024-09-13,Rajdhani Night,334,130
2024-09-13,Sridevi,277,670
2024-09-13,Sridevi Night,255,339
2024-09-13,Time Bazar,234,579
2024-09-14,Kalyan,128,356
2024-09-14,Madhur Day,144,123
2024-09-14,Madhur Night,123,270
2024-09-14,Milan Day,147,378
2024-09-14,Milan Night,160,380
2024-09-14,Rajdhani Day,289,266
2024-09-14,Sridevi,188,367
2024-09-14,Sridevi Night,668,249
2024-09-14,Time Bazar,558,114
2024-09-15,Madhur Day,599,466
2024-09-15,Sridevi,330,480
2024-09-15,Sridevi Night,890,138
2024-09-16,Kalyan,370,260
2024-09-16,Kalyan Night,477,260
2024-09-16,Madhur Day,480,589
2024-09-16,Madhur Night,147,699
2024-09-16,Main Bazar,680,190
2024-09-16,Milan Day,250,233
2024-09-16,Milan Night,600,680
2024-09-16,Rajdhani Day,446,156
2024-09-16,Rajdhani Night,134,569
2024-09-16,Sridevi,479,667
2024-09-16,Sridevi Night,378,158
2024-09-16,Time Bazar,233,800
2024-09-17,Kalyan,369,267
2024-09-17,Kalyan Night,570,557
2024-09-17,Madhur Day,340,148
2024-09-17,Madhur Night,267,126
2024-09-17,Main Bazar,778,790
2024-09-17,Milan Day,340,170
2024-09-17,Milan Night,240,555
2024-09-17,Rajdhani Day,379,790
2024-09-17,Rajdhani Night,347,560
2024-09-17,Sridevi,348,138
2024-09-17,Sridevi Night,569,670
2024-09-17,Time Bazar,558,118
2024-09-18,Kalyan,369,160
2024-09-18,Kalyan Night,449,129
2024-09-18,Madhur Day,700,359
2024-09-18,Madhur Night,300,280
2024-09-18,Main Bazar,467,238
2024-09-18,Milan Day,468,129
2024-09-18,Milan Night,690,269
2024-09-18,Rajdhani Day,177,579
2024-09-18,Rajdhani Night,789,178
2024-09-18,Sridevi,179,780
2024-09-18,Sridevi Night,359,479
2024-09-18,Time Bazar,449,366
2024-09-19,Kalyan,356,235
2024-09-19,Kalyan Night,230,134
2024-09-19,Madhur Day,460,399
2024-09-19,Madhur Night,157,370
2024-09-19,Main Bazar,335,277
2024-09-19,Milan Day,138,335
2024-09-19,Milan Night,579,245
2024-09-19,Rajdhani Day,589,445
2024-09-19,Rajdhani Night,169,160
2024-09-19,Sridevi,770,346
2024-09-19,Sridevi Night,389,358
2024-09-19,Time Bazar,460,389
2024-09-20,Kalyan,245,148
2024-09-20,Kalyan Night,379,359
2024-09-20,Madhur Day,159,190
2024-09-20,Madhur Night,566,344
2024-09-20,Main Bazar,446,369
2024-09-20,Milan Day,149,356
2024-09-20,Milan Night,246,378
2024-09-20,Rajdhani Day,550,135
2024-09-20,Rajdhani Night,235,350
2024-09-20,Sridevi,158,139
2024-09-20,Sridevi Night,129,237
2024-09-20,Time Bazar,489,126
2024-09-21,Kalyan,380,699
2024-09-21,Madhur Day,134,389
2024-09-21,Madhur Night,788,250
2024-09-21,Milan Day,348,235
2024-09-21,Milan Night,250,236
2024-09-21,Rajdhani Day,140,260
2024-09-21,Sridevi,459,579
2024-09-21,Sridevi Night,780,478
2024-09-21,Time Bazar,349,470
2024-09-22,Madhur Day,150,390
2024-09-22,Sridevi,257,136
2024-09-22,Sridevi Night,566,344
2024-09-23,Kalyan,113,400
2024-09-23,Kalyan Night,558,350
2024-09-23,Madhur Day,235,170
2024-09-23,Madhur Night,258,278
2024-09-23,Main Bazar,249,289
2024-09-23,Milan Day,226,600
2024-09-23,Milan Night,889,258
2024-09-23,Rajdhani Day,556,135
2024-09-23,Rajdhani Night,160,478
2024-09-23,Sridevi,579,157
2024-09-23,Sridevi Night,224,290
2024-09-23,Time Bazar,189,228
2024-09-24,Kalyan,459,200
2024-09-24,Kalyan Night,990,680
2024-09-24,Madhur Day,236,247
2024-09-24,Madhur Night,688,117
2024-09-24,Main Bazar,337,269
2024-09-24,Milan Day,367,580
2024-09-24,Milan Night,167,688
2024-09-24,Rajdhani Day,280,267
2024-09-24,Rajdhani Night,140,458
2024-09-24,Sridevi,569,457
2024-09-24,Sridevi Night,279,189
2024-09-24,Time Bazar,136,339
2024-09-25,Kalyan,247,248
2024-09-25,Kalyan Night,890,157
2024-09-25,Madhur Day,460,118
2024-09-25,Madhur Night,680,289
2024-09-25,Main Bazar,256,459
2024-09-25,Milan Day,560,335
2024-09-25,Milan Night,688,580
2024-09-25,Rajdhani Day,389,348
2024-09-25,Rajdhani Night,568,578
2024-09-25,Sridevi,114,199
2024-09-25,Sridevi Night,358,139
2024-09-25,Time Bazar,467,560
2024-09-26,Kalyan,179,235
2024-09-26,Kalyan Night,669,338
2024-09-26,Madhur Day,440,556
2024-09-26,Madhur Night,160,460
2024-09-26,Main Bazar,369,138
2024-09-26,Milan Day,690,177
2024-09-26,Milan Night,700,680
2024-09-26,Rajdhani Day,257,136
2024-09-26,Rajdhani Night,127,226
2024-09-26,Sridevi,150,223
2024-09-26,Sridevi Night,190,455
2024-09-26,Time Bazar,369,270
2024-09-27,Kalyan,348,359
2024-09-27,Kalyan Night,367,789
2024-09-27,Madhur Day,226,357
2024-09-27,Madhur Night,180,269
2024-09-27,Main Bazar,189,124
2024-09-27,Milan Day,678,339
2024-09-27,Milan Night,130,589
2024-09-27,Rajdhani Day,790,588
2024-09-27,Rajdhani Night,112,360
2024-09-27,Sridevi,136,778
2024-09-27,Sridevi Night,350,279
2024-09-27,Time Bazar,334,450
2024-09-28,Kalyan,578,256
2024-09-28,Madhur Day,460,158
2024-09-28,Madhur Night,116,266
2024-09-28,Milan Day,280,466
2024-09-28,Milan Night,458,469
2024-09-28,Rajdhani Day,110,357
2024-09-28,Sridevi,249,580
2024-09-28,Sridevi Night,136,135
2024-09-28,Time Bazar,256,140
2024-09-29,Madhur Day,125,388
2024-09-29,Sridevi,348,123
2024-09-29,Sridevi Night,357,569
2024-09-30,Kalyan,134,230
2024-09-30,Kalyan Night,477,144
2024-09-30,Madhur Day,277,135
2024-09-30,Madhur Night,157,129
2024-09-30,Main Bazar,347,157
2024-09-30,Milan Day,246,234
2024-09-30,Milan Night,457,240
2024-09-30,Rajdhani Day,270,137
2024-09-30,Rajdhani Night,680,679
2024-09-30,Sridevi,260,134
2024-09-30,Sridevi Night,345,358
2024-09-30,Time Bazar,129,560
2024-10-01,Kalyan,330,699
2024-10-01,Kalyan Night,790,178
2024-10-01,Madhur Day,440,490
2024-10-01,Madhur Night,129,148
2024-10-01,Main Bazar,400,289
2024-10-01,Milan Day,570,188
2024-10-01,Milan Night,156,580
2024-10-01,Rajdhani Day,136,580
2024-10-01,Rajdhani Night,146,247
2024-10-01,Sridevi,338,247
2024-10-01,Sridevi Night,257,137
2024-10-01,Time Bazar,138,250
2024-10-02,Kalyan,770,250
2024-10-02,Kalyan Night,116,667
2024-10-02,Madhur Day,788,579
2024-10-02,Madhur Night,178,347
2024-10-02,Main Bazar,268,278
2024-10-02,Milan Day,999,290
2024-10-02,Milan Night,128,469
2024-10-02,Rajdhani Day,350,390
2024-10-02,Rajdhani Night,177,259
2024-10-02,Sridevi,169,136
2024-10-02,Sridevi Night,558,577
2024-10-02,Time Bazar,789,128
2024-10-03,Kalyan,170,340
2024-10-03,Kalyan Night,348,780
2024-10-03,Madhur Day,258,233
2024-10-03,Madhur Night,790,159
2024-10-03,Main Bazar,239,124
2024-10-03,Milan Day,560,290
2024-10-03,Milan Night,125,578
2024-10-03,Rajdhani Day,660,559
2024-10-03,Rajdhani Night,488,260
2024-10-03,Sridevi,267,357
2024-10-03,Sridevi Night,670,468
2024-10-03,Time Bazar,168,120
2024-10-04,Kalyan,116,159
2024-10-04,Kalyan Night,378,249
2024-10-04,Madhur Day,156,224
2024-10-04,Main Bazar,268,138
2024-10-04,Milan Day,778,160
2024-10-04,Milan Night,148,257
2024-10-04,Rajdhani Day,148,449
2024-10-04,Rajdhani Night,266,557
2024-10-04,Sridevi,124,667
2024-10-04,Sridevi Night,340,267
2024-10-04,Time Bazar,230,468
2024-10-05,Kalyan,289,250
2024-10-05,Madhur Day,278,680
2024-10-05,Madhur Night,190,488
2024-10-05,Milan Day,700,889
2024-10-05,Milan Night,145,780
2024-10-05,Rajdhani Day,688,489
2024-10-05,Sridevi,459,146
2024-10-05,Sridevi Night,167,147
2024-10-05,Time Bazar,267,150
2024-10-06,Madhur Day,350,128
2024-10-06,Sridevi,348,135
2024-10-06,Sridevi Night,680,134
2024-10-07,Kalyan,447,350
2024-10-07,Kalyan Night,456,799
2024-10-07,Madhur Day,350,380
2024-10-07,Madhur Night,788,222
2024-10-07,Main Bazar,677,140
2024-10-07,Milan Day,156,157
2024-10-07,Milan Night,356,689
2024-10-07,Rajdhani Day,567,137
2024-10-07,Rajdhani Night,238,270
2024-10-07,Sridevi,248,122
2024-10-07,Sridevi Night,789,480
2024-10-07,Time Bazar,440,457
2024-10-08,Kalyan,578,268
2024-10-08,Kalyan Night,467,599
2024-10-08,Madhur Day,568,226
2024-10-08,Madhur Night,488,270
2024-10-08,Main Bazar,188,799
2024-10-08,Milan Day,135,770
2024-10-08,Milan Night,240,236
2024-10-08,Rajdhani Day,340,458
2024-10-08,Rajdhani Night,250,578
2024-10-08,Sridevi,188,115
2024-10-08,Sridevi Night,126,110
2024-10-08,Time Bazar,247,667
2024-10-09,Kalyan,780,344
2024-10-09,Kalyan Night,780,189
2024-10-09,Madhur Day,240,368
2024-10-09,Madhur Night,146,169
2024-10-09,Main Bazar,579,230
2024-10-09,Milan Day,245,900
2024-10-09,Milan Night,330,470
2024-10-09,Rajdhani Day,137,280
2024-10-09,Rajdhani Night,189,167
2024-10-09,Sridevi,290,470
2024-10-09,Sridevi Night,289,113
2024-10-09,Time Bazar,699,369
2024-10-10,Kalyan,588,490
2024-10-10,Kalyan Night,370,466
2024-10-10,Madhur Day,790,388
2024-10-10,Madhur Night,589,249
2024-10-10,Main Bazar,130,350
2024-10-10,Milan Day,379,288
2024-10-10,Milan Night,347,114
2024-10-10,Rajdhani Day,140,390
2024-10-10,Rajdhani Night,146,479
2024-10-10,Sridevi,249,270
2024-10-10,Sridevi Night,458,460
2024-10-10,Time Bazar,344,488
2024-10-11,Kalyan,269,158
2024-10-11,Kalyan Night,579,239
2024-10-11,Madhur Day,140,120
2024-10-11,Madhur Night,490,119
2024-10-11,Main Bazar,339,233
2024-10-11,Milan Day,366,788
2024-10-11,Milan Night,125,224
2024-10-11,Rajdhani Day,119,235
2024-10-11,Rajdhani Night,899,179
2024-10-11,Sridevi,345,335
2024-10-11,Sridevi Night,240,235
2024-10-11,Time Bazar,258,278
2024-10-12,Kalyan,157,289
2024-10-12,Madhur Day,278,467
2024-10-12,Madhur Night,567,159
2024-10-12,Milan Day,677,789
2024-10-12,Milan Night,179,690
2024-10-12,Rajdhani Day,359,789
2024-10-12,Sridevi,589,478
2024-10-12,Sridevi Night,489,279
2024-10-12,Time Bazar,256,359
2024-10-13,Madhur Day,168,269
2024-10-13,Sridevi,278,679
2024-10-13,Sridevi Night,259,157
2024-10-14,Kalyan,126,245
2024-10-14,Kalyan Night,168,599
2024-10-14,Madhur Day,337,467
2024-10-14,Madhur Night,157,167
2024-10-14,Main Bazar,125,299
2024-10-14,Milan Day,778,245
2024-10-14,Milan Night,179,270
2024-10-14,Rajdhani Day,590,246
2024-10-14,Rajdhani Night,100,344
2024-10-14,Sridevi,570,236
2024-10-14,Sridevi Night,128,159
2024-10-14,Time Bazar,488,258
2024-10-15,Kalyan,788,168
2024-10-15,Kalyan Night,130,249
2024-10-15,Madhur Day,389,900
2024-10-15,Madhur Night,100,247
2024-10-15,Main Bazar,157,135
2024-10-15,Milan Day,147,345
2024-10-15,Milan Night,445,159
2024-10-15,Rajdhani Day,344,330
2024-10-15,Rajdhani Night,235,257
2024-10-15,Sridevi,780,590
2024-10-15,Sridevi Night,138,146
2024-10-15,Time Bazar,670,579
2024-10-16,Kalyan,350,138
2024-10-16,Kalyan Night,469,589
2024-10-16,Madhur Day,126,699
2024-10-16,Madhur Night,145,244
2024-10-16,Main Bazar,178,349
2024-10-16,Milan Day,589,123
2024-10-16,Milan Night,679,360
2024-10-16,Rajdhani Day,450,469
2024-10-16,Rajdhani Night,158,690
2024-10-16,Sridevi,356,799
2024-10-16,Sridevi Night,490,124
2024-10-16,Time Bazar,678,120
2024-10-17,Kalyan,159,139
2024-10-17,Kalyan Night,267,258
2024-10-17,Madhur Day,234,229
2024-10-17,Madhur Night,667,590
2024-10-17,Main Bazar,135,178
2024-10-17,Milan Day,169,478
2024-10-17,Milan Night,679,128
2024-10-17,Rajdhani Day,680,570
2024-10-17,Rajdhani Night,460,489
2024-10-17,Sridevi,125,559
2024-10-17,Sridevi Night,479,569
2024-10-17,Time Bazar,380,144
2024-10-18,Kalyan,230,349
2024-10-18,Kalyan Night,290,237
2024-10-18,Madhur Day,780,258
2024-10-18,Madhur Night,169,578
2024-10-18,Main Bazar,290,679
2024-10-18,Milan Day,247,180
2024-10-18,Milan Night,460,248
2024-10-18,Rajdhani Day,159,245
2024-10-18,Rajdhani Night,580,166
2024-10-18,Sridevi,378,456
2024-10-18,Sridevi Night,346,148
2024-10-18,Time Bazar,447,345
2024-10-19,Kalyan,127,124
2024-10-19,Madhur Day,349,589
2024-10-19,Madhur Night,267,560
2024-10-19,Milan Day,278,568
2024-10-19,Milan Night,139,335
2024-10-19,Rajdhani Day,780,167
2024-10-19,Sridevi,249,140
2024-10-19,Sridevi Night,178,368
2024-10-19,Time Bazar,579,247
2024-10-20,Madhur Day,180,569
2024-10-20,Sridevi,990,479
2024-10-20,Sridevi Night,138,278
2024-10-21,Kalyan,178,480
2024-10-21,Kalyan Night,358,258
2024-10-21,Madhur Day,889,144
2024-10-21,Madhur Night,157,589
2024-10-21,Main Bazar,800,568
2024-10-21,Milan Day,138,379
2024-10-21,Milan Night,149,478
2024-10-21,Rajdhani Day,466,390
2024-10-21,Rajdhani Night,130,490
2024-10-21,Sridevi,788,459
2024-10-21,Sridevi Night,450,345
2024-10-21,Time Bazar,358,122
2024-10-22,Kalyan,137,136
2024-10-22,Kalyan Night,270,358
2024-10-22,Madhur Day,229,278
2024-10-22,Madhur Night,347,257
2024-10-22,Main Bazar,138,118
2024-10-22,Milan Day,488,788
2024-10-22,Milan Night,259,570
2024-10-22,Rajdhani Day,280,123
2024-10-22,Rajdhani Night,699,778
2024-10-22,Sridevi,466,388
2024-10-22,Sridevi Night,468,490
2024-10-22,Time Bazar,280,347
2024-10-23,Kalyan,680,478
2024-10-23,Kalyan Night,770,336
2024-10-23,Madhur Day,247,345
2024-10-23,Madhur Night,260,138
2024-10-23,Main Bazar,179,599
2024-10-23,Milan Day,238,470
2024-10-23,Milan Night,145,237
2024-10-23,Rajdhani Day,779,370
2024-10-23,Rajdhani Night,589,335
2024-10-23,Sridevi,278,480
2024-10-23,Sridevi Night,166,679
2024-10-23,Time Bazar,290,500
2024-10-24,Kalyan,456,470
2024-10-24,Kalyan Night,278,349
2024-10-24,Madhur Day,135,568
2024-10-24,Madhur Night,237,118
2024-10-24,Main Bazar,680,227
2024-10-24,Milan Day,140,158
2024-10-24,Milan Night,268,280
2024-10-24,Rajdhani Day,238,570
2024-10-24,Rajdhani Night,138,126
2024-10-24,Sridevi,347,156
2024-10-24,Sridevi Night,290,177
2024-10-24,Time Bazar,269,223
2024-10-25,Kalyan,470,379
2024-10-25,Kalyan Night,124,334
2024-10-25,Madhur Day,358,234
2024-10-25,Madhur Night,469,237
2024-10-25,Main Bazar,478,135
2024-10-25,Milan Day,290,140
2024-10-25,Milan Night,577,190
2024-10-25,Rajdhani Day,350,488
2024-10-25,Rajdhani Night,560,990
2024-10-25,Sridevi,235,360
2024-10-25,Sridevi Night,399,466
2024-10-25,Time Bazar,157,125
2024-10-26,Kalyan,456,367
2024-10-26,Madhur Night,247,489
2024-10-26,Milan Day,130,112
2024-10-26,Milan Night,145,289
2024-10-26,Rajdhani Day,270,380
2024-10-26,Sridevi,590,270
2024-10-26,Sridevi Night,379,348
2024-10-26,Time Bazar,590,119
2024-10-27,Sridevi,112,160
2024-10-27,Sridevi Night,126,556
2024-10-28,Sridevi,458,159
2024-10-28,Sridevi Night,356,235
2024-10-29,Sridevi,599,156
2024-10-29,Sridevi Night,449,800
2024-10-30,Sridevi,359,266
2024-10-30,Sridevi Night,567,257
2024-10-31,Sridevi,126,378
2024-10-31,Sridevi Night,235,445
2024-11-01,Sridevi,134,347
2024-11-01,Sridevi Night,567,248
2024-11-02,Sridevi,677,349
2024-11-02,Sridevi Night,258,149
2024-11-03,Sridevi,224,148
2024-11-03,Sridevi Night,236,780
2024-11-04,Sridevi,458,257
2024-11-04,Sridevi Night,250,350
2024-11-05,Sridevi,567,290
2024-11-05,Sridevi Night,688,789
2024-11-06,Kalyan,369,136
2024-11-06,Kalyan Night,140,130
2024-11-06,Madhur Day,779,678
2024-11-06,Madhur Night,579,159
2024-11-06,Main Bazar,278,390
2024-11-06,Milan Day,246,660
2024-11-06,Milan Night,389,467
2024-11-06,Rajdhani Day,467,199
2024-11-06,Rajdhani Night,560,245
2024-11-06,Sridevi,268,150
2024-11-06,Sridevi Night,455,133
2024-11-06,Time Bazar,168,380
2024-11-07,Kalyan,348,147
2024-11-07,Kalyan Night,689,380
2024-11-07,Madhur Day,446,179
2024-11-07,Madhur Night,348,570
2024-11-07,Main Bazar,299,123
2024-11-07,Milan Day,377,456
2024-11-07,Milan Night,155,114
2024-11-07,Rajdhani Day,450,459
2024-11-07,Rajdhani Night,225,140
2024-11-07,Sridevi,178,349
2024-11-07,Sridevi Night,566,678
2024-11-07,Time Bazar,337,145
2024-11-08,Kalyan,170,590
2024-11-08,Kalyan Night,157,377
2024-11-08,Madhur Day,670,260
2024-11-08,Madhur Night,380,228
2024-11-08,Main Bazar,179,280
2024-11-08,Milan Day,670,449
2024-11-08,Milan Night,890,256
2024-11-08,Rajdhani Day,278,247
2024-11-08,Rajdhani Night,180,149
2024-11-08,Sridevi,467,136
2024-11-08,Sridevi Night,256,578
2024-11-08,Time Bazar,239,467
2024-11-09,Kalyan,350,179
2024-11-09,Madhur Day,267,557
2024-11-09,Madhur Night,670,290
2024-11-09,Milan Day,229,144
2024-11-09,Milan Night,257,233
2024-11-09,Rajdhani Day,469,237
2024-11-09,Sridevi,127,390
2024-11-09,Sridevi Night,117,447
2024-11-09,Time Bazar,367,467
2024-11-10,Madhur Day,260,166
2024-11-10,Sridevi,259,256
2024-11-10,Sridevi Night,670,136
2024-11-11,Kalyan,140,489
2024-11-11,Kalyan Night,500,338
2024-11-11,Madhur Day,900,334
2024-11-11,Madhur Night,456,348
2024-11-11,Main Bazar,117,799
2024-11-11,Milan Day,889,100
2024-11-11,Milan Night,278,670
2024-11-11,Rajdhani Day,118,259
2024-11-11,Rajdhani Night,690,800
2024-11-11,Sridevi,127,900
2024-11-11,Sridevi Night,490,356
2024-11-11,Time Bazar,140,178
2024-11-12,Kalyan,577,128
2024-11-12,Kalyan Night,178,579
2024-11-12,Madhur Day,119,790
2024-11-12,Madhur Night,380,478
2024-11-12,Main Bazar,679,166
2024-11-12,Milan Day,168,116
2024-11-12,Milan Night,390,778
2024-11-12,Rajdhani Day,579,280
2024-11-12,Rajdhani Night,239,455
2024-11-12,Sridevi,224,147
2024-11-12,Sridevi Night,570,347
2024-11-12,Time Bazar,369,468
2024-11-13,Kalyan,257,137
2024-11-13,Kalyan Night,268,145
2024-11-13,Madhur Day,567,247
2024-11-13,Madhur Night,990,134
2024-11-13,Main Bazar,190,134
2024-11-13,Milan Day,557,126
2024-11-13,Milan Night,446,500
2024-11-13,Rajdhani Day,188,248
2024-11-13,Rajdhani Night,890,138
2024-11-13,Sridevi,556,450
2024-11-13,Sridevi Night,116,244
2024-11-13,Time Bazar,140,245
2024-11-14,Kalyan,456,377
2024-11-14,Kalyan Night,200,566
2024-11-14,Madhur Day,124,288
2024-11-14,Madhur Night,112,255
2024-11-14,Main Bazar,880,129
2024-11-14,Milan Day,229,567
2024-11-14,Milan Night,259,226
2024-11-14,Rajdhani Day,789,134
2024-11-14,Rajdhani Night,490,145
2024-11-14,Sridevi,233,567
2024-11-14,Sridevi Night,149,237
2024-11-14,Time Bazar,226,369
2024-11-15,Kalyan,588,478
2024-11-15,Kalyan Night,466,166
2024-11-15,Madhur Day,178,579
2024-11-15,Madhur Night,236,120
2024-11-15,Main Bazar,157,600
2024-11-15,Milan Day,445,139
2024-11-15,Milan Night,369,289
2024-11-15,Rajdhani Day,600,268
2024-11-15,Rajdhani Night,580,128
2024-11-15,Sridevi,790,556
2024-11-15,Sridevi Night,160,688
2024-11-15,Time Bazar,677,458
2024-11-16,Kalyan,379,258
2024-11-16,Madhur Day,335,123
2024-11-16,Madhur Night,240,125
2024-11-16,Milan Day,157,268
2024-11-16,Milan Night,340,458
2024-11-16,Rajdhani Day,157,468
2024-11-16,Sridevi,678,180
2024-11-16,Sridevi Night,146,137
2024-11-16,Time Bazar,577,778
2024-11-17,Madhur Day,389,237
2024-11-17,Sridevi,356,289
2024-11-17,Sridevi Night,148,130
2024-11-18,Kalyan,460,168
2024-11-18,Kalyan Night,167,334
2024-11-18,Madhur Day,260,126
2024-11-18,Madhur Night,255,258
2024-11-18,Main Bazar,589,148
2024-11-18,Milan Day,189,670
2024-11-18,Milan Night,170,880
2024-11-18,Rajdhani Day,167,148
2024-11-18,Rajdhani Night,199,117
2024-11-18,Sridevi,160,558
2024-11-18,Sridevi Night,339,440
2024-11-18,Time Bazar,690,124
2024-11-19,Kalyan,667,479
2024-11-19,Kalyan Night,125,260
2024-11-19,Madhur Day,300,158
2024-11-19,Madhur Night,890,170
2024-11-19,Main Bazar,148,123
2024-11-19,Milan Day,337,280
2024-11-19,Milan Night,270,679
2024-11-19,Rajdhani Day,579,450
2024-11-19,Rajdhani Night,370,147
2024-11-19,Sridevi,227,448
2024-11-19,Sridevi Night,135,170
2024-11-19,Time Bazar,479,146
2024-11-20,Kalyan,557,770
2024-11-20,Kalyan Night,367,669
2024-11-20,Madhur Day,378,345
2024-11-20,Madhur Night,389,128
2024-11-20,Main Bazar,129,490
2024-11-20,Milan Day,267,370
2024-11-20,Milan Night,230,450
2024-11-20,Rajdhani Day,368,189
2024-11-20,Rajdhani Night,133,126
2024-11-20,Sridevi,226,229
2024-11-20,Sridevi Night,780,679
2024-11-20,Time Bazar,356,125
2024-11-21,Kalyan,136,259
2024-11-21,Kalyan Night,230,369
2024-11-21,Madhur Day,577,112
2024-11-21,Madhur Night,123,899
2024-11-21,Main Bazar,889,144
2024-11-21,Milan Day,270,120
2024-11-21,Milan Night,270,590
2024-11-21,Rajdhani Day,335,140
2024-11-21,Rajdhani Night,246,368
2024-11-21,Sridevi,900,447
2024-11-21,Sridevi Night,349,156
2024-11-21,Time Bazar,779,258
2024-11-22,Kalyan,119,234
2024-11-22,Kalyan Night,134,566
2024-11-22,Madhur Day,247,268
2024-11-22,Madhur Night,270,660
2024-11-22,Main Bazar,448,124
2024-11-22,Milan Day,456,355
2024-11-22,Milan Night,478,256
2024-11-22,Rajdhani Day,270,300
2024-11-22,Rajdhani Night,349,299
2024-11-22,Sridevi,789,370
2024-11-22,Sridevi Night,489,167
2024-11-22,Time Bazar,128,348
2024-11-23,Kalyan,268,689
2024-11-23,Madhur Day,400,356
2024-11-23,Madhur Night,228,446
2024-11-23,Milan Day,678,270
2024-11-23,Milan Night,580,267
2024-11-23,Rajdhani Day,400,189
2024-11-23,Sridevi,255,234
2024-11-23,Sridevi Night,380,244
2024-11-23,Time Bazar,190,258
2024-11-24,Madhur Day,455,490
2024-11-24,Sridevi,367,780
2024-11-24,Sridevi Night,247,149
2024-11-25,Kalyan,379,280
2024-11-25,Kalyan Night,178,277
2024-11-25,Madhur Day,470,120
2024-11-25,Madhur Night,499,277
2024-11-25,Main Bazar,246,290
2024-11-25,Milan Day,155,299
2024-11-25,Milan Night,568,778
2024-11-25,Rajdhani Day,368,160
2024-11-25,Rajdhani Night,339,569
2024-11-25,Sridevi,560,369
2024-11-25,Sridevi Night,670,390
2024-11-25,Time Bazar,600,346
2024-11-26,Kalyan,346,400
2024-11-26,Kalyan Night,245,456
2024-11-26,Madhur Day,344,129
2024-11-26,Madhur Night,270,440
2024-11-26,Main Bazar,136,113
2024-11-26,Milan Day,279,146
2024-11-26,Milan Night,349,237
2024-11-26,Rajdhani Day,580,459
2024-11-26,Rajdhani Night,130,357
2024-11-26,Sridevi,117,349
2024-11-26,Sridevi Night,490,469
2024-11-26,Time Bazar,678,138
2024-11-27,Kalyan,260,200
2024-11-27,Kalyan Night,270,258
2024-11-27,Madhur Day,123,569
2024-11-27,Madhur Night,234,125
2024-11-27,Main Bazar,139,239
2024-11-27,Milan Day,550,126
2024-11-27,Milan Night,260,360
2024-11-27,Rajdhani Day,238,390
2024-11-27,Rajdhani Night,400,680
2024-11-27,Sridevi,660,128
2024-11-27,Sridevi Night,146,280
2024-11-27,Time Bazar,330,559
2024-11-28,Kalyan,370,144
2024-11-28,Kalyan Night,680,125
2024-11-28,Madhur Day,126,340
2024-11-28,Madhur Night,577,147
2024-11-28,Main Bazar,168,257
2024-11-28,Milan Day,245,466
2024-11-28,Milan Night,558,237
2024-11-28,Rajdhani Day,358,346
2024-11-28,Rajdhani Night,133,366
2024-11-28,Sridevi,266,678
2024-11-28,Sridevi Night,459,780
2024-11-28,Time Bazar,570,344
2024-11-29,Kalyan,589,260
2024-11-29,Kalyan Night,146,250
2024-11-29,Madhur Day,670,778
2024-11-29,Madhur Night,127,400
2024-11-29,Main Bazar,599,457
2024-11-29,Milan Day,337,390
2024-11-29,Milan Night,560,233
2024-11-29,Rajdhani Day,679,590
2024-11-29,Rajdhani Night,789,234
2024-11-29,Sridevi,570,800
2024-11-29,Sridevi Night,378,489
2024-11-29,Time Bazar,466,200
2024-11-30,Kalyan,137,577
2024-11-30,Madhur Day,135,149
2024-11-30,Madhur Night,339,125
2024-11-30,Milan Day,247,330
2024-11-30,Milan Night,490,390
2024-11-30,Rajdhani Day,380,300
2024-11-30,Sridevi,480,689
2024-11-30,Sridevi Night,170,268
2024-11-30,Time Bazar,379,240
2024-12-01,Madhur Day,367,380
2024-12-01,Sridevi,258,580
2024-12-01,Sridevi Night,156,790
2024-12-02,Kalyan,467,480
2024-12-02,Kalyan Night,458,233
2024-12-02,Madhur Day,557,127
2024-12-02,Madhur Night,345,588
2024-12-02,Main Bazar,689,558
2024-12-02,Milan Day,448,399
2024-12-02,Milan Night,267,689
2024-12-02,Rajdhani Day,370,357
2024-12-02,Rajdhani Night,690,136
2024-12-02,Sridevi,447,357
2024-12-02,Sridevi Night,590,389
2024-12-02,Time Bazar,357,566
2024-12-03,Kalyan,337,347
2024-12-03,Kalyan Night,600,228
2024-12-03,Madhur Day,178,100
2024-12-03,Madhur Night,456,177
2024-12-03,Main Bazar,144,990
2024-12-03,Milan Day,278,138
2024-12-03,Milan Night,119,345
2024-12-03,Rajdhani Day,990,267
2024-12-03,Rajdhani Night,156,390
2024-12-03,Sridevi,570,790
2024-12-03,Sridevi Night,569,368
2024-12-03,Time Bazar,170,259
2024-12-04,Kalyan,138,380
2024-12-04,Kalyan Night,136,459
2024-12-04,Madhur Day,680,178
2024-12-04,Madhur Night,360,112
2024-12-04,Main Bazar,138,269
2024-12-04,Milan Day,146,579
2024-12-04,Milan Night,235,247
2024-12-04,Rajdhani Day,789,356
2024-12-04,Rajdhani Night,560,277
2024-12-04,Sridevi,688,289
2024-12-04,Sridevi Night,380,240
2024-12-04,Time Bazar,589,167
2024-12-05,Kalyan,580,156
2024-12-05,Kalyan Night,140,245
2024-12-05,Madhur Day,790,356
2024-12-05,Madhur Night,125,340
2024-12-05,Main Bazar,345,458
2024-12-05,Milan Day,458,267
2024-12-05,Milan Night,400,155
2024-12-05,Rajdhani Day,479,557
2024-12-05,Rajdhani Night,116,237
2024-12-05,Sridevi,479,459
2024-12-05,Sridevi Night,234,345
2024-12-05,Time Bazar,168,278
2024-12-06,Kalyan,156,489
2024-12-06,Kalyan Night,244,389
2024-12-06,Madhur Day,589,470
2024-12-06,Madhur Night,679,790
2024-12-06,Main Bazar,249,147
2024-12-06,Milan Day,479,136
2024-12-06,Milan Night,348,266
2024-12-06,Rajdhani Day,466,235
2024-12-06,Rajdhani Night,346,349
2024-12-06,Sridevi,256,279
2024-12-06,Sridevi Night,449,118
2024-12-06,Time Bazar,180,440
2024-12-07,Kalyan,158,129
2024-12-07,Madhur Day,668,156
2024-12-07,Madhur Night,399,379
2024-12-07,Milan Day,890,670
2024-12-07,Milan Night,488,455
2024-12-07,Rajdhani Day,680,345
2024-12-07,Sridevi,345,139
2024-12-07,Sridevi Night,369,460
2024-12-07,Time Bazar,226,250
2024-12-08,Madhur Day,890,470
2024-12-08,Sridevi,180,150
2024-12-08,Sridevi Night,126,346
2024-12-09,Kalyan,168,170
2024-12-09,Kalyan Night,336,370
2024-12-09,Madhur Day,169,590
2024-12-09,Madhur Night,277,900
2024-12-09,Main Bazar,448,190
2024-12-09,Milan Day,440,336
2024-12-09,Milan Night,447,490
2024-12-09,Rajdhani Day,667,470
2024-12-09,Rajdhani Night,370,166
2024-12-09,Sridevi,149,260
2024-12-09,Sridevi Night,268,348
2024-12-09,Time Bazar,459,478
2024-12-10,Kalyan,224,347
2024-12-10,Kalyan Night,270,556
2024-12-10,Madhur Day,338,577
2024-12-10,Madhur Night,668,445
2024-12-10,Main Bazar,279,230
2024-12-10,Milan Day,880,230
2024-12-10,Milan Night,118,489
2024-12-10,Rajdhani Day,120,377
2024-12-10,Rajdhani Night,249,570
2024-12-10,Sridevi,460,134
2024-12-10,Sridevi Night,120,269
2024-12-10,Time Bazar,157,179
2024-12-11,Kalyan,488,299
2024-12-11,Kalyan Night,450,259
2024-12-11,Madhur Day,379,278
2024-12-11,Madhur Night,378,140
2024-12-11,Main Bazar,345,257
2024-12-11,Milan Day,340,790
2024-12-11,Milan Night,600,477
2024-12-11,Rajdhani Day,157,470
2024-12-11,Rajdhani Night,348,468
2024-12-11,Sridevi,267,389
2024-12-11,Sridevi Night,146,367
2024-12-11,Time Bazar,479,345
2024-12-12,Kalyan,114,359
2024-12-12,Kalyan Night,670,380
2024-12-12,Madhur Day,678,235
2024-12-12,Madhur Night,245,236
2024-12-12,Main Bazar,123,269
2024-12-12,Milan Day,568,235
2024-12-12,Milan Night,578,119
2024-12-12,Rajdhani Day,138,150
2024-12-12,Rajdhani Night,256,569
2024-12-12,Sridevi,456,390
2024-12-12,Sridevi Night,269,467
2024-12-12,Time Bazar,189,127
2024-12-13,Kalyan,677,277
2024-12-13,Kalyan Night,389,330
2024-12-13,Madhur Day,170,566
2024-12-13,Madhur Night,236,459
2024-12-13,Main Bazar,250,444
2024-12-13,Milan Day,147,356
2024-12-13,Milan Night,457,259
2024-12-13,Rajdhani Day,336,168
2024-12-13,Rajdhani Night,299,189
2024-12-13,Sridevi,350,146
2024-12-13,Sridevi Night,255,499
2024-12-13,Time Bazar,255,680
2024-12-14,Kalyan,667,378
2024-12-14,Madhur Day,199,179
2024-12-14,Madhur Night,255,245
2024-12-14,Milan Day,668,799
2024-12-14,Milan Night,679,246
2024-12-14,Rajdhani Day,134,146
2024-12-14,Sridevi,190,134
2024-12-14,Sridevi Night,479,237
2024-12-14,Time Bazar,900,589
2024-12-15,Madhur Day,390,577
2024-12-15,Sridevi,890,448
2024-12-15,Sridevi Night,368,267
2024-12-16,Kalyan,479,157
2024-12-16,Kalyan Night,367,190
2024-12-16,Madhur Day,990,135
2024-12-16,Madhur Night,366,578
2024-12-16,Main Bazar,290,259
2024-12-16,Milan Day,136,179
2024-12-16,Milan Night,490,227
2024-12-16,Rajdhani Day,678,235
2024-12-16,Rajdhani Night,456,679
2024-12-16,Sridevi,560,678
2024-12-16,Sridevi Night,127,277
2024-12-16,Time Bazar,466,590
2024-12-17,Kalyan,468,589
2024-12-17,Kalyan Night,236,126
2024-12-17,Madhur Day,279,123
2024-12-17,Madhur Night,249,550
2024-12-17,Main Bazar,460,136
2024-12-17,Milan Day,189,178
2024-12-17,Milan Night,780,799
2024-12-17,Rajdhani Day,123,130
2024-12-17,Rajdhani Night,157,380
2024-12-17,Sridevi,235,239
2024-12-17,Sridevi Night,178,348
2024-12-17,Time Bazar,380,268
2024-12-18,Kalyan,679,667
2024-12-18,Kalyan Night,157,500
2024-12-18,Madhur Day,155,570
2024-12-18,Madhur Night,157,360
2024-12-18,Main Bazar,260,146
2024-12-18,Milan Day,139,138
2024-12-18,Milan Night,126,157
2024-12-18,Rajdhani Day,245,127
2024-12-18,Rajdhani Night,990,469
2024-12-18,Sridevi,189,669
2024-12-18,Sridevi Night,790,140
2024-12-18,Time Bazar,127,690
2024-12-19,Kalyan,379,226
2024-12-19,Kalyan Night,139,599
2024-12-19,Madhur Day,568,136
2024-12-19,Madhur Night,169,579
2024-12-19,Main Bazar,125,256
2024-12-19,Milan Day,380,134
2024-12-19,Milan Night,459,130
2024-12-19,Rajdhani Day,124,240
2024-12-19,Rajdhani Night,115,458
2024-12-19,Sridevi,688,390
2024-12-19,Sridevi Night,169,350
2024-12-19,Time Bazar,146,349
2024-12-20,Kalyan,560,455
2024-12-20,Kalyan Night,788,456
2024-12-20,Madhur Day,466,450
2024-12-20,Madhur Night,135,268
2024-12-20,Main Bazar,236,268
2024-12-20,Milan Day,348,790
2024-12-20,Milan Night,237,890
2024-12-20,Rajdhani Day,135,499
2024-12-20,Rajdhani Night,269,259
2024-12-20,Sridevi,139,566
2024-12-20,Sridevi Night,158,238
2024-12-20,Time Bazar,780,245
2024-12-21,Kalyan,114,367
2024-12-21,Madhur Day,355,233
2024-12-21,Madhur Night,248,189
2024-12-21,Milan Day,470,239
2024-12-21,Milan Night,260,890
2024-12-21,Rajdhani Day,266,127
2024-12-21,Sridevi,180,558
2024-12-21,Sridevi Night,699,380
2024-12-21,Time Bazar,560,147
2024-12-22,Madhur Day,478,160
2024-12-22,Sridevi,147,240
2024-12-22,Sridevi Night,667,229
2024-12-23,Kalyan,578,589
2024-12-23,Kalyan Night,256,560
2024-12-23,Madhur Day,556,488
2024-12-23,Madhur Night,127,149
2024-12-23,Main Bazar,670,189
2024-12-23,Milan Day,788,220
2024-12-23,Milan Night,140,369
2024-12-23,Rajdhani Day,457,259
2024-12-23,Rajdhani Night,567,779
2024-12-23,Sridevi,678,168
2024-12-23,Sridevi Night,390,156
2024-12-23,Time Bazar,450,588
2024-12-24,Kalyan,699,235
2024-12-24,Kalyan Night,990,126
2024-12-24,Madhur Day,358,366
2024-12-24,Madhur Night,359,780
2024-12-24,Main Bazar,477,556
2024-12-24,Milan Day,778,280
2024-12-24,Milan Night,125,267
2024-12-24,Rajdhani Day,235,144
2024-12-24,Rajdhani Night,780,789
2024-12-24,Sridevi,459,378
2024-12-24,Sridevi Night,788,227
2024-12-24,Time Bazar,479,790
2024-12-25,Kalyan,199,345
2024-12-25,Kalyan Night,146,248
2024-12-25,Madhur Day,560,359
2024-12-25,Madhur Night,227,459
2024-12-25,Main Bazar,267,490
2024-12-25,Milan Day,134,900
2024-12-25,Milan Night,116,589
2024-12-25,Rajdhani Day,180,356
2024-12-25,Rajdhani Night,468,450
2024-12-25,Sridevi,345,367
2024-12-25,Sridevi Night,220,467
2024-12-25,Time Bazar,239,478
2024-12-26,Kalyan,116,780
2024-12-26,Kalyan Night,678,130
2024-12-26,Madhur Day,370,790
2024-12-26,Madhur Night,135,350
2024-12-26,Main Bazar,699,799
2024-12-26,Milan Day,159,560
2024-12-26,Milan Night,147,890
2024-12-26,Rajdhani Day,360,177
2024-12-26,Rajdhani Night,469,156
2024-12-26,Sridevi,369,150
2024-12-26,Sridevi Night,199,440
2024-12-26,Time Bazar,120,256
2024-12-27,Kalyan,569,136
2024-12-27,Kalyan Night,236,129
2024-12-27,Madhur Day,227,138
2024-12-27,Madhur Night,445,300
2024-12-27,Main Bazar,390,789
2024-12-27,Milan Day,390,340
2024-12-27,Milan Night,249,456
2024-12-27,Rajdhani Day,135,280
2024-12-27,Rajdhani Night,660,338
2024-12-27,Sridevi,390,358
2024-12-27,Sridevi Night,359,148
2024-12-27,Time Bazar,347,369
2024-12-28,Kalyan,800,260
2024-12-28,Madhur Day,156,247
2024-12-28,Madhur Night,189,377
2024-12-28,Milan Day,589,477
2024-12-28,Milan Night,356,358
2024-12-28,Rajdhani Day,269,500
2024-12-28,Sridevi,168,990
2024-12-28,Sridevi Night,150,225
2024-12-28,Time Bazar,245,349
2024-12-29,Madhur Day,136,488
2024-12-29,Sridevi,690,149
2024-12-29,Sridevi Night,458,688
2024-12-30,Kalyan,580,144
2024-12-30,Kalyan Night,378,347
2024-12-30,Madhur Day,790,248
2024-12-30,Madhur Night,336,100
2024-12-30,Main Bazar,190,123
2024-12-30,Milan Day,558,990
2024-12-30,Milan Night,345,134
2024-12-30,Rajdhani Day,678,236
2024-12-30,Rajdhani Night,147,345
2024-12-30,Sridevi,569,248
2024-12-30,Sridevi Night,566,459
2024-12-30,Time Bazar,167,560
2024-12-31,Kalyan,379,257
2024-12-31,Kalyan Night,568,179
2024-12-31,Madhur Day,144,166
2024-12-31,Madhur Night,248,338
2024-12-31,Main Bazar,277,117
2024-12-31,Milan Day,145,169
2024-12-31,Milan Night,169,360
2024-12-31,Rajdhani Day,770,569
2024-12-31,Rajdhani Night,590,136
2024-12-31,Sridevi,348,557
2024-12-31,Sridevi Night,113,127
2024-12-31,Time Bazar,129,233
2025-01-01,Kalyan,229,599
2025-01-01,Kalyan Night,478,139
2025-01-01,Madhur Day,148,147
2025-01-01,Madhur Night,248,177
2025-01-01,Main Bazar,134,550
2025-01-01,Milan Day,348,337
2025-01-01,Milan Night,199,233
2025-01-01,Rajdhani Day,357,147
2025-01-01,Rajdhani Night,790,479
2025-01-01,Sridevi,690,340
2025-01-01,Sridevi Night,789,268
2025-01-01,Time Bazar,136,459
2025-01-02,Kalyan,447,125
2025-01-02,Kalyan Night,259,158
2025-01-02,Madhur Day,357,160
2025-01-02,Madhur Night,130,445
2025-01-02,Main Bazar,689,556
2025-01-02,Milan Day,366,180
2025-01-02,Milan Night,678,180
2025-01-02,Rajdhani Day,490,559
2025-01-02,Rajdhani Night,489,247
2025-01-02,Sridevi,240,167
2025-01-02,Sridevi Night,568,390
2025-01-02,Time Bazar,240,450
2025-01-03,Kalyan,344,470
2025-01-03,Kalyan Night,380,125
2025-01-03,Madhur Day,126,248
2025-01-03,Madhur Night,290,178
2025-01-03,Main Bazar,260,470
2025-01-03,Milan Day,390,119
2025-01-03,Milan Night,130,150
2025-01-03,Rajdhani Day,146,136
2025-01-03,Rajdhani Night,267,680
2025-01-03,Sridevi,478,457
2025-01-03,Sridevi Night,140,245
2025-01-03,Time Bazar,589,159
2025-01-04,Kalyan,178,337
2025-01-04,Madhur Day,167,236
2025-01-04,Madhur Night,567,489
2025-01-04,Milan Day,159,379
2025-01-04,Milan Night,169,350
2025-01-04,Rajdhani Day,220,456
2025-01-04,Sridevi,270,148
2025-01-04,Sridevi Night,588,389
2025-01-04,Time Bazar,690,390
2025-01-05,Madhur Day,466,678
2025-01-05,Sridevi,135,367
2025-01-05,Sridevi Night,389,478
2025-01-06,Kalyan,388,100
2025-01-06,Kalyan Night,279,449
2025-01-06,Madhur Day,700,178
2025-01-06,Madhur Night,179,124
2025-01-06,Main Bazar,780,230
2025-01-06,Milan Day,139,237
2025-01-06,Milan Night,567,678
2025-01-06,Rajdhani Day,357,360
2025-01-06,Rajdhani Night,155,178
2025-01-06,Sridevi,458,127
2025-01-06,Sridevi Night,223,390
2025-01-06,Time Bazar,289,467
2025-01-07,Kalyan,178,135
2025-01-07,Kalyan Night,669,890
2025-01-07,Madhur Day,578,290
2025-01-07,Madhur Night,689,259
2025-01-07,Main Bazar,470,268
2025-01-07,Milan Day,388,780
2025-01-07,Milan Night,479,247
2025-01-07,Rajdhani Day,136,168
2025-01-07,Rajdhani Night,578,190
2025-01-07,Sridevi,378,450
2025-01-07,Sridevi Night,340,127
2025-01-07,Time Bazar,130,680
2025-01-08,Kalyan,358,127
2025-01-08,Kalyan Night,450,269
2025-01-08,Madhur Day,124,556
2025-01-08,Madhur Night,226,568
2025-01-08,Main Bazar,155,130
2025-01-08,Milan Day,150,179
2025-01-08,Milan Night,480,130
2025-01-08,Rajdhani Day,470,590
2025-01-08,Rajdhani Night,448,345
2025-01-08,Sridevi,468,579
2025-01-08,Sridevi Night,280,368
2025-01-08,Time Bazar,356,167
2025-01-09,Kalyan,449,128
2025-01-09,Kalyan Night,247,289
2025-01-09,Madhur Day,230,113
2025-01-09,Madhur Night,578,149
2025-01-09,Main Bazar,560,679
2025-01-09,Milan Day,488,349
2025-01-09,Milan Night,169,359
2025-01-09,Rajdhani Day,257,588
2025-01-09,Rajdhani Night,280,257
2025-01-09,Sridevi,679,469
2025-01-09,Sridevi Night,144,356
2025-01-09,Time Bazar,127,248
2025-01-10,Kalyan,350,267
2025-01-10,Kalyan Night,569,380
2025-01-10,Madhur Day,239,130
2025-01-10,Madhur Night,359,660
2025-01-10,Main Bazar,480,145
2025-01-10,Milan Day,356,348
2025-01-10,Milan Night,579,360
2025-01-10,Rajdhani Day,229,456
2025-01-10,Rajdhani Night,245,234
2025-01-10,Sridevi,456,167
2025-01-10,Sridevi Night,178,880
2025-01-10,Time Bazar,349,237
2025-01-11,Kalyan,390,370
2025-01-11,Madhur Day,360,580
2025-01-11,Madhur Night,560,457
2025-01-11,Milan Day,168,156
2025-01-11,Milan Night,490,369
2025-01-11,Rajdhani Day,457,358
2025-01-11,Sridevi,480,240
2025-01-11,Sridevi Night,590,678
2025-01-11,Time Bazar,800,279
2025-01-12,Madhur Day,177,168
2025-01-12,Sridevi,470,250
2025-01-12,Sridevi Night,456,228
2025-01-13,Kalyan,180,357
2025-01-13,Kalyan Night,379,249
2025-01-13,Madhur Day,480,227
2025-01-13,Madhur Night,128,230
2025-01-13,Main Bazar,380,138
2025-01-13,Milan Day,157,126
2025-01-13,Milan Night,480,880
2025-01-13,Rajdhani Day,137,117
2025-01-13,Rajdhani Night,249,567
2025-01-13,Sridevi,448,799
2025-01-13,Sridevi Night,239,234
2025-01-13,Time Bazar,247,166
2025-01-14,Kalyan,138,279
2025-01-14,Kalyan Night,267,347
2025-01-14,Madhur Day,378,148
2025-01-14,Madhur Night,290,190
2025-01-14,Main Bazar,690,236
2025-01-14,Milan Day,466,440
2025-01-14,Milan Night,278,156
2025-01-14,Rajdhani Day,139,369
2025-01-14,Rajdhani Night,355,570
2025-01-14,Sridevi,199,377
2025-01-14,Sridevi Night,160,330
2025-01-14,Time Bazar,230,119
2025-01-15,Kalyan,236,588
2025-01-15,Kalyan Night,339,700
2025-01-15,Madhur Day,689,445
2025-01-15,Madhur Night,289,366
2025-01-15,Main Bazar,129,146
2025-01-15,Milan Day,268,134
2025-01-15,Milan Night,127,468
2025-01-15,Rajdhani Day,110,469
2025-01-15,Rajdhani Night,339,238
2025-01-15,Sridevi,270,125
2025-01-15,Sridevi Night,699,280
2025-01-15,Time Bazar,334,113
2025-01-16,Kalyan,679,270
2025-01-16,Kalyan Night,269,246
2025-01-16,Madhur Day,227,158
2025-01-16,Madhur Night,233,223
2025-01-16,Main Bazar,380,578
2025-01-16,Milan Day,279,148
2025-01-16,Milan Night,235,160
2025-01-16,Rajdhani Day,248,390
2025-01-16,Rajdhani Night,123,558
2025-01-16,Sridevi,477,678
2025-01-16,Sridevi Night,255,290
2025-01-16,Time Bazar,390,457
2025-01-17,Kalyan,390,350
2025-01-17,Kalyan Night,278,260
2025-01-17,Madhur Day,550,117
2025-01-17,Madhur Night,378,125
2025-01-17,Main Bazar,149,333
2025-01-17,Milan Day,366,240
2025-01-17,Milan Night,260,189
2025-01-17,Rajdhani Day,160,279
2025-01-17,Rajdhani Night,480,160
2025-01-17,Sridevi,568,179
2025-01-17,Sridevi Night,556,359
2025-01-17,Time Bazar,440,779
2025-01-18,Kalyan,470,189
2025-01-18,Madhur Day,389,578
2025-01-18,Madhur Night,367,248
2025-01-18,Milan Day,157,458
2025-01-18,Milan Night,140,259
2025-01-18,Rajdhani Day,569,799
2025-01-18,Sridevi,990,359
2025-01-18,Sridevi Night,244,570
2025-01-18,Time Bazar,277,356
2025-01-19,Madhur Day,490,269
2025-01-19,Sridevi,256,348
2025-01-19,Sridevi Night,349,168
2025-01-20,Kalyan,257,458
2025-01-20,Kalyan Night,568,778
2025-01-20,Madhur Day,169,139
2025-01-20,Madhur Night,469,126
2025-01-20,Main Bazar,690,177
2025-01-20,Milan Day,360,660
2025-01-20,Milan Night,489,367
2025-01-20,Rajdhani Day,580,478
2025-01-20,Rajdhani Night,129,689
2025-01-20,Sridevi,135,346
2025-01-20,Sridevi Night,679,266
2025-01-20,Time Bazar,667,110
2025-01-21,Kalyan,800,148
2025-01-21,Kalyan Night,490,358
2025-01-21,Madhur Day,448,700
2025-01-21,Madhur Night,189,220
2025-01-21,Main Bazar,226,266
2025-01-21,Milan Day,178,689
2025-01-21,Milan Night,137,388
2025-01-21,Rajdhani Day,556,466
2025-01-21,Rajdhani Night,489,579
2025-01-21,Sridevi,579,125
2025-01-21,Sridevi Night,344,667
2025-01-21,Time Bazar,149,355
2025-01-22,Kalyan,149,357
2025-01-22,Kalyan Night,380,167
2025-01-22,Madhur Day,390,588
2025-01-22,Madhur Night,136,124
2025-01-22,Main Bazar,679,369
2025-01-22,Milan Day,277,569
2025-01-22,Milan Night,179,460
2025-01-22,Rajdhani Day,178,149
2025-01-22,Rajdhani Night,128,457
2025-01-22,Sridevi,259,256
2025-01-22,Sridevi Night,230,139
2025-01-22,Time Bazar,578,460
2025-01-23,Kalyan,260,145
2025-01-23,Kalyan Night,780,388
2025-01-23,Madhur Day,679,245
2025-01-23,Madhur Night,140,147
2025-01-23,Main Bazar,900,146
2025-01-23,Milan Day,490,558
2025-01-23,Milan Night,268,178
2025-01-23,Rajdhani Day,570,190
2025-01-23,Rajdhani Night,469,378
2025-01-23,Sridevi,780,150
2025-01-23,Sridevi Night,258,678
2025-01-23,Time Bazar,248,556
2025-01-24,Kalyan,256,689
2025-01-24,Kalyan Night,700,468
2025-01-24,Madhur Day,479,346
2025-01-24,Madhur Night,129,114
2025-01-24,Main Bazar,156,479
2025-01-24,Milan Day,146,569
2025-01-24,Milan Night,258,446
2025-01-24,Rajdhani Day,477,259
2025-01-24,Rajdhani Night,337,158
2025-01-24,Sridevi,166,370
2025-01-24,Sridevi Night,280,246
2025-01-24,Time Bazar,290,125
2025-01-25,Kalyan,489,369
2025-01-25,Madhur Day,660,558
2025-01-25,Madhur Night,780,148
2025-01-25,Milan Day,277,280
2025-01-25,Milan Night,249,120
2025-01-25,Rajdhani Day,339,580
2025-01-25,Sridevi,120,770
2025-01-25,Sridevi Night,279,346
2025-01-25,Time Bazar,246,489
2025-01-27,Kalyan,289,349
2025-01-27,Kalyan Night,688,160
2025-01-27,Madhur Day,229,450
2025-01-27,Madhur Night,240,779
2025-01-27,Main Bazar,358,457
2025-01-27,Milan Day,679,110
2025-01-27,Milan Night,569,134
2025-01-27,Rajdhani Day,150,148
2025-01-27,Rajdhani Night,356,467
2025-01-27,Sridevi,366,388
2025-01-27,Sridevi Night,235,127
2025-01-27,Time Bazar,880,377
2025-01-28,Kalyan,589,267
2025-01-28,Kalyan Night,120,234
2025-01-28,Madhur Day,336,117
2025-01-28,Madhur Night,490,456
2025-01-28,Main Bazar,469,448
2025-01-28,Milan Day,348,900
2025-01-28,Milan Night,357,112
2025-01-28,Rajdhani Day,137,669
2025-01-28,Rajdhani Night,128,160
2025-01-28,Sridevi,336,379
2025-01-28,Sridevi Night,159,490
2025-01-28,Time Bazar,260,390
2025-01-29,Kalyan,250,369
2025-01-29,Kalyan Night,120,590
2025-01-29,Madhur Day,200,880
2025-01-29,Madhur Night,388,117
2025-01-29,Main Bazar,480,279
2025-01-29,Milan Day,477,558
2025-01-29,Milan Night,179,770
2025-01-29,Rajdhani Day,357,235
2025-01-29,Rajdhani Night,588,456
2025-01-29,Sridevi,156,355
2025-01-29,Sridevi Night,489,590
2025-01-29,Time Bazar,140,600
2025-01-30,Kalyan,690,478
2025-01-30,Kalyan Night,266,224
2025-01-30,Madhur Day,799,590
2025-01-30,Madhur Night,170,167
2025-01-30,Main Bazar,337,120
2025-01-30,Milan Day,178,269
2025-01-30,Milan Night,158,337
2025-01-30,Rajdhani Day,189,200
2025-01-30,Rajdhani Night,137,234
2025-01-30,Sridevi,237,270
2025-01-30,Sridevi Night,177,348
2025-01-30,Time Bazar,888,599
2025-01-31,Kalyan,580,550
2025-01-31,Kalyan Night,390,478
2025-01-31,Madhur Day,245,449
2025-01-31,Madhur Night,270,245
2025-01-31,Main Bazar,157,689
2025-01-31,Milan Day,135,126
2025-01-31,Milan Night,378,279
2025-01-31,Rajdhani Day,800,390
2025-01-31,Rajdhani Night,267,179
2025-01-31,Sridevi,233,557
2025-01-31,Sridevi Night,246,138
2025-01-31,Time Bazar,799,260
2025-02-01,Kalyan,270,167
2025-02-01,Madhur Day,179,290
2025-02-01,Madhur Night,690,399
2025-02-01,Milan Day,180,560
2025-02-01,Milan Night,467,346
2025-02-01,Rajdhani Day,129,690
2025-02-01,Sridevi,248,126
2025-02-01,Sridevi Night,160,360
2025-02-01,Time Bazar,477,180
2025-02-02,Madhur Day,189,127
2025-02-02,Sridevi,378,136
2025-02-02,Sridevi Night,456,249
2025-02-03,Kalyan,136,189
2025-02-03,Kalyan Night,145,120
2025-02-03,Madhur Day,360,570
2025-02-03,Madhur Night,390,778
2025-02-03,Main Bazar,367,189
2025-02-03,Milan Day,170,889
2025-02-03,Milan Night,177,120
2025-02-03,Rajdhani Day,556,346
2025-02-03,Rajdhani Night,456,889
2025-02-03,Sridevi,180,124
2025-02-03,Sridevi Night,277,690
2025-02-03,Time Bazar,800,450
2025-02-04,Kalyan,267,357
2025-02-04,Kalyan Night,238,127
2025-02-04,Madhur Day,160,590
2025-02-04,Madhur Night,123,489
2025-02-04,Main Bazar,589,556
2025-02-04,Milan Day,123,590
2025-02-04,Milan Night,589,224
2025-02-04,Rajdhani Day,127,190
2025-02-04,Rajdhani Night,278,270
2025-02-04,Sridevi,469,114
2025-02-04,Sridevi Night,200,588
2025-02-04,Time Bazar,799,390
2025-02-05,Kalyan,280,239
2025-02-05,Kalyan Night,789,124
2025-02-05,Madhur Day,133,446
2025-02-05,Madhur Night,556,350
2025-02-05,Main Bazar,270,790
2025-02-05,Milan Day,239,479
2025-02-05,Milan Night,110,266
2025-02-05,Rajdhani Day,470,590
2025-02-05,Rajdhani Night,100,348
2025-02-05,Sridevi,245,349
2025-02-05,Sridevi Night,589,125
2025-02-05,Time Bazar,678,144
2025-02-06,Kalyan,678,149
2025-02-06,Kalyan Night,122,124
2025-02-06,Madhur Day,236,339
2025-02-06,Madhur Night,470,244
2025-02-06,Main Bazar,880,239
2025-02-06,Milan Day,590,170
2025-02-06,Milan Night,247,168
2025-02-06,Rajdhani Day,340,578
2025-02-06,Rajdhani Night,239,580
2025-02-06,Sridevi,349,146
2025-02-06,Sridevi Night,117,145
2025-02-06,Time Bazar,112,166
2025-02-07,Kalyan,159,690
2025-02-07,Kalyan Night,778,558
2025-02-07,Madhur Day,780,359
2025-02-07,Madhur Night,900,255
2025-02-07,Main Bazar,115,134
2025-02-07,Milan Day,237,245
2025-02-07,Milan Night,389,347
2025-02-07,Rajdhani Day,388,335
2025-02-07,Rajdhani Night,569,224
2025-02-07,Sridevi,489,246
2025-02-07,Sridevi Night,124,199
2025-02-07,Time Bazar,380,370
2025-02-08,Kalyan,348,678
2025-02-08,Madhur Day,334,479
2025-02-08,Madhur Night,469,340
2025-02-08,Milan Day,277,299
2025-02-08,Milan Night,145,478
2025-02-08,Rajdhani Day,158,370
2025-02-08,Sridevi,367,236
2025-02-08,Sridevi Night,346,167
2025-02-08,Time Bazar,358,590
2025-02-09,Madhur Day,260,139
2025-02-09,Sridevi,390,170
2025-02-09,Sridevi Night,128,788
2025-02-10,Kalyan,359,470
2025-02-10,Kalyan Night,347,578
2025-02-10,Madhur Day,478,177
2025-02-10,Madhur Night,569,190
2025-02-10,Main Bazar,269,280
2025-02-10,Milan Day,789,568
2025-02-10,Milan Night,235,246
2025-02-10,Rajdhani Day,224,359
2025-02-10,Rajdhani Night,690,245
2025-02-10,Sridevi,360,789
2025-02-10,Sridevi Night,136,167
2025-02-10,Time Bazar,679,600
2025-02-11,Kalyan,336,179
2025-02-11,Kalyan Night,347,190
2025-02-11,Madhur Day,378,266
2025-02-11,Madhur Night,699,580
2025-02-11,Main Bazar,239,448
2025-02-11,Milan Day,570,157
2025-02-11,Milan Night,136,800
2025-02-11,Rajdhani Day,235,469
2025-02-11,Rajdhani Night,379,355
2025-02-11,Sridevi,778,138
2025-02-11,Sridevi Night,899,245
2025-02-11,Time Bazar,136,559
2025-02-12,Kalyan,480,155
2025-02-12,Kalyan Night,227,377
2025-02-12,Madhur Day,134,126
2025-02-12,Madhur Night,360,560
2025-02-12,Main Bazar,158,358
2025-02-12,Milan Day,336,578
2025-02-12,Milan Night,366,267
2025-02-12,Rajdhani Day,456,112
2025-02-12,Rajdhani Night,380,113
2025-02-12,Sridevi,359,235
2025-02-12,Sridevi Night,234,268
2025-02-12,Time Bazar,235,669
2025-02-13,Kalyan,679,670
2025-02-13,Kalyan Night,590,128
2025-02-13,Madhur Day,189,270
2025-02-13,Madhur Night,126,168
2025-02-13,Main Bazar,148,780
2025-02-13,Milan Day,166,233
2025-02-13,Milan Night,499,180
2025-02-13,Rajdhani Day,558,670
2025-02-13,Rajdhani Night,138,359
2025-02-13,Sridevi,679,445
2025-02-13,Sridevi Night,159,359
2025-02-13,Time Bazar,477,159
2025-02-14,Kalyan,180,348
2025-02-14,Kalyan Night,667,178
2025-02-14,Madhur Day,223,560
2025-02-14,Madhur Night,250,259
2025-02-14,Main Bazar,128,479
2025-02-14,Milan Day,178,239
2025-02-14,Milan Night,234,350
2025-02-14,Rajdhani Day,168,380
2025-02-14,Rajdhani Night,880,248
2025-02-14,Sridevi,269,358
2025-02-14,Sridevi Night,139,346
2025-02-14,Time Bazar,668,600
2025-02-15,Kalyan,138,225
2025-02-15,Madhur Day,245,679
2025-02-15,Madhur Night,237,348
2025-02-15,Milan Day,669,337
2025-02-15,Milan Night,158,140
2025-02-15,Rajdhani Day,569,177
2025-02-15,Sridevi,159,124
2025-02-15,Sridevi Night,177,357
2025-02-15,Time Bazar,239,660
2025-02-16,Madhur Day,690,135
2025-02-16,Sridevi,299,335
2025-02-16,Sridevi Night,368,248
2025-02-17,Kalyan,255,137
2025-02-17,Kalyan Night,136,147
2025-02-17,Madhur Day,245,559
2025-02-17,Madhur Night,570,178
2025-02-17,Main Bazar,156,388
2025-02-17,Milan Day,135,258
2025-02-17,Milan Night,116,234
2025-02-17,Rajdhani Day,240,359
2025-02-17,Rajdhani Night,160,277
2025-02-17,Sridevi,259,489
2025-02-17,Sridevi Night,249,258
2025-02-17,Time Bazar,110,770
2025-02-18,Kalyan,470,900
2025-02-18,Kalyan Night,280,790
2025-02-18,Madhur Day,677,447
2025-02-18,Madhur Night,145,240
2025-02-18,Main Bazar,250,290
2025-02-18,Milan Day,130,679
2025-02-18,Milan Night,159,160
2025-02-18,Rajdhani Day,146,156
2025-02-18,Rajdhani Night,123,230
2025-02-18,Sridevi,367,689
2025-02-18,Sridevi Night,338,180
2025-02-18,Time Bazar,250,199
2025-02-19,Kalyan,247,788
2025-02-19,Kalyan Night,300,169
2025-02-19,Madhur Day,237,234
2025-02-19,Madhur Night,233,355
2025-02-19,Main Bazar,479,456
2025-02-19,Milan Day,350,178
2025-02-19,Milan Night,260,570
2025-02-19,Rajdhani Day,260,278
2025-02-19,Rajdhani Night,557,356
2025-02-19,Sridevi,690,157
2025-02-19,Sridevi Night,390,390
2025-02-19,Time Bazar,250,177
2025-02-20,Kalyan,399,179
2025-02-20,Kalyan Night,567,130
2025-02-20,Madhur Day,778,259
2025-02-20,Madhur Night,128,233
2025-02-20,Main Bazar,249,225
2025-02-20,Milan Day,670,269
2025-02-20,Milan Night,238,114
2025-02-20,Rajdhani Day,277,126
2025-02-20,Rajdhani Night,134,124
2025-02-20,Sridevi,190,239
2025-02-20,Sridevi Night,388,556
2025-02-20,Time Bazar,150,170
2025-02-21,Kalyan,269,556
2025-02-21,Kalyan Night,168,345
2025-02-21,Madhur Day,169,579
2025-02-21,Madhur Night,239,557
2025-02-21,Main Bazar,890,150
2025-02-21,Milan Day,237,120
2025-02-21,Milan Night,358,110
2025-02-21,Rajdhani Day,477,458
2025-02-21,Rajdhani Night,455,780
2025-02-21,Sridevi,124,679
2025-02-21,Sridevi Night,117,790
2025-02-21,Time Bazar,258,239
2025-02-22,Kalyan,224,455
2025-02-22,Madhur Day,166,350
2025-02-22,Madhur Night,579,130
2025-02-22,Milan Day,578,699
2025-02-22,Milan Night,780,390
2025-02-22,Rajdhani Day,258,668
2025-02-22,Sridevi,267,780
2025-02-22,Sridevi Night,139,569
2025-02-22,Time Bazar,135,668
2025-02-23,Madhur Day,467,447
2025-02-23,Sridevi,478,368
2025-02-23,Sridevi Night,160,778
2025-02-24,Kalyan,447,269
2025-02-24,Kalyan Night,290,166
2025-02-24,Madhur Day,270,129
2025-02-24,Madhur Night,120,346
2025-02-24,Main Bazar,360,379
2025-02-24,Milan Day,266,458
2025-02-24,Milan Night,370,447
2025-02-24,Rajdhani Day,268,690
2025-02-24,Rajdhani Night,357,233
2025-02-24,Sridevi,378,145
2025-02-24,Sridevi Night,660,129
2025-02-24,Time Bazar,770,290
2025-02-25,Kalyan,367,267
2025-02-25,Kalyan Night,689,270
2025-02-25,Madhur Day,267,469
2025-02-25,Madhur Night,348,389
2025-02-25,Main Bazar,344,130
2025-02-25,Milan Day,359,456
2025-02-25,Milan Night,358,238
2025-02-25,Rajdhani Day,256,148
2025-02-25,Rajdhani Night,134,249
2025-02-25,Sridevi,467,468
2025-02-25,Sridevi Night,248,360
2025-02-25,Time Bazar,258,689
2025-02-26,Kalyan,136,457
2025-02-26,Kalyan Night,799,150
2025-02-26,Madhur Day,123,367
2025-02-26,Madhur Night,339,250
2025-02-26,Main Bazar,568,458
2025-02-26,Milan Day,690,389
2025-02-26,Milan Night,556,230
2025-02-26,Rajdhani Day,113,460
2025-02-26,Rajdhani Night,118,123
2025-02-26,Sridevi,599,400
2025-02-26,Sridevi Night,234,189
2025-02-26,Time Bazar,169,157
2025-02-27,Kalyan,180,179
2025-02-27,Kalyan Night,366,167
2025-02-27,Madhur Day,589,500
2025-02-27,Madhur Night,389,578
2025-02-27,Main Bazar,336,126
2025-02-27,Milan Day,267,469
2025-02-27,Milan Night,250,270
2025-02-27,Rajdhani Day,135,270
2025-02-27,Rajdhani Night,145,770
2025-02-27,Sridevi,157,478
2025-02-27,Sridevi Night,360,125
2025-02-27,Time Bazar,399,334
2025-02-28,Kalyan,270,337
2025-02-28,Kalyan Night,247,489
2025-02-28,Madhur Day,880,347
2025-02-28,Madhur Night,124,390
2025-02-28,Main Bazar,367,113
2025-02-28,Milan Day,569,359
2025-02-28,Milan Night,388,699
2025-02-28,Rajdhani Day,269,258
2025-02-28,Rajdhani Night,379,250
2025-02-28,Sridevi,147,146
2025-02-28,Sridevi Night,450,247
2025-02-28,Time Bazar,488,346
2025-03-01,Kalyan,690,120
2025-03-01,Madhur Day,334,460
2025-03-01,Madhur Night,146,158
2025-03-01,Milan Day,340,260
2025-03-01,Milan Night,118,238
2025-03-01,Rajdhani Day,380,246
2025-03-01,Sridevi,467,136
2025-03-01,Sridevi Night,244,366
2025-03-01,Time Bazar,290,488
2025-03-02,Madhur Day,368,390
2025-03-02,Sridevi,689,257
2025-03-02,Sridevi Night,560,156
2025-03-03,Kalyan,778,588
2025-03-03,Kalyan Night,500,280
2025-03-03,Madhur Day,117,678
2025-03-03,Madhur Night,340,125
2025-03-03,Main Bazar,477,677
2025-03-03,Milan Day,247,368
2025-03-03,Milan Night,126,456
2025-03-03,Rajdhani Day,159,688
2025-03-03,Rajdhani Night,269,180
2025-03-03,Sridevi,160,359
2025-03-03,Sridevi Night,259,236
2025-03-03,Time Bazar,238,559
2025-03-04,Kalyan,460,669
2025-03-04,Kalyan Night,277,136
2025-03-04,Madhur Day,338,448
2025-03-04,Madhur Night,399,110
2025-03-04,Main Bazar,900,568
2025-03-04,Milan Day,115,468
2025-03-04,Milan Night,124,244
2025-03-04,Rajdhani Day,117,368
2025-03-04,Rajdhani Night,137,236
2025-03-04,Sridevi,370,248
2025-03-04,Sridevi Night,145,190
2025-03-04,Time Bazar,379,389
2025-03-05,Kalyan,558,677
2025-03-05,Kalyan Night,489,788
2025-03-05,Madhur Day,340,129
2025-03-05,Madhur Night,468,349
2025-03-05,Main Bazar,580,238
2025-03-05,Milan Day,135,123
2025-03-05,Milan Night,330,890
2025-03-05,Rajdhani Day,120,348
2025-03-05,Rajdhani Night,499,560
2025-03-05,Sridevi,136,149
2025-03-05,Sridevi Night,700,789
2025-03-05,Time Bazar,239,440
2025-03-06,Kalyan,300,289
2025-03-06,Kalyan Night,248,460
2025-03-06,Madhur Day,158,129
2025-03-06,Madhur Night,134,669
2025-03-06,Main Bazar,456,458
2025-03-06,Milan Day,230,156
2025-03-06,Milan Night,578,379
2025-03-06,Rajdhani Day,488,350
2025-03-06,Rajdhani Night,269,169
2025-03-06,Sridevi,460,123
2025-03-06,Sridevi Night,140,778
2025-03-06,Time Bazar,188,560
2025-03-07,Kalyan,129,460
2025-03-07,Kalyan Night,456,890
2025-03-07,Madhur Day,579,179
2025-03-07,Madhur Night,345,670
2025-03-07,Main Bazar,336,124
2025-03-07,Milan Day,578,237
2025-03-07,Milan Night,237,600
2025-03-07,Rajdhani Day,789,790
2025-03-07,Rajdhani Night,280,370
2025-03-07,Sridevi,378,180
2025-03-07,Sridevi Night,256,900
2025-03-07,Time Bazar,236,270
2025-03-08,Kalyan,370,128
2025-03-08,Madhur Day,570,135
2025-03-08,Madhur Night,345,124
2025-03-08,Milan Day,260,470
2025-03-08,Milan Night,369,568
2025-03-08,Rajdhani Day,337,247
2025-03-08,Sridevi,345,459
2025-03-08,Sridevi Night,234,449
2025-03-08,Time Bazar,689,123
2025-03-09,Madhur Day,467,368
2025-03-09,Sridevi,567,346
2025-03-09,Sridevi Night,490,379
2025-03-10,Kalyan,789,568
2025-03-10,Kalyan Night,569,480
2025-03-10,Madhur Day,146,115
2025-03-10,Madhur Night,690,148
2025-03-10,Main Bazar,360,277
2025-03-10,Milan Day,239,248
2025-03-10,Milan Night,467,459
2025-03-10,Rajdhani Day,378,157
2025-03-10,Rajdhani Night,348,156
2025-03-10,Sridevi,188,344
2025-03-10,Sridevi Night,667,368
2025-03-10,Time Bazar,469,139
2025-03-11,Kalyan,125,469
2025-03-11,Kalyan Night,135,567
2025-03-11,Madhur Day,660,667
2025-03-11,Madhur Night,589,370
2025-03-11,Main Bazar,128,268
2025-03-11,Milan Day,678,148
2025-03-11,Milan Night,458,477
2025-03-11,Rajdhani Day,334,177
2025-03-11,Rajdhani Night,400,468
2025-03-11,Sridevi,330,778
2025-03-11,Sridevi Night,468,890
2025-03-11,Time Bazar,788,666
2025-03-12,Kalyan,369,157
2025-03-12,Kalyan Night,168,467
2025-03-12,Madhur Day,150,136
2025-03-12,Madhur Night,245,360
2025-03-12,Main Bazar,337,348
2025-03-12,Milan Day,345,144
2025-03-12,Milan Night,379,346
2025-03-12,Rajdhani Day,138,129
2025-03-12,Rajdhani Night,147,456
2025-03-12,Sridevi,288,789
2025-03-12,Sridevi Night,136,579
2025-03-12,Time Bazar,590,790
2025-03-13,Kalyan,156,180
2025-03-13,Kalyan Night,590,678
2025-03-13,Madhur Day,167,378
2025-03-13,Madhur Night,599,235
2025-03-13,Main Bazar,166,467
2025-03-13,Milan Day,770,255
2025-03-13,Milan Night,349,379
2025-03-13,Rajdhani Day,368,477
2025-03-13,Rajdhani Night,158,335
2025-03-13,Sridevi,568,244
2025-03-13,Sridevi Night,333,789
2025-03-13,Time Bazar,558,390
2025-03-15,Kalyan,130,789
2025-03-15,Madhur Day,150,448
2025-03-15,Madhur Night,589,479
2025-03-15,Milan Day,149,278
2025-03-15,Milan Night,490,146
2025-03-15,Rajdhani Day,359,489
2025-03-15,Sridevi,578,688
2025-03-15,Sridevi Night,158,167
2025-03-15,Time Bazar,347,579
2025-03-16,Madhur Day,270,234
2025-03-16,Sridevi,156,459
2025-03-16,Sridevi Night,677,138
2025-03-17,Kalyan,558,778
2025-03-17,Kalyan Night,166,570
2025-03-17,Madhur Day,270,257
2025-03-17,Madhur Night,457,248
2025-03-17,Main Bazar,369,135
2025-03-17,Milan Day,120,114
2025-03-17,Milan Night,467,269
2025-03-17,Rajdhani Day,349,113
2025-03-17,Rajdhani Night,156,116
2025-03-17,Sridevi,799,260
2025-03-17,Sridevi Night,167,136
2025-03-17,Time Bazar,470,120
2025-03-18,Kalyan,244,290
2025-03-18,Kalyan Night,580,156
2025-03-18,Madhur Day,148,233
2025-03-18,Madhur Night,147,889
2025-03-18,Main Bazar,236,790
2025-03-18,Milan Day,579,589
2025-03-18,Milan Night,113,380
2025-03-18,Rajdhani Day,119,355
2025-03-18,Rajdhani Night,400,590
2025-03-18,Sridevi,600,334
2025-03-18,Sridevi Night,580,770
2025-03-18,Time Bazar,669,359
2025-03-19,Kalyan,579,347
2025-03-19,Kalyan Night,226,120
2025-03-19,Madhur Day,115,227
2025-03-19,Madhur Night,790,178
2025-03-19,Main Bazar,334,139
2025-03-19,Milan Day,388,177
2025-03-19,Milan Night,558,156
2025-03-19,Rajdhani Day,345,478
2025-03-19,Rajdhani Night,690,348
2025-03-19,Sridevi,667,360
2025-03-19,Sridevi Night,127,470
2025-03-19,Time Bazar,790,380
2025-03-20,Kalyan,120,788
2025-03-20,Kalyan Night,135,235
2025-03-20,Madhur Day,300,270
2025-03-20,Madhur Night,178,380
2025-03-20,Main Bazar,347,590
2025-03-20,Milan Day,138,477
2025-03-20,Milan Night,440,270
2025-03-20,Rajdhani Day,137,124
2025-03-20,Rajdhani Night,225,240
2025-03-20,Sridevi,368,458
2025-03-20,Sridevi Night,160,479
2025-03-20,Time Bazar,190,556
2025-03-21,Kalyan,160,677
2025-03-21,Kalyan Night,156,234
2025-03-21,Madhur Day,338,190
2025-03-21,Madhur Night,290,139
2025-03-21,Main Bazar,124,367
2025-03-21,Milan Day,359,126
2025-03-21,Milan Night,456,456
2025-03-21,Rajdhani Day,135,125
2025-03-21,Rajdhani Night,450,239
2025-03-21,Sridevi,289,579
2025-03-21,Sridevi Night,145,260
2025-03-21,Time Bazar,470,566
2025-03-22,Kalyan,588,670
2025-03-22,Madhur Day,560,246
2025-03-22,Madhur Night,490,550
2025-03-22,Milan Day,880,277
2025-03-22,Milan Night,125,168
2025-03-22,Rajdhani Day,120,780
2025-03-22,Sridevi,469,348
2025-03-22,Sridevi Night,250,680
2025-03-22,Time Bazar,240,880
2025-03-23,Madhur Day,137,469
2025-03-23,Sridevi,899,145
2025-03-23,Sridevi Night,259,257
2025-03-24,Kalyan,111,139
2025-03-24,Kalyan Night,340,227
2025-03-24,Madhur Day,455,379
2025-03-24,Madhur Night,180,340
2025-03-24,Main Bazar,790,180
2025-03-24,Milan Day,138,260
2025-03-24,Milan Night,299,345
2025-03-24,Rajdhani Day,180,367
2025-03-24,Rajdhani Night,140,188
2025-03-24,Sridevi,789,129
2025-03-24,Sridevi Night,236,356
2025-03-24,Time Bazar,149,139
2025-03-25,Kalyan,677,334
2025-03-25,Kalyan Night,590,169
2025-03-25,Madhur Day,457,245
2025-03-25,Madhur Night,350,580
2025-03-25,Main Bazar,457,890
2025-03-25,Milan Day,788,250
2025-03-25,Milan Night,199,370
2025-03-25,Rajdhani Day,357,110
2025-03-25,Rajdhani Night,120,457
2025-03-25,Sridevi,150,138
2025-03-25,Sridevi Night,899,469
2025-03-25,Time Bazar,233,145
2025-03-26,Kalyan,470,550
2025-03-26,Kalyan Night,450,378
2025-03-26,Madhur Day,145,489
2025-03-26,Madhur Night,237,357
2025-03-26,Main Bazar,577,599
2025-03-26,Milan Day,346,170
2025-03-26,Milan Night,112,349
2025-03-26,Rajdhani Day,144,190
2025-03-26,Rajdhani Night,570,399
2025-03-26,Sridevi,478,567
2025-03-26,Sridevi Night,599,269
2025-03-26,Time Bazar,347,135
2025-03-27,Kalyan,890,289
2025-03-27,Kalyan Night,778,578
2025-03-27,Madhur Day,257,360
2025-03-27,Madhur Night,478,267
2025-03-27,Main Bazar,277,145
2025-03-27,Milan Day,160,380
2025-03-27,Milan Night,138,560
2025-03-27,Rajdhani Day,349,149
2025-03-27,Rajdhani Night,147,369
2025-03-27,Sridevi,779,348
2025-03-27,Sridevi Night,227,560
2025-03-27,Time Bazar,280,788
2025-03-28,Kalyan,257,155
2025-03-28,Kalyan Night,599,480
2025-03-28,Madhur Day,467,680
2025-03-28,Madhur Night,138,128
2025-03-28,Main Bazar,580,126
2025-03-28,Milan Day,148,356
2025-03-28,Milan Night,345,139
2025-03-28,Rajdhani Day,339,344
2025-03-28,Rajdhani Night,227,359
2025-03-28,Sridevi,445,246
2025-03-28,Sridevi Night,355,579
2025-03-28,Time Bazar,220,690
2025-03-29,Kalyan,234,556
2025-03-29,Madhur Day,289,347
2025-03-29,Madhur Night,145,147
2025-03-29,Milan Day,145,670
2025-03-29,Milan Night,116,350
2025-03-29,Rajdhani Day,570,135
2025-03-29,Sridevi,680,170
2025-03-29,Sridevi Night,188,359
2025-03-29,Time Bazar,250,113
2025-03-30,Madhur Day,128,190
2025-03-30,Sridevi,579,248
2025-03-30,Sridevi Night,139,568
2025-03-31,Kalyan,128,336
2025-03-31,Kalyan Night,469,129
2025-03-31,Madhur Day,189,239
2025-03-31,Madhur Night,366,248
2025-03-31,Main Bazar,780,244
2025-03-31,Milan Day,455,159
2025-03-31,Milan Night,247,179
2025-03-31,Rajdhani Day,590,460
2025-03-31,Rajdhani Night,770,578
2025-03-31,Sridevi,669,158
2025-03-31,Sridevi Night,136,440
2025-03-31,Time Bazar,149,468
2025-04-01,Kalyan,460,356
2025-04-01,Kalyan Night,170,126
2025-04-01,Madhur Day,246,138
2025-04-01,Madhur Night,680,689
2025-04-01,Main Bazar,190,449
2025-04-01,Milan Day,670,367
2025-04-01,Milan Night,690,137
2025-04-01,Rajdhani Day,345,890
2025-04-01,Rajdhani Night,467,280
2025-04-01,Sridevi,178,250
2025-04-01,Sridevi Night,249,258
2025-04-01,Time Bazar,147,468
2025-04-02,Kalyan,880,367
2025-04-02,Kalyan Night,367,157
2025-04-02,Madhur Day,667,158
2025-04-02,Madhur Night,259,560
2025-04-02,Main Bazar,128,240
2025-04-02,Milan Day,236,469
2025-04-02,Milan Night,337,247
2025-04-02,Rajdhani Day,470,799
2025-04-02,Rajdhani Night,235,156
2025-04-02,Sridevi,290,266
2025-04-02,Sridevi Night,560,336
2025-04-02,Time Bazar,380,267
2025-04-03,Kalyan,178,560
2025-04-03,Kalyan Night,466,160
2025-04-03,Madhur Day,146,490
2025-04-03,Madhur Night,239,355
2025-04-03,Main Bazar,589,115
2025-04-03,Milan Day,688,448
2025-04-03,Milan Night,120,449
2025-04-03,Rajdhani Day,770,466
2025-04-03,Rajdhani Night,277,170
2025-04-03,Sridevi,137,257
2025-04-03,Sridevi Night,699,240
2025-04-03,Time Bazar,240,889
2025-04-04,Kalyan,169,138
2025-04-04,Kalyan Night,158,220
2025-04-04,Madhur Day,200,899
2025-04-04,Madhur Night,227,279
2025-04-04,Main Bazar,134,499
2025-04-04,Milan Day,889,356
2025-04-04,Milan Night,200,247
2025-04-04,Rajdhani Day,270,450
2025-04-04,Rajdhani Night,258,337
2025-04-04,Sridevi,569,279
2025-04-04,Sridevi Night,680,345
2025-04-04,Time Bazar,137,188
2025-04-05,Kalyan,235,679
2025-04-05,Madhur Day,337,350
2025-04-05,Madhur Night,368,359
2025-04-05,Milan Day,120,590
2025-04-05,Milan Night,260,239
2025-04-05,Rajdhani Day,169,460
2025-04-05,Sridevi,267,280
2025-04-05,Sridevi Night,368,478
2025-04-05,Time Bazar,459,447
2025-04-06,Madhur Day,389,170
2025-04-06,Sridevi,346,557
2025-04-06,Sridevi Night,789,690
2025-04-07,Kalyan,180,588
2025-04-07,Kalyan Night,145,167
2025-04-07,Madhur Day,355,114
2025-04-07,Madhur Night,500,588
2025-04-07,Main Bazar,339,670
2025-04-07,Milan Day,366,290
2025-04-07,Milan Night,280,234
2025-04-07,Rajdhani Day,160,490
2025-04-07,Rajdhani Night,147,179
2025-04-07,Sridevi,360,126
2025-04-07,Sridevi Night,237,277
2025-04-07,Time Bazar,578,180
2025-04-08,Kalyan,247,119
2025-04-08,Kalyan Night,258,258
2025-04-08,Madhur Day,148,569
2025-04-08,Madhur Night,480,490
2025-04-08,Main Bazar,115,244
2025-04-08,Milan Day,247,268
2025-04-08,Milan Night,880,690
2025-04-08,Rajdhani Day,167,117
2025-04-08,Rajdhani Night,330,499
2025-04-08,Sridevi,146,890
2025-04-08,Sridevi Night,550,778
2025-04-08,Time Bazar,356,500
2025-04-09,Kalyan,789,239
2025-04-09,Kalyan Night,690,249
2025-04-09,Madhur Day,459,250
2025-04-09,Madhur Night,300,357
2025-04-09,Main Bazar,258,145
2025-04-09,Milan Day,150,489
2025-04-09,Milan Night,457,380
2025-04-09,Rajdhani Day,247,670
2025-04-09,Rajdhani Night,459,380
2025-04-09,Sridevi,348,137
2025-04-09,Sridevi Night,470,256
2025-04-09,Time Bazar,790,250
2025-04-10,Kalyan,277,670
2025-04-10,Kalyan Night,567,125
2025-04-10,Madhur Day,590,389
2025-04-10,Madhur Night,134,278
2025-04-10,Main Bazar,457,459
2025-04-10,Milan Day,149,479
2025-04-10,Milan Night,129,690
2025-04-10,Rajdhani Day,356,379
2025-04-10,Rajdhani Night,236,340
2025-04-10,Sridevi,125,168
2025-04-10,Sridevi Night,899,346
2025-04-10,Time Bazar,178,369
2025-04-11,Kalyan,345,238
2025-04-11,Kalyan Night,499,249
2025-04-11,Madhur Day,348,235
2025-04-11,Madhur Night,279,880
2025-04-11,Main Bazar,589,256
2025-04-11,Milan Day,446,110
2025-04-11,Milan Night,880,158
2025-04-11,Rajdhani Day,125,346
2025-04-11,Rajdhani Night,369,148
2025-04-11,Sridevi,690,123
2025-04-11,Sridevi Night,460,137
2025-04-11,Time Bazar,890,130
2025-04-12,Kalyan,469,689
2025-04-12,Madhur Day,799,570
2025-04-12,Madhur Night,230,680
2025-04-12,Milan Day,169,114
2025-04-12,Milan Night,590,177
2025-04-12,Rajdhani Day,199,240
2025-04-12,Sridevi,249,148
2025-04-12,Sridevi Night,146,357
2025-04-12,Time Bazar,589,157
2025-04-13,Madhur Day,358,790
2025-04-13,Sridevi,180,269
2025-04-13,Sridevi Night,300,140
2025-04-14,Kalyan,257,389
2025-04-14,Kalyan Night,337,368
2025-04-14,Madhur Day,137,399
2025-04-14,Madhur Night,457,247
2025-04-14,Main Bazar,779,350
2025-04-14,Milan Day,667,377
2025-04-14,Milan Night,369,334
2025-04-14,Rajdhani Day,235,230
2025-04-14,Rajdhani Night,115,129
2025-04-14,Sridevi,380,278
2025-04-14,Sridevi Night,136,370
2025-04-14,Time Bazar,137,119
2025-04-15,Kalyan,270,268
2025-04-15,Kalyan Night,457,259
2025-04-15,Madhur Day,334,127
2025-04-15,Madhur Night,569,128
2025-04-15,Main Bazar,446,140
2025-04-15,Milan Day,180,246
2025-04-15,Milan Night,568,157
2025-04-15,Rajdhani Day,469,340
2025-04-15,Rajdhani Night,269,236
2025-04-15,Sridevi,190,690
2025-04-15,Sridevi Night,448,188
2025-04-15,Time Bazar,147,467
2025-04-16,Kalyan,169,570
2025-04-16,Kalyan Night,390,169
2025-04-16,Madhur Day,149,444
2025-04-16,Madhur Night,266,677
2025-04-16,Main Bazar,155,120
2025-04-16,Milan Day,347,158
2025-04-16,Milan Night,160,268
2025-04-16,Rajdhani Day,479,570
2025-04-16,Rajdhani Night,170,156
2025-04-16,Sridevi,456,289
2025-04-16,Sridevi Night,339,190
2025-04-16,Time Bazar,389,278
2025-04-17,Kalyan,558,226
2025-04-17,Kalyan Night,580,167
2025-04-17,Madhur Day,367,370
2025-04-17,Madhur Night,679,347
2025-04-17,Main Bazar,136,779
2025-04-17,Milan Day,157,459
2025-04-17,Milan Night,170,160
2025-04-17,Rajdhani Day,467,167
2025-04-17,Rajdhani Night,445,270
2025-04-17,Sridevi,258,149
2025-04-17,Sridevi Night,277,479
2025-04-17,Time Bazar,246,557
2025-04-18,Kalyan,489,168
2025-04-18,Kalyan Night,778,360
2025-04-18,Madhur Day,177,477
2025-04-18,Madhur Night,246,170
2025-04-18,Main Bazar,112,124
2025-04-18,Milan Day,450,137
2025-04-18,Milan Night,244,160
2025-04-18,Rajdhani Day,149,389
2025-04-18,Rajdhani Night,590,349
2025-04-18,Sridevi,335,489
2025-04-18,Sridevi Night,449,233
2025-04-18,Time Bazar,689,667
2025-04-19,Kalyan,359,240
2025-04-19,Madhur Day,560,490
2025-04-19,Madhur Night,578,568
2025-04-19,Milan Day,557,589
2025-04-19,Milan Night,240,570
2025-04-19,Rajdhani Day,990,678
2025-04-19,Sridevi,245,278
2025-04-19,Sridevi Night,335,290
2025-04-19,Time Bazar,678,120
2025-04-20,Madhur Day,238,458
2025-04-20,Sridevi,115,900
2025-04-20,Sridevi Night,355,234
2025-04-21,Kalyan,247,500
2025-04-21,Kalyan Night,245,788
2025-04-21,Madhur Day,667,560
2025-04-21,Madhur Night,224,440
2025-04-21,Main Bazar,569,289
2025-04-21,Milan Day,200,899
2025-04-21,Milan Night,145,168
2025-04-21,Rajdhani Day,139,250
2025-04-21,Rajdhani Night,122,158
2025-04-21,Sridevi,590,130
2025-04-21,Sridevi Night,133,458
2025-04-21,Time Bazar,229,110
2025-04-22,Kalyan,469,335
2025-04-22,Kalyan Night,169,236
2025-04-22,Madhur Day,170,233
2025-04-22,Madhur Night,250,460
2025-04-22,Main Bazar,559,244
2025-04-22,Milan Day,590,245
2025-04-22,Milan Night,246,189
2025-04-22,Rajdhani Day,339,127
2025-04-22,Rajdhani Night,134,899
2025-04-22,Sridevi,379,578
2025-04-22,Sridevi Night,490,247
2025-04-22,Time Bazar,166,334
2025-04-23,Kalyan,149,248
2025-04-23,Kalyan Night,447,335
2025-04-23,Madhur Day,570,155
2025-04-23,Madhur Night,889,179
2025-04-23,Main Bazar,269,180
2025-04-23,Milan Day,128,278
2025-04-23,Milan Night,680,167
2025-04-23,Rajdhani Day,280,224
2025-04-23,Rajdhani Night,458,188
2025-04-23,Sridevi,257,289
2025-04-23,Sridevi Night,568,230
2025-04-23,Time Bazar,468,168
2025-04-24,Kalyan,299,459
2025-04-24,Kalyan Night,289,360
2025-04-24,Madhur Day,250,134
2025-04-24,Madhur Night,146,470
2025-04-24,Main Bazar,568,226
2025-04-24,Milan Day,237,578
2025-04-24,Milan Night,156,160
2025-04-24,Rajdhani Day,258,177
2025-04-24,Rajdhani Night,890,248
2025-04-24,Sridevi,469,279
2025-04-24,Sridevi Night,112,690
2025-04-24,Time Bazar,488,488
2025-04-25,Kalyan,490,789
2025-04-25,Kalyan Night,268,569
2025-04-25,Madhur Day,178,145
2025-04-25,Madhur Night,567,470
2025-04-25,Main Bazar,460,136
2025-04-25,Milan Day,134,230
2025-04-25,Milan Night,235,690
2025-04-25,Rajdhani Day,120,669
2025-04-25,Rajdhani Night,257,239
2025-04-25,Sridevi,246,667
2025-04-25,Sridevi Night,700,690
2025-04-25,Time Bazar,225,469
2025-04-26,Kalyan,257,268
2025-04-26,Madhur Day,440,138
2025-04-26,Madhur Night,349,136
2025-04-26,Milan Day,289,136
2025-04-26,Milan Night,126,149
2025-04-26,Rajdhani Day,460,237
2025-04-26,Sridevi,269,350
2025-04-26,Sridevi Night,157,248
2025-04-26,Time Bazar,350,159
2025-04-27,Madhur Day,689,160
2025-04-27,Sridevi,379,237
2025-04-27,Sridevi Night,469,499
2025-04-28,Kalyan,789,256
2025-04-28,Kalyan Night,360,460
2025-04-28,Madhur Day,490,580
2025-04-28,Madhur Night,449,570
2025-04-28,Main Bazar,135,780
2025-04-28,Milan Day,238,346
2025-04-28,Milan Night,239,177
2025-04-28,Rajdhani Day,478,240
2025-04-28,Rajdhani Night,238,269
2025-04-28,Sridevi,167,124
2025-04-28,Sridevi Night,347,300
2025-04-28,Time Bazar,579,130
2025-04-29,Kalyan,128,167
2025-04-29,Kalyan Night,788,139
2025-04-29,Madhur Day,220,457
2025-04-29,Madhur Night,344,238
2025-04-29,Main Bazar,124,150
2025-04-29,Milan Day,170,240
2025-04-29,Milan Night,280,780
2025-04-29,Rajdhani Day,169,249
2025-04-29,Rajdhani Night,169,246
2025-04-29,Sridevi,200,240
2025-04-29,Sridevi Night,579,569
2025-04-29,Time Bazar,460,369
2025-04-30,Kalyan,345,168
2025-04-30,Kalyan Night,570,699
2025-04-30,Madhur Day,270,590
2025-04-30,Madhur Night,799,577
2025-04-30,Main Bazar,169,490
2025-04-30,Milan Day,444,168
2025-04-30,Milan Night,158,133
2025-04-30,Rajdhani Day,229,480
2025-04-30,Rajdhani Night,346,800
2025-04-30,Sridevi,299,560
2025-04-30,Sridevi Night,248,469
2025-04-30,Time Bazar,478,128
2025-05-01,Kalyan,150,180
2025-05-01,Kalyan Night,279,490
2025-05-01,Madhur Day,156,890
2025-05-01,Madhur Night,679,679
2025-05-01,Main Bazar,380,256
2025-05-01,Milan Day,389,238
2025-05-01,Milan Night,159,678
2025-05-01,Rajdhani Day,470,690
2025-05-01,Rajdhani Night,147,110
2025-05-01,Sridevi,160,226
2025-05-01,Sridevi Night,340,468
2025-05-01,Time Bazar,800,156
2025-05-02,Kalyan,136,159
2025-05-02,Kalyan Night,344,259
2025-05-02,Madhur Day,448,458
2025-05-02,Madhur Night,468,369
2025-05-02,Main Bazar,345,380
2025-05-02,Milan Day,179,699
2025-05-02,Milan Night,668,140
2025-05-02,Rajdhani Day,490,139
2025-05-02,Rajdhani Night,128,120
2025-05-02,Sridevi,577,450
2025-05-02,Sridevi Night,660,179
2025-05-02,Time Bazar,460,567
2025-05-03,Kalyan,127,569
2025-05-03,Madhur Day,227,360
2025-05-03,Madhur Night,133,347
2025-05-03,Milan Day,246,450
2025-05-03,Milan Night,234,240
2025-05-03,Rajdhani Day,669,246
2025-05-03,Sridevi,227,236
2025-05-03,Sridevi Night,590,378
2025-05-03,Time Bazar,789,257
2025-05-04,Madhur Day,590,670
2025-05-04,Sridevi,114,688
2025-05-04,Sridevi Night,355,357
2025-05-05,Kalyan,135,116
2025-05-05,Kalyan Night,367,169
2025-05-05,Madhur Day,344,377
2025-05-05,Madhur Night,239,134
2025-05-05,Main Bazar,690,890
2025-05-05,Milan Day,135,379
2025-05-05,Milan Night,259,266
2025-05-05,Rajdhani Day,300,190
2025-05-05,Rajdhani Night,360,236
2025-05-05,Sridevi,259,233
2025-05-05,Sridevi Night,266,790
2025-05-05,Time Bazar,200,190
2025-05-06,Kalyan,479,112
2025-05-06,Kalyan Night,770,257
2025-05-06,Madhur Day,167,235
2025-05-06,Madhur Night,450,379
2025-05-06,Main Bazar,160,889
2025-05-06,Milan Day,449,350
2025-05-06,Milan Night,348,340
2025-05-06,Rajdhani Day,180,248
2025-05-06,Rajdhani Night,348,128
2025-05-06,Sridevi,570,179
2025-05-06,Sridevi Night,228,250
2025-05-06,Time Bazar,190,156
2025-05-07,Kalyan,136,148
2025-05-07,Kalyan Night,390,259
2025-05-07,Madhur Day,360,249
2025-05-07,Madhur Night,235,359
2025-05-07,Main Bazar,377,455
2025-05-07,Milan Day,336,880
2025-05-07,Milan Night,357,379
2025-05-07,Rajdhani Day,249,138
2025-05-07,Rajdhani Night,445,167
2025-05-07,Sridevi,390,790
2025-05-07,Sridevi Night,146,580
2025-05-07,Time Bazar,388,179
2025-05-08,Kalyan,123,138
2025-05-08,Kalyan Night,116,489
2025-05-08,Madhur Day,113,890
2025-05-08,Madhur Night,128,456
2025-05-08,Main Bazar,479,177
2025-05-08,Milan Day,248,279
2025-05-08,Milan Night,258,178
2025-05-08,Rajdhani Day,448,280
2025-05-08,Rajdhani Night,248,260
2025-05-08,Sridevi,234,469
2025-05-08,Sridevi Night,390,369
2025-05-08,Time Bazar,378,244
2025-05-09,Kalyan,158,269
2025-05-09,Kalyan Night,250,180
2025-05-09,Madhur Day,250,138
2025-05-09,Madhur Night,236,116
2025-05-09,Main Bazar,225,279
2025-05-09,Milan Day,166,479
2025-05-09,Milan Night,279,880
2025-05-09,Rajdhani Day,678,349
2025-05-09,Rajdhani Night,344,127
2025-05-09,Sridevi,279,158
2025-05-09,Sridevi Night,570,490
2025-05-09,Time Bazar,469,235
2025-05-10,Kalyan,257,258
2025-05-10,Madhur Day,146,123
2025-05-10,Madhur Night,260,567
2025-05-10,Milan Day,590,189
2025-05-10,Milan Night,167,149
2025-05-10,Rajdhani Day,117,560
2025-05-10,Sridevi,559,344
2025-05-10,Sridevi Night,580,140
2025-05-10,Time Bazar,159,189
2025-05-11,Madhur Day,170,890
2025-05-11,Sridevi,790,348
2025-05-11,Sridevi Night,160,125
2025-05-12,Kalyan,233,336
2025-05-12,Kalyan Night,135,279
2025-05-12,Madhur Day,239,579
2025-05-12,Madhur Night,566,189
2025-05-12,Main Bazar,234,248
2025-05-12,Milan Day,135,268
2025-05-12,Milan Night,467,270
2025-05-12,Rajdhani Day,260,677
2025-05-12,Rajdhani Night,257,233
2025-05-12,Sridevi,178,468
2025-05-12,Sridevi Night,580,356
2025-05-12,Time Bazar,399,244
2025-05-13,Kalyan,569,389
2025-05-13,Kalyan Night,255,157
2025-05-13,Madhur Day,158,470
2025-05-13,Madhur Night,137,145
2025-05-13,Main Bazar,350,490
2025-05-13,Milan Day,288,360
2025-05-13,Milan Night,235,600
2025-05-13,Rajdhani Day,799,117
2025-05-13,Rajdhani Night,279,770
2025-05-13,Sridevi,889,899
2025-05-13,Sridevi Night,170,560
2025-05-13,Time Bazar,145,135
2025-05-14,Kalyan,278,590
2025-05-14,Kalyan Night,277,450
2025-05-14,Madhur Day,288,679
2025-05-14,Madhur Night,136,156
2025-05-14,Main Bazar,124,588
2025-05-14,Milan Day,890,580
2025-05-14,Milan Night,179,239
2025-05-14,Rajdhani Day,120,890
2025-05-14,Rajdhani Night,270,440
2025-05-14,Sridevi,348,125
2025-05-14,Sridevi Night,480,247
2025-05-14,Time Bazar,139,457
2025-05-15,Kalyan,288,157
2025-05-15,Kalyan Night,255,228
2025-05-15,Madhur Day,577,389
2025-05-15,Madhur Night,279,247
2025-05-15,Main Bazar,299,234
2025-05-15,Milan Day,120,669
2025-05-15,Milan Night,170,390
2025-05-15,Rajdhani Day,566,345
2025-05-15,Rajdhani Night,490,690
2025-05-15,Sridevi,570,378
2025-05-15,Sridevi Night,569,359
2025-05-15,Time Bazar,780,247
2025-05-16,Kalyan,389,468
2025-05-16,Kalyan Night,468,499
2025-05-16,Madhur Day,236,560
2025-05-16,Madhur Night,266,246
2025-05-16,Main Bazar,330,227
2025-05-16,Milan Day,668,134
2025-05-16,Milan Night,678,345
2025-05-16,Rajdhani Day,670,149
2025-05-16,Rajdhani Night,278,678
2025-05-16,Sridevi,240,168
2025-05-16,Sridevi Night,140,344
2025-05-16,Time Bazar,440,233
2025-05-17,Kalyan,690,160
2025-05-17,Madhur Day,680,350
2025-05-17,Madhur Night,668,569
2025-05-17,Milan Day,256,239
2025-05-17,Milan Night,580,237
2025-05-17,Rajdhani Day,290,337
2025-05-17,Sridevi,167,113
2025-05-17,Sridevi Night,467,450
2025-05-17,Time Bazar,248,340
2025-05-18,Madhur Day,157,269
2025-05-18,Sridevi,156,478
2025-05-18,Sridevi Night,389,790
2025-05-19,Kalyan,900,360
2025-05-19,Kalyan Night,578,499
2025-05-19,Madhur Day,289,245
2025-05-19,Madhur Night,220,667
2025-05-19,Main Bazar,166,130
2025-05-19,Milan Day,368,340
2025-05-19,Milan Night,589,199
2025-05-19,Rajdhani Day,234,127
2025-05-19,Rajdhani Night,299,149
2025-05-19,Sridevi,224,125
2025-05-19,Sridevi Night,569,356
2025-05-19,Time Bazar,280,267
2025-05-20,Kalyan,190,145
2025-05-20,Kalyan Night,488,348
2025-05-20,Madhur Day,578,238
2025-05-20,Madhur Night,459,600
2025-05-20,Main Bazar,278,478
2025-05-20,Milan Day,380,345
2025-05-20,Milan Night,780,123
2025-05-20,Rajdhani Day,238,160
2025-05-20,Rajdhani Night,246,478
2025-05-20,Sridevi,148,190
2025-05-20,Sridevi Night,148,390
2025-05-20,Time Bazar,123,458
2025-05-21,Kalyan,167,340
2025-05-21,Kalyan Night,688,246
2025-05-21,Madhur Day,260,670
2025-05-21,Madhur Night,570,490
2025-05-21,Main Bazar,240,467
2025-05-21,Milan Day,278,136
2025-05-21,Milan Night,267,145
2025-05-21,Rajdhani Day,267,299
2025-05-21,Rajdhani Night,448,689
2025-05-21,Sridevi,479,440
2025-05-21,Sridevi Night,130,160
2025-05-21,Time Bazar,568,237
2025-05-22,Kalyan,237,137
2025-05-22,Kalyan Night,158,233
2025-05-22,Madhur Day,568,460
2025-05-22,Madhur Night,390,468
2025-05-22,Main Bazar,390,270
2025-05-22,Milan Day,269,389
2025-05-22,Milan Night,126,159
2025-05-22,Rajdhani Day,266,240
2025-05-22,Rajdhani Night,469,240
2025-05-22,Sridevi,479,139
2025-05-22,Sridevi Night,170,490
2025-05-22,Time Bazar,345,290
2025-05-23,Kalyan,179,129
2025-05-23,Kalyan Night,770,366
2025-05-23,Madhur Day,700,113
2025-05-23,Madhur Night,233,160
2025-05-23,Main Bazar,700,130
2025-05-23,Milan Day,123,145
2025-05-23,Milan Night,116,155
2025-05-23,Rajdhani Day,168,190
2025-05-23,Rajdhani Night,299,247
2025-05-23,Sridevi,157,134
2025-05-23,Sridevi Night,330,670
2025-05-23,Time Bazar,159,156
2025-05-24,Kalyan,390,367
2025-05-24,Madhur Day,699,260
2025-05-24,Madhur Night,345,580
2025-05-24,Milan Day,169,250
2025-05-24,Milan Night,700,467
2025-05-24,Rajdhani Day,144,446
2025-05-24,Sridevi,347,490
2025-05-24,Sridevi Night,455,469
2025-05-24,Time Bazar,177,220
2025-05-25,Madhur Day,356,368
2025-05-25,Sridevi,249,126
2025-05-25,Sridevi Night,468,359
2025-05-26,Kalyan,148,145
2025-05-26,Kalyan Night,347,689
2025-05-26,Madhur Day,558,480
2025-05-26,Madhur Night,300,367
2025-05-26,Main Bazar,233,149
2025-05-26,Milan Day,579,368
2025-05-26,Milan Night,128,477
2025-05-26,Rajdhani Day,347,389
2025-05-26,Rajdhani Night,127,990
2025-05-26,Sridevi,349,566
2025-05-26,Sridevi Night,248,256
2025-05-26,Time Bazar,116,235
2025-05-27,Kalyan,259,128
2025-05-27,Kalyan Night,678,400
2025-05-27,Madhur Day,367,257
2025-05-27,Madhur Night,269,566
2025-05-27,Main Bazar,599,166
2025-05-27,Milan Day,500,248
2025-05-27,Milan Night,146,890
2025-05-27,Rajdhani Day,249,680
2025-05-27,Rajdhani Night,133,248
2025-05-27,Sridevi,144,277
2025-05-27,Sridevi Night,125,880
2025-05-27,Time Bazar,345,278
2025-05-28,Kalyan,470,457
2025-05-28,Kalyan Night,890,156
2025-05-28,Madhur Day,235,580
2025-05-28,Madhur Night,266,259
2025-05-28,Main Bazar,680,129
2025-05-28,Milan Day,570,369
2025-05-28,Milan Night,460,599
2025-05-28,Rajdhani Day,270,168
2025-05-28,Rajdhani Night,460,125
2025-05-28,Sridevi,339,559
2025-05-28,Sridevi Night,259,268
2025-05-28,Time Bazar,115,447
2025-05-29,Kalyan,125,678
2025-05-29,Kalyan Night,359,369
2025-05-29,Madhur Day,680,579
2025-05-29,Madhur Night,346,235
2025-05-29,Main Bazar,668,500
2025-05-29,Milan Day,347,145
2025-05-29,Milan Night,167,399
2025-05-29,Rajdhani Day,240,450
2025-05-29,Rajdhani Night,468,457
2025-05-29,Sridevi,490,136
2025-05-29,Sridevi Night,668,370
2025-05-29,Time Bazar,770,115
2025-05-30,Kalyan,790,690
2025-05-30,Kalyan Night,246,290
2025-05-30,Madhur Day,460,469
2025-05-30,Madhur Night,129,258
2025-05-30,Main Bazar,190,689
2025-05-30,Milan Day,677,346
2025-05-30,Milan Night,558,250
2025-05-30,Rajdhani Day,466,150
2025-05-30,Rajdhani Night,689,557
2025-05-30,Sridevi,158,235
2025-05-30,Sridevi Night,248,257
2025-05-30,Time Bazar,149,168
2025-05-31,Kalyan,247,170
2025-05-31,Madhur Day,579,345
2025-05-31,Madhur Night,249,188
2025-05-31,Milan Day,570,459
2025-05-31,Milan Night,399,256
2025-05-31,Rajdhani Day,890,899
2025-05-31,Sridevi,260,567
2025-05-31,Sridevi Night,770,669
2025-05-31,Time Bazar,699,138
2025-06-01,Madhur Day,460,150
2025-06-01,Sridevi,140,467
2025-06-01,Sridevi Night,168,358
2025-06-02,Kalyan,229,455
2025-06-02,Kalyan Night,478,255
2025-06-02,Madhur Day,399,580
2025-06-02,Madhur Night,335,188
2025-06-02,Main Bazar,599,123
2025-06-02,Milan Day,579,258
2025-06-02,Milan Night,224,470
2025-06-02,Rajdhani Day,579,167
2025-06-02,Rajdhani Night,467,277
2025-06-02,Sridevi,457,670
2025-06-02,Sridevi Night,579,599
2025-06-02,Time Bazar,567,259
2025-06-03,Kalyan,899,138
2025-06-03,Kalyan Night,248,579
2025-06-03,Madhur Day,590,489
2025-06-03,Madhur Night,390,469
2025-06-03,Main Bazar,699,237
2025-06-03,Milan Day,468,345
2025-06-03,Milan Night,677,358
2025-06-03,Rajdhani Day,247,169
2025-06-03,Rajdhani Night,100,167
2025-06-03,Sridevi,267,170
2025-06-03,Sridevi Night,257,460
2025-06-03,Time Bazar,116,177
2025-06-04,Kalyan,778,470
2025-06-04,Kalyan Night,390,150
2025-06-04,Madhur Day,470,100
2025-06-04,Madhur Night,345,148
2025-06-04,Main Bazar,288,770
2025-06-04,Milan Day,248,166
2025-06-04,Milan Night,123,900
2025-06-04,Rajdhani Day,146,188
2025-06-04,Rajdhani Night,588,479
2025-06-04,Sridevi,246,238
2025-06-04,Sridevi Night,267,348
2025-06-04,Time Bazar,460,390
2025-06-05,Kalyan,244,336
2025-06-05,Kalyan Night,129,236
2025-06-05,Madhur Day,780,168
2025-06-05,Madhur Night,358,149
2025-06-05,Main Bazar,160,229
2025-06-05,Milan Day,690,289
2025-06-05,Milan Night,369,268
2025-06-05,Rajdhani Day,259,238
2025-06-05,Rajdhani Night,489,580
2025-06-05,Sridevi,467,678
2025-06-05,Sridevi Night,230,247
2025-06-05,Time Bazar,478,470
2025-06-06,Kalyan,255,247
2025-06-06,Kalyan Night,680,156
2025-06-06,Madhur Day,458,567
2025-06-06,Madhur Night,150,145
2025-06-06,Main Bazar,457,167
2025-06-06,Milan Day,468,349
2025-06-06,Milan Night,150,220
2025-06-06,Rajdhani Day,590,245
2025-06-06,Rajdhani Night,237,399
2025-06-06,Sridevi,568,169
2025-06-06,Sridevi Night,389,178
2025-06-06,Time Bazar,178,457
2025-06-07,Kalyan,110,248
2025-06-07,Madhur Day,349,135
2025-06-07,Madhur Night,236,490
2025-06-07,Milan Day,114,256
2025-06-07,Milan Night,368,470
2025-06-07,Rajdhani Day,570,688
2025-06-07,Sridevi,590,256
2025-06-07,Sridevi Night,550,457
2025-06-07,Time Bazar,260,278
2025-06-08,Madhur Day,149,146
2025-06-08,Sridevi,279,590
2025-06-08,Sridevi Night,233,170
2025-06-09,Kalyan,579,335
2025-06-09,Kalyan Night,567,368
2025-06-09,Madhur Day,567,450
2025-06-09,Madhur Night,460,159
2025-06-09,Main Bazar,129,150
2025-06-09,Milan Day,245,770
2025-06-09,Milan Night,169,479
2025-06-09,Rajdhani Day,569,250
2025-06-09,Rajdhani Night,170,667
2025-06-09,Sridevi,570,379
2025-06-09,Sridevi Night,267,357
2025-06-09,Time Bazar,188,700
2025-06-10,Kalyan,990,568
2025-06-10,Kalyan Night,238,360
2025-06-10,Madhur Day,490,269
2025-06-10,Madhur Night,466,588
2025-06-10,Main Bazar,370,000
2025-06-10,Milan Day,450,557
2025-06-10,Milan Night,490,340
2025-06-10,Rajdhani Day,110,160
2025-06-10,Rajdhani Night,125,250
2025-06-10,Sridevi,258,579
2025-06-10,Sridevi Night,339,168
2025-06-10,Time Bazar,357,236
2025-06-11,Kalyan,356,578
2025-06-11,Kalyan Night,180,460
2025-06-11,Madhur Day,238,124
2025-06-11,Madhur Night,249,899
2025-06-11,Main Bazar,889,158
2025-06-11,Milan Day,560,110
2025-06-11,Milan Night,235,780
2025-06-11,Rajdhani Day,380,468
2025-06-11,Rajdhani Night,560,259
2025-06-11,Sridevi,189,670
2025-06-11,Sridevi Night,790,580
2025-06-11,Time Bazar,169,390
2025-06-12,Kalyan,160,790
2025-06-12,Kalyan Night,140,278
2025-06-12,Madhur Day,268,470
2025-06-12,Madhur Night,599,258
2025-06-12,Main Bazar,157,480
2025-06-12,Milan Day,190,149
2025-06-12,Milan Night,235,689
2025-06-12,Rajdhani Day,670,880
2025-06-12,Rajdhani Night,356,133
2025-06-12,Sridevi,458,357
2025-06-12,Sridevi Night,490,568
2025-06-12,Time Bazar,450,336
2025-06-13,Kalyan,158,167
2025-06-13,Kalyan Night,578,225
2025-06-13,Madhur Day,249,177
2025-06-13,Madhur Night,579,589
2025-06-13,Main Bazar,148,269
2025-06-13,Milan Day,239,239
2025-06-13,Milan Night,177,258
2025-06-13,Rajdhani Day,340,125
2025-06-13,Rajdhani Night,680,150
2025-06-13,Sridevi,670,478
2025-06-13,Sridevi Night,128,245
2025-06-13,Time Bazar,266,567
2025-06-14,Kalyan,133,159
2025-06-14,Madhur Day,678,118
2025-06-14,Madhur Night,590,240
2025-06-14,Milan Day,240,266
2025-06-14,Milan Night,389,589
2025-06-14,Rajdhani Day,166,450
2025-06-14,Sridevi,267,678
2025-06-14,Sridevi Night,189,225
2025-06-14,Time Bazar,480,138
2025-06-15,Madhur Day,590,258
2025-06-15,Sridevi,148,128
2025-06-15,Sridevi Night,670,379
2025-06-16,Kalyan,578,115
2025-06-16,Kalyan Night,289,459
2025-06-16,Madhur Day,336,348
2025-06-16,Madhur Night,460,390
2025-06-16,Main Bazar,120,157
2025-06-16,Milan Day,489,570
2025-06-16,Milan Night,499,688
2025-06-16,Rajdhani Day,237,145
2025-06-16,Rajdhani Night,334,467
2025-06-16,Sridevi,667,389
2025-06-16,Sridevi Night,689,236
2025-06-16,Time Bazar,338,478
2025-06-17,Kalyan,220,138
2025-06-17,Kalyan Night,238,380
2025-06-17,Madhur Day,400,140
2025-06-17,Madhur Night,268,567
2025-06-17,Main Bazar,470,180
2025-06-17,Milan Day,246,344
2025-06-17,Milan Night,290,355
2025-06-17,Rajdhani Day,248,678
2025-06-17,Rajdhani Night,489,389
2025-06-17,Sridevi,248,277
2025-06-17,Sridevi Night,399,270
2025-06-17,Time Bazar,346,377
2025-06-18,Kalyan,446,125
2025-06-18,Kalyan Night,488,169
2025-06-18,Madhur Day,390,145
2025-06-18,Madhur Night,270,368
2025-06-18,Main Bazar,669,157
2025-06-18,Milan Day,137,258
2025-06-18,Milan Night,570,360
2025-06-18,Rajdhani Day,389,567
2025-06-18,Rajdhani Night,267,255
2025-06-18,Sridevi,379,457
2025-06-18,Sridevi Night,450,389
2025-06-18,Time Bazar,790,116
2025-06-19,Kalyan,148,599
2025-06-19,Kalyan Night,120,469
2025-06-19,Madhur Day,166,190
2025-06-19,Madhur Night,359,279
2025-06-19,Main Bazar,340,780
2025-06-19,Milan Day,800,160
2025-06-19,Milan Night,280,560
2025-06-19,Rajdhani Day,499,145
2025-06-19,Rajdhani Night,169,190
2025-06-19,Sridevi,588,147
2025-06-19,Sridevi Night,479,123
2025-06-19,Time Bazar,367,500
2025-06-20,Kalyan,278,390
2025-06-20,Kalyan Night,459,880
2025-06-20,Madhur Day,478,577
2025-06-20,Madhur Night,478,139
2025-06-20,Main Bazar,479,450
2025-06-20,Milan Day,457,458
2025-06-20,Milan Night,177,379
2025-06-20,Rajdhani Day,379,134
2025-06-20,Rajdhani Night,100,670
2025-06-20,Sridevi,590,589
2025-06-20,Sridevi Night,158,146
2025-06-20,Time Bazar,235,380
2025-06-21,Kalyan,689,770
2025-06-21,Madhur Day,579,660
2025-06-21,Madhur Night,288,338
2025-06-21,Milan Day,599,113
2025-06-21,Milan Night,447,367
2025-06-21,Rajdhani Day,120,148
2025-06-21,Sridevi,258,560
2025-06-21,Sridevi Night,469,367
2025-06-21,Time Bazar,127,224
2025-06-22,Madhur Day,278,489
2025-06-22,Sridevi,478,370
2025-06-22,Sridevi Night,168,338
2025-06-23,Kalyan,159,247
2025-06-23,Kalyan Night,344,258
2025-06-23,Madhur Day,249,459
2025-06-23,Madhur Night,223,890
2025-06-23,Main Bazar,237,578
2025-06-23,Milan Day,350,355
2025-06-23,Milan Night,250,299
2025-06-23,Rajdhani Day,680,588
2025-06-23,Rajdhani Night,400,579
2025-06-23,Sridevi,124,289
2025-06-23,Sridevi Night,447,134
2025-06-23,Time Bazar,279,245
2025-06-24,Kalyan,125,236
2025-06-24,Kalyan Night,167,336
2025-06-24,Madhur Day,668,260
2025-06-24,Madhur Night,490,245
2025-06-24,Main Bazar,667,445
2025-06-24,Milan Day,570,470
2025-06-24,Milan Night,136,117
2025-06-24,Rajdhani Day,134,670
2025-06-24,Rajdhani Night,130,159
2025-06-24,Sridevi,180,136
2025-06-24,Sridevi Night,149,167
2025-06-24,Time Bazar,247,139
2025-06-25,Kalyan,279,137
2025-06-25,Kalyan Night,579,230
2025-06-25,Madhur Day,440,300
2025-06-25,Madhur Night,667,268
2025-06-25,Main Bazar,780,223
2025-06-25,Milan Day,145,457
2025-06-25,Milan Night,279,278
2025-06-25,Rajdhani Day,390,368
2025-06-25,Rajdhani Night,470,567
2025-06-25,Sridevi,458,340
2025-06-25,Sridevi Night,236,260
2025-06-25,Time Bazar,259,257
2025-06-26,Kalyan,248,800
2025-06-26,Kalyan Night,139,237
2025-06-26,Madhur Day,449,339
2025-06-26,Madhur Night,360,567
2025-06-26,Main Bazar,335,478
2025-06-26,Milan Day,247,300
2025-06-26,Milan Night,356,479
2025-06-26,Rajdhani Day,450,250
2025-06-26,Rajdhani Night,679,667
2025-06-26,Sridevi,369,347
2025-06-26,Sridevi Night,778,240
2025-06-26,Time Bazar,578,490
2025-06-27,Kalyan,256,344
2025-06-27,Kalyan Night,224,350
2025-06-27,Madhur Day,668,288
2025-06-27,Madhur Night,260,157
2025-06-27,Main Bazar,348,229
2025-06-27,Milan Day,245,127
2025-06-27,Milan Night,560,170
2025-06-27,Rajdhani Day,469,236
2025-06-27,Rajdhani Night,578,239
2025-06-27,Sridevi,377,460
2025-06-27,Sridevi Night,779,570
2025-06-27,Time Bazar,113,490
2025-06-28,Kalyan,349,590
2025-06-28,Madhur Day,390,688
2025-06-28,Madhur Night,680,356
2025-06-28,Milan Day,459,150
2025-06-28,Milan Night,236,280
2025-06-28,Rajdhani Day,257,278
2025-06-28,Sridevi,890,145
2025-06-28,Sridevi Night,190,478
2025-06-28,Time Bazar,340,246
2025-06-29,Madhur Day,378,248
2025-06-29,Sridevi,134,458
2025-06-29,Sridevi Night,679,240
2025-06-30,Kalyan,145,349
2025-06-30,Kalyan Night,359,230
2025-06-30,Madhur Day,259,579
2025-06-30,Madhur Night,166,689
2025-06-30,Main Bazar,226,278
2025-06-30,Milan Day,278,680
2025-06-30,Milan Night,245,559
2025-06-30,Rajdhani Day,400,389
2025-06-30,Rajdhani Night,568,468
2025-06-30,Sridevi,268,147
2025-06-30,Sridevi Night,669,290
2025-06-30,Time Bazar,134,688
2025-07-01,Kalyan,470,699
2025-07-01,Kalyan Night,779,440
2025-07-01,Madhur Day,566,116
2025-07-01,Madhur Night,124,400
2025-07-01,Main Bazar,469,670
2025-07-01,Milan Day,567,117
2025-07-01,Milan Night,360,459
2025-07-01,Rajdhani Day,458,160
2025-07-01,Rajdhani Night,680,788
2025-07-01,Sridevi,440,346
2025-07-01,Sridevi Night,770,136
2025-07-01,Time Bazar,468,457
2025-07-02,Kalyan,334,660
2025-07-02,Kalyan Night,224,278
2025-07-02,Madhur Day,247,139
2025-07-02,Madhur Night,169,256
2025-07-02,Main Bazar,350,269
2025-07-02,Milan Day,899,499
2025-07-02,Milan Night,356,129
2025-07-02,Rajdhani Day,570,355
2025-07-02,Rajdhani Night,246,357
2025-07-02,Sridevi,250,334
2025-07-02,Sridevi Night,366,478
2025-07-02,Time Bazar,230,389
2025-07-03,Kalyan,470,780
2025-07-03,Kalyan Night,478,268
2025-07-03,Madhur Day,168,180
2025-07-03,Madhur Night,146,459
2025-07-03,Main Bazar,277,137
2025-07-03,Milan Day,167,259
2025-07-03,Milan Night,460,360
2025-07-03,Rajdhani Day,112,150
2025-07-03,Rajdhani Night,669,460
2025-07-03,Sridevi,269,126
2025-07-03,Sridevi Night,200,136
2025-07-03,Time Bazar,390,140
2025-07-04,Kalyan,369,126
2025-07-04,Kalyan Night,128,557
2025-07-04,Madhur Day,278,300
2025-07-04,Madhur Night,550,340
2025-07-04,Main Bazar,688,360
2025-07-04,Milan Day,580,334
2025-07-04,Milan Night,560,468
2025-07-04,Rajdhani Day,779,235
2025-07-04,Rajdhani Night,279,160
2025-07-04,Sridevi,168,780
2025-07-04,Sridevi Night,157,567
2025-07-04,Time Bazar,499,259
2025-07-05,Kalyan,223,267
2025-07-05,Madhur Day,559,170
2025-07-05,Madhur Night,160,248
2025-07-05,Milan Day,120,255
2025-07-05,Milan Night,899,125
2025-07-05,Rajdhani Day,688,149
2025-07-05,Sridevi,579,257
2025-07-05,Sridevi Night,256,100
2025-07-05,Time Bazar,340,340
2025-07-06,Madhur Day,247,350
2025-07-06,Sridevi,468,167
2025-07-06,Sridevi Night,477,228
2025-07-07,Kalyan,189,380
2025-07-07,Kalyan Night,440,368
2025-07-07,Madhur Day,380,349
2025-07-07,Madhur Night,278,580
2025-07-07,Main Bazar,477,689
2025-07-07,Milan Day,370,248
2025-07-07,Milan Night,679,159
2025-07-07,Rajdhani Day,129,127
2025-07-07,Rajdhani Night,124,580
2025-07-07,Sridevi,160,889
2025-07-07,Sridevi Night,357,235
2025-07-07,Time Bazar,299,237
2025-07-08,Kalyan,233,224
2025-07-08,Kalyan Night,467,558
2025-07-08,Madhur Day,290,460
2025-07-08,Madhur Night,290,136
2025-07-08,Main Bazar,356,277
2025-07-08,Milan Day,660,117
2025-07-08,Milan Night,589,248
2025-07-08,Rajdhani Day,580,278
2025-07-08,Rajdhani Night,889,559
2025-07-08,Sridevi,223,160
2025-07-08,Sridevi Night,190,200
2025-07-08,Time Bazar,578,689
2025-07-09,Kalyan,378,189
2025-07-09,Kalyan Night,689,490
2025-07-09,Madhur Day,136,159
2025-07-09,Madhur Night,130,378
2025-07-09,Main Bazar,259,679
2025-07-09,Milan Day,220,500
2025-07-09,Milan Night,400,457
2025-07-09,Rajdhani Day,135,339
2025-07-09,Rajdhani Night,137,478
2025-07-09,Sridevi,230,124
2025-07-09,Sridevi Night,357,149
2025-07-09,Time Bazar,250,270
2025-07-10,Kalyan,699,335
2025-07-10,Kalyan Night,190,459
2025-07-10,Madhur Day,268,570
2025-07-10,Madhur Night,570,459
2025-07-10,Main Bazar,670,499
2025-07-10,Milan Day,124,660
2025-07-10,Milan Night,357,223
2025-07-10,Rajdhani Day,279,270
2025-07-10,Rajdhani Night,167,268
2025-07-10,Sridevi,260,446
2025-07-10,Sridevi Night,180,260
2025-07-10,Time Bazar,128,258
2025-07-11,Kalyan,248,125
2025-07-11,Kalyan Night,660,378
2025-07-11,Madhur Day,189,117
2025-07-11,Madhur Night,239,167
2025-07-11,Main Bazar,347,667
2025-07-11,Milan Day,290,178
2025-07-11,Milan Night,470,278
2025-07-11,Rajdhani Day,227,237
2025-07-11,Rajdhani Night,558,150
2025-07-11,Sridevi,560,360
2025-07-11,Sridevi Night,190,130
2025-07-11,Time Bazar,458,780
2025-07-12,Kalyan,458,467
2025-07-12,Madhur Day,356,347
2025-07-12,Madhur Night,150,389
2025-07-12,Milan Day,347,244
2025-07-12,Milan Night,990,348
2025-07-12,Rajdhani Day,300,360
2025-07-12,Sridevi,899,340
2025-07-12,Sridevi Night,137,456
2025-07-12,Time Bazar,169,680
2025-07-13,Madhur Day,790,157
2025-07-13,Sridevi,789,240
2025-07-13,Sridevi Night,456,169
2025-07-14,Kalyan,789,248
2025-07-14,Kalyan Night,237,567
2025-07-14,Madhur Day,168,699
2025-07-14,Madhur Night,556,560
2025-07-14,Main Bazar,560,338
2025-07-14,Milan Day,339,690
2025-07-14,Milan Night,224,678
2025-07-14,Rajdhani Day,347,357
2025-07-14,Rajdhani Night,138,378
2025-07-14,Sridevi,335,579
2025-07-14,Sridevi Night,278,156
2025-07-14,Time Bazar,167,367
2025-07-15,Kalyan,116,140
2025-07-15,Kalyan Night,128,158
2025-07-15,Madhur Day,127,119
2025-07-15,Madhur Night,223,224
2025-07-15,Main Bazar,589,128
2025-07-15,Milan Day,589,678
2025-07-15,Milan Night,688,220
2025-07-15,Rajdhani Day,345,146
2025-07-15,Rajdhani Night,477,238
2025-07-15,Sridevi,366,128
2025-07-15,Sridevi Night,589,568
2025-07-15,Time Bazar,145,680
2025-07-16,Kalyan,138,189
2025-07-16,Kalyan Night,120,450
2025-07-16,Madhur Day,112,167
2025-07-16,Madhur Night,550,690
2025-07-16,Main Bazar,368,289
2025-07-16,Milan Day,240,380
2025-07-16,Milan Night,278,140
2025-07-16,Rajdhani Day,300,156
2025-07-16,Rajdhani Night,368,150
2025-07-16,Sridevi,689,159
2025-07-16,Sridevi Night,789,156
2025-07-16,Time Bazar,339,348
2025-07-17,Kalyan,359,138
2025-07-17,Kalyan Night,679,590
2025-07-17,Madhur Day,158,159
2025-07-17,Madhur Night,160,126
2025-07-17,Main Bazar,790,289
2025-07-17,Milan Day,990,234
2025-07-17,Milan Night,159,260
2025-07-17,Rajdhani Day,124,477
2025-07-17,Rajdhani Night,246,139
2025-07-17,Sridevi,456,388
2025-07-17,Sridevi Night,124,258
2025-07-17,Time Bazar,268,579
2025-07-18,Kalyan,689,268
2025-07-18,Kalyan Night,466,299
2025-07-18,Madhur Day,125,560
2025-07-18,Madhur Night,130,470
2025-07-18,Main Bazar,236,256
2025-07-18,Milan Day,169,468
2025-07-18,Milan Night,335,460
2025-07-18,Rajdhani Day,159,560
2025-07-18,Rajdhani Night,359,344
2025-07-18,Sridevi,357,448
2025-07-18,Sridevi Night,120,468
2025-07-18,Time Bazar,358,245
2025-07-19,Kalyan,678,346
2025-07-19,Madhur Day,479,237
2025-07-19,Madhur Night,247,469
2025-07-19,Milan Day,667,559
2025-07-19,Milan Night,799,367
2025-07-19,Rajdhani Day,349,780
2025-07-19,Sridevi,337,228
2025-07-19,Sridevi Night,670,799
2025-07-19,Time Bazar,357,357
2025-07-20,Madhur Day,459,125
2025-07-20,Sridevi,469,157
2025-07-20,Sridevi Night,158,480
2025-07-21,Kalyan,790,350
2025-07-21,Kalyan Night,800,156
2025-07-21,Madhur Day,268,347
2025-07-21,Madhur Night,347,670
2025-07-21,Main Bazar,140,778
2025-07-21,Milan Day,146,199
2025-07-21,Milan Night,269,136
2025-07-21,Rajdhani Day,700,149
2025-07-21,Rajdhani Night,566,223
2025-07-21,Sridevi,338,366
2025-07-21,Sridevi Night,779,778
2025-07-21,Time Bazar,400,157
2025-07-22,Kalyan,678,299
2025-07-22,Kalyan Night,230,130
2025-07-22,Madhur Day,149,136
2025-07-22,Madhur Night,277,170
2025-07-22,Main Bazar,338,140
2025-07-22,Milan Day,780,239
2025-07-22,Milan Night,456,138
2025-07-22,Rajdhani Day,150,358
2025-07-22,Rajdhani Night,590,244
2025-07-22,Sridevi,589,236
2025-07-22,Sridevi Night,900,123
2025-07-22,Time Bazar,347,248
2025-07-23,Kalyan,389,456
2025-07-23,Kalyan Night,479,567
2025-07-23,Madhur Day,167,189
2025-07-23,Madhur Night,457,130
2025-07-23,Main Bazar,267,900
2025-07-23,Milan Day,368,578
2025-07-23,Milan Night,234,560
2025-07-23,Rajdhani Day,156,369
2025-07-23,Rajdhani Night,155,169
2025-07-23,Sridevi,478,126
2025-07-23,Sridevi Night,360,799
2025-07-23,Time Bazar,178,128
2025-07-24,Kalyan,377,669
2025-07-24,Kalyan Night,126,456
2025-07-24,Madhur Day,280,558
2025-07-24,Madhur Night,590,140
2025-07-24,Main Bazar,368,170
2025-07-24,Milan Day,119,229
2025-07-24,Milan Night,157,279
2025-07-24,Rajdhani Day,770,670
2025-07-24,Rajdhani Night,369,247
2025-07-24,Sridevi,689,890
2025-07-24,Sridevi Night,227,368
2025-07-24,Time Bazar,146,668
2025-07-25,Kalyan,378,345
2025-07-25,Kalyan Night,180,230
2025-07-25,Madhur Day,589,335
2025-07-25,Madhur Night,235,344
2025-07-25,Main Bazar,350,278
2025-07-25,Milan Day,589,390
2025-07-25,Milan Night,348,480
2025-07-25,Rajdhani Day,256,469
2025-07-25,Rajdhani Night,235,370
2025-07-25,Sridevi,350,679
2025-07-25,Sridevi Night,360,159
2025-07-25,Time Bazar,467,338
2025-07-26,Kalyan,150,678
2025-07-26,Madhur Day,578,157
2025-07-26,Madhur Night,280,245
2025-07-26,Milan Day,118,169
2025-07-26,Milan Night,239,570
2025-07-26,Rajdhani Day,470,355
2025-07-26,Sridevi,120,660
2025-07-26,Sridevi Night,380,279
2025-07-26,Time Bazar,120,239
2025-07-27,Madhur Day,136,169
2025-07-27,Sridevi,346,268
2025-07-27,Sridevi Night,467,780
2025-07-28,Kalyan,334,168
2025-07-28,Kalyan Night,177,558
2025-07-28,Madhur Day,455,380
2025-07-28,Madhur Night,147,125
2025-07-28,Main Bazar,137,779
2025-07-28,Milan Day,560,578
2025-07-28,Milan Night,460,236
2025-07-28,Rajdhani Day,260,700
2025-07-28,Rajdhani Night,347,378
2025-07-28,Sridevi,226,680
2025-07-28,Sridevi Night,344,100
2025-07-28,Time Bazar,779,277
2025-07-29,Kalyan,578,350
2025-07-29,Kalyan Night,150,469
2025-07-29,Madhur Day,250,159
2025-07-29,Madhur Night,257,148
2025-07-29,Main Bazar,188,490
2025-07-29,Milan Day,155,449
2025-07-29,Milan Night,114,478
2025-07-29,Rajdhani Day,468,146
2025-07-29,Rajdhani Night,229,155
2025-07-29,Sridevi,270,278
2025-07-29,Sridevi Night,359,345
2025-07-29,Time Bazar,447,230
2025-07-30,Kalyan,359,150
2025-07-30,Kalyan Night,257,356
2025-07-30,Madhur Day,459,223
2025-07-30,Madhur Night,440,190
2025-07-30,Main Bazar,499,690
2025-07-30,Milan Day,236,290
2025-07-30,Milan Night,460,167
2025-07-30,Rajdhani Day,557,179
2025-07-30,Rajdhani Night,490,446
2025-07-30,Sridevi,800,147
2025-07-30,Sridevi Night,234,188
2025-07-30,Time Bazar,590,490
2025-07-31,Kalyan,367,566
2025-07-31,Kalyan Night,289,227
2025-07-31,Madhur Day,339,155
2025-07-31,Madhur Night,178,467
2025-07-31,Main Bazar,247,169
2025-07-31,Milan Day,127,468
2025-07-31,Milan Night,458,560
2025-07-31,Rajdhani Day,168,680
2025-07-31,Rajdhani Night,789,489
2025-07-31,Sridevi,233,117
2025-07-31,Sridevi Night,288,127
2025-07-31,Time Bazar,124,200
2025-08-01,Kalyan,190,238
2025-08-01,Kalyan Night,350,259
2025-08-01,Madhur Day,770,550
2025-08-01,Madhur Night,478,380
2025-08-01,Main Bazar,100,177
2025-08-01,Milan Day,124,569
2025-08-01,Milan Night,688,146
2025-08-01,Rajdhani Day,147,190
2025-08-01,Rajdhani Night,560,266
2025-08-01,Sridevi,467,370
2025-08-01,Sridevi Night,440,366
2025-08-01,Time Bazar,268,223
2025-08-02,Kalyan,456,459
2025-08-02,Madhur Day,379,157
2025-08-02,Madhur Night,156,370
2025-08-02,Milan Day,288,246
2025-08-02,Milan Night,369,190
2025-08-02,Rajdhani Day,579,128
2025-08-02,Sridevi,133,180
2025-08-02,Sridevi Night,123,178
2025-08-02,Time Bazar,478,350
2025-08-03,Madhur Day,279,178
2025-08-03,Sridevi,566,239
2025-08-03,Sridevi Night,280,126
2025-08-04,Kalyan,235,899
2025-08-04,Kalyan Night,378,112
2025-08-04,Madhur Day,799,156
2025-08-04,Madhur Night,379,449
2025-08-04,Main Bazar,199,269
2025-08-04,Milan Day,449,226
2025-08-04,Milan Night,289,246
2025-08-04,Rajdhani Day,238,690
2025-08-04,Rajdhani Night,336,127
2025-08-04,Sridevi,568,500
2025-08-04,Sridevi Night,278,467
2025-08-04,Time Bazar,149,270
2025-08-05,Kalyan,579,290
2025-08-05,Kalyan Night,499,335
2025-08-05,Madhur Day,788,278
2025-08-05,Madhur Night,480,368
2025-08-05,Main Bazar,277,569
2025-08-05,Milan Day,166,580
2025-08-05,Milan Night,150,350
2025-08-05,Rajdhani Day,557,900
2025-08-05,Rajdhani Night,370,149
2025-08-05,Sridevi,270,370
2025-08-05,Sridevi Night,135,479
2025-08-05,Time Bazar,148,234
2025-08-06,Kalyan,578,225
2025-08-06,Kalyan Night,469,246
2025-08-06,Madhur Day,170,340
2025-08-06,Madhur Night,990,118
2025-08-06,Main Bazar,167,244
2025-08-06,Milan Day,378,570
2025-08-06,Milan Night,379,490
2025-08-06,Rajdhani Day,350,138
2025-08-06,Rajdhani Night,136,900
2025-08-06,Sridevi,267,120
2025-08-06,Sridevi Night,245,340
2025-08-06,Time Bazar,358,777
2025-08-07,Kalyan,235,478
2025-08-07,Kalyan Night,127,250
2025-08-07,Madhur Day,350,270
2025-08-07,Madhur Night,150,257
2025-08-07,Main Bazar,577,167
2025-08-07,Milan Day,159,158
2025-08-07,Milan Night,146,137
2025-08-07,Rajdhani Day,468,456
2025-08-07,Rajdhani Night,380,114
2025-08-07,Sridevi,240,145
2025-08-07,Sridevi Night,669,280
2025-08-07,Time Bazar,289,335
2025-08-08,Kalyan,114,459
2025-08-08,Kalyan Night,124,180
2025-08-08,Madhur Day,458,388
2025-08-08,Madhur Night,466,367
2025-08-08,Main Bazar,356,259
2025-08-08,Milan Day,178,366
2025-08-08,Milan Night,337,137
2025-08-08,Rajdhani Day,448,778
2025-08-08,Rajdhani Night,167,447
2025-08-08,Sridevi,468,249
2025-08-08,Sridevi Night,139,469
2025-08-08,Time Bazar,569,256
2025-08-09,Kalyan,123,379
2025-08-09,Madhur Day,148,130
2025-08-09,Madhur Night,400,470
2025-08-09,Milan Day,360,158
2025-08-09,Milan Night,235,459
2025-08-09,Rajdhani Day,340,100
2025-08-09,Sridevi,149,690
2025-08-09,Sridevi Night,159,227
2025-08-09,Time Bazar,578,240
2025-08-10,Madhur Day,460,147
2025-08-10,Sridevi,359,678
2025-08-10,Sridevi Night,258,360
2025-08-11,Kalyan,260,157
2025-08-11,Kalyan Night,267,578
2025-08-11,Madhur Day,668,780
2025-08-11,Madhur Night,380,247
2025-08-11,Main Bazar,340,269
2025-08-11,Milan Day,568,344
2025-08-11,Milan Night,456,667
2025-08-11,Rajdhani Day,234,460
2025-08-11,Rajdhani Night,123,226
2025-08-11,Sridevi,157,456
2025-08-11,Sridevi Night,160,369
2025-08-11,Time Bazar,359,580
2025-08-12,Kalyan,568,579
2025-08-12,Kalyan Night,157,445
2025-08-12,Madhur Day,449,269
2025-08-12,Madhur Night,589,259
2025-08-12,Main Bazar,780,267
2025-08-12,Milan Day,225,188
2025-08-12,Milan Night,290,245
2025-08-12,Rajdhani Day,169,440
2025-08-12,Rajdhani Night,456,168
2025-08-12,Sridevi,155,700
2025-08-12,Sridevi Night,149,460
2025-08-12,Time Bazar,160,400
2025-08-13,Kalyan,278,780
2025-08-13,Kalyan Night,299,568
2025-08-13,Madhur Day,780,459
2025-08-13,Madhur Night,450,160
2025-08-13,Main Bazar,234,178
2025-08-13,Milan Day,568,700
2025-08-13,Milan Night,235,468
2025-08-13,Rajdhani Day,126,230
2025-08-13,Rajdhani Night,250,346
2025-08-13,Sridevi,448,250
2025-08-13,Sridevi Night,167,369
2025-08-13,Time Bazar,120,350
2025-08-14,Kalyan,149,147
2025-08-14,Kalyan Night,269,458
2025-08-14,Madhur Day,467,130
2025-08-14,Madhur Night,113,159
2025-08-14,Main Bazar,370,770
2025-08-14,Milan Day,188,139
2025-08-14,Milan Night,399,279
2025-08-14,Rajdhani Day,330,467
2025-08-14,Rajdhani Night,113,990
2025-08-14,Sridevi,149,360
2025-08-14,Sridevi Night,368,246
2025-08-14,Time Bazar,246,469
2025-08-16,Kalyan,250,390
2025-08-16,Madhur Day,278,450
2025-08-16,Madhur Night,349,124
2025-08-16,Milan Day,257,360
2025-08-16,Rajdhani Day,134,268
2025-08-16,Sridevi,180,138
2025-08-16,Sridevi Night,358,126
2025-08-16,Time Bazar,478,126
2025-08-17,Sridevi,448,668
2025-08-17,Sridevi Night,470,125
2025-08-18,Kalyan,348,455
2025-08-18,Kalyan Night,199,234
2025-08-18,Madhur Day,270,457
2025-08-18,Madhur Night,390,679
2025-08-18,Main Bazar,340,466
2025-08-18,Milan Day,800,250
2025-08-18,Milan Night,117,355
2025-08-18,Rajdhani Day,460,279
2025-08-18,Rajdhani Night,900,390
2025-08-18,Sridevi,169,168
2025-08-18,Sridevi Night,349,680
2025-08-18,Time Bazar,358,269
2025-08-19,Kalyan,467,348
2025-08-19,Kalyan Night,124,190
2025-08-19,Madhur Day,368,156
2025-08-19,Madhur Night,168,244
2025-08-19,Main Bazar,368,155
2025-08-19,Milan Day,480,267
2025-08-19,Milan Night,110,447
2025-08-19,Rajdhani Day,170,129
2025-08-19,Rajdhani Night,579,670
2025-08-19,Sridevi,240,580
2025-08-19,Sridevi Night,225,238
2025-08-19,Time Bazar,779,336
2025-08-20,Kalyan,399,770
2025-08-20,Kalyan Night,245,168
2025-08-20,Madhur Day,290,280
2025-08-20,Madhur Night,440,347
2025-08-20,Main Bazar,290,699
2025-08-20,Milan Day,789,117
2025-08-20,Milan Night,280,256
2025-08-20,Rajdhani Day,240,357
2025-08-20,Rajdhani Night,240,239
2025-08-20,Sridevi,569,179
2025-08-20,Sridevi Night,466,350
2025-08-20,Time Bazar,579,266
2025-08-21,Kalyan,355,478
2025-08-21,Kalyan Night,190,150
2025-08-21,Madhur Day,113,288
2025-08-21,Madhur Night,139,288
2025-08-21,Main Bazar,348,235
2025-08-21,Milan Day,120,112
2025-08-21,Milan Night,670,159
2025-08-21,Rajdhani Day,147,380
2025-08-21,Rajdhani Night,380,168
2025-08-21,Sridevi,890,456
2025-08-21,Sridevi Night,246,345
2025-08-21,Time Bazar,569,580
2025-08-22,Kalyan,899,279
2025-08-22,Kalyan Night,579,124
2025-08-22,Madhur Day,349,158
2025-08-22,Madhur Night,490,369
2025-08-22,Main Bazar,566,790
2025-08-22,Milan Day,260,559
2025-08-22,Milan Night,579,458
2025-08-22,Rajdhani Day,239,346
2025-08-22,Rajdhani Night,677,269
2025-08-22,Sridevi,136,167
2025-08-22,Sridevi Night,137,170
2025-08-22,Time Bazar,340,366
2025-08-23,Kalyan,347,148
2025-08-23,Madhur Day,478,569
2025-08-23,Madhur Night,230,580
2025-08-23,Milan Day,279,136
2025-08-23,Milan Night,340,149
2025-08-23,Rajdhani Day,579,289
2025-08-23,Sridevi,358,280
2025-08-23,Sridevi Night,238,120
2025-08-23,Time Bazar,689,456
2025-08-24,Madhur Day,245,677
2025-08-24,Sridevi,270,590
2025-08-24,Sridevi Night,800,790
2025-08-25,Kalyan,259,125
2025-08-25,Kalyan Night,458,368
2025-08-25,Madhur Day,267,449
2025-08-25,Madhur Night,380,470
2025-08-25,Main Bazar,500,669
2025-08-25,Milan Day,125,125
2025-08-25,Milan Night,448,899
2025-08-25,Rajdhani Day,468,167
2025-08-25,Rajdhani Night,260,450
2025-08-25,Sridevi,779,235
2025-08-25,Sridevi Night,667,240
2025-08-25,Time Bazar,369,579
2025-08-26,Kalyan,340,779
2025-08-26,Kalyan Night,349,168
2025-08-26,Madhur Day,569,116
2025-08-26,Madhur Night,446,140
2025-08-26,Main Bazar,170,148
2025-08-26,Milan Day,124,588
2025-08-26,Milan Night,168,190
2025-08-26,Rajdhani Day,166,179
2025-08-26,Rajdhani Night,122,244
2025-08-26,Sridevi,570,244
2025-08-26,Sridevi Night,257,290
2025-08-26,Time Bazar,127,135
2025-08-27,Kalyan,336,569
2025-08-27,Kalyan Night,780,133
2025-08-27,Madhur Day,560,256
2025-08-27,Madhur Night,333,277
2025-08-27,Main Bazar,230,368
2025-08-27,Rajdhani Day,136,348
2025-08-27,Rajdhani Night,489,499
2025-08-27,Sridevi,480,466
2025-08-27,Sridevi Night,349,789
2025-08-28,Kalyan,488,339
2025-08-28,Kalyan Night,370,117
2025-08-28,Madhur Day,224,345
2025-08-28,Madhur Night,490,237
2025-08-28,Main Bazar,780,380
2025-08-28,Milan Day,238,248
2025-08-28,Milan Night,156,290
2025-08-28,Rajdhani Day,224,334
2025-08-28,Rajdhani Night,250,347
2025-08-28,Sridevi,279,457
2025-08-28,Sridevi Night,456,347
2025-08-28,Time Bazar,459,345
2025-08-29,Kalyan,257,677
2025-08-29,Kalyan Night,348,235
2025-08-29,Madhur Day,250,458
2025-08-29,Madhur Night,339,180
2025-08-29,Main Bazar,189,359
2025-08-29,Milan Day,166,138
2025-08-29,Milan Night,440,124
2025-08-29,Rajdhani Day,146,380
2025-08-29,Rajdhani Night,478,588
2025-08-29,Sridevi,147,569
2025-08-29,Sridevi Night,224,480
2025-08-29,Time Bazar,689,167
2025-08-30,Kalyan,148,468
2025-08-30,Madhur Day,589,689
2025-08-30,Madhur Night,136,126
2025-08-30,Milan Day,139,267
2025-08-30,Milan Night,160,478
2025-08-30,Rajdhani Day,134,690
2025-08-30,Sridevi,148,256
2025-08-30,Sridevi Night,900,356
2025-08-30,Time Bazar,266,146
2025-08-31,Madhur Day,457,180
2025-08-31,Sridevi,157,124
2025-08-31,Sridevi Night,345,259
2025-09-01,Kalyan,778,780
2025-09-01,Kalyan Night,189,137
2025-09-01,Madhur Day,589,344
2025-09-01,Madhur Night,500,245
2025-09-01,Main Bazar,348,789
2025-09-01,Milan Day,136,338
2025-09-01,Milan Night,169,356
2025-09-01,Rajdhani Day,450,590
2025-09-01,Rajdhani Night,466,799
2025-09-01,Sridevi,279,459
2025-09-01,Sridevi Night,780,600
2025-09-01,Time Bazar,149,770
2025-09-02,Kalyan,340,447
2025-09-02,Kalyan Night,290,268
2025-09-02,Madhur Day,559,147
2025-09-02,Madhur Night,246,147
2025-09-02,Main Bazar,149,149
2025-09-02,Milan Day,239,670
2025-09-02,Milan Night,340,789
2025-09-02,Rajdhani Day,250,229
2025-09-02,Rajdhani Night,200,370
2025-09-02,Sridevi,150,480
2025-09-02,Sridevi Night,188,128
2025-09-02,Time Bazar,580,233
2025-09-03,Kalyan,268,489
2025-09-03,Kalyan Night,348,345
2025-09-03,Madhur Day,127,259
2025-09-03,Madhur Night,480,479
2025-09-03,Main Bazar,238,557
2025-09-03,Milan Day,233,267
2025-09-03,Milan Night,138,127
2025-09-03,Rajdhani Day,359,400
2025-09-03,Rajdhani Night,169,379
2025-09-03,Sridevi,190,460
2025-09-03,Sridevi Night,149,228
2025-09-03,Time Bazar,356,259
2025-09-04,Kalyan,590,445
2025-09-04,Kalyan Night,880,257
2025-09-04,Madhur Day,114,126
2025-09-04,Madhur Night,140,135
2025-09-04,Main Bazar,679,247
2025-09-04,Milan Day,358,268
2025-09-04,Milan Night,358,127
2025-09-04,Rajdhani Day,155,678
2025-09-04,Rajdhani Night,228,389
2025-09-04,Sridevi,126,446
2025-09-04,Sridevi Night,399,388
2025-09-04,Time Bazar,345,589
2025-09-05,Kalyan,128,458
2025-09-05,Kalyan Night,133,379
2025-09-05,Madhur Day,334,680
2025-09-05,Madhur Night,266,167
2025-09-05,Main Bazar,445,190
2025-09-05,Milan Day,229,367
2025-09-05,Milan Night,112,159
2025-09-05,Rajdhani Day,290,770
2025-09-05,Rajdhani Night,367,267
2025-09-05,Sridevi,455,223
2025-09-05,Sridevi Night,600,135
2025-09-05,Time Bazar,140,236
2025-09-06,Kalyan,200,112
2025-09-06,Madhur Day,240,480
2025-09-06,Madhur Night,456,458
2025-09-06,Milan Day,335,227
2025-09-06,Rajdhani Day,130,570
2025-09-06,Sridevi,890,380
2025-09-06,Sridevi Night,260,459
2025-09-06,Time Bazar,456,390
2025-09-07,Madhur Day,789,146
2025-09-07,Sridevi,356,580
2025-09-07,Sridevi Night,134,146
2025-09-08,Kalyan,128,770
2025-09-08,Kalyan Night,550,489
2025-09-08,Madhur Day,440,770
2025-09-08,Madhur Night,466,259
2025-09-08,Main Bazar,347,340
2025-09-08,Milan Day,379,378
2025-09-08,Milan Night,579,127
2025-09-08,Rajdhani Day,237,234
2025-09-08,Rajdhani Night,129,150
2025-09-08,Sridevi,228,266
2025-09-08,Sridevi Night,244,788
2025-09-08,Time Bazar,130,245
2025-09-09,Kalyan,114,788
2025-09-09,Kalyan Night,136,159
2025-09-09,Madhur Day,249,477
2025-09-09,Madhur Night,440,230
2025-09-09,Main Bazar,590,345
2025-09-09,Milan Day,357,126
2025-09-09,Milan Night,345,170
2025-09-09,Rajdhani Day,450,340
2025-09-09,Rajdhani Night,357,144
2025-09-09,Sridevi,590,660
2025-09-09,Sridevi Night,115,467
2025-09-09,Time Bazar,245,366
2025-09-10,Kalyan,224,115
2025-09-10,Kalyan Night,127,689
2025-09-10,Madhur Day,779,150
2025-09-10,Madhur Night,460,670
2025-09-10,Main Bazar,800,123
2025-09-10,Milan Day,560,790
2025-09-10,Milan Night,137,170
2025-09-10,Rajdhani Day,236,379
2025-09-10,Rajdhani Night,226,237
2025-09-10,Sridevi,266,234
2025-09-10,Sridevi Night,250,159
2025-09-10,Time Bazar,589,479
2025-09-11,Kalyan,370,137
2025-09-11,Kalyan Night,280,124
2025-09-11,Madhur Day,369,170
2025-09-11,Madhur Night,247,346
2025-09-11,Main Bazar,135,579
2025-09-11,Milan Day,469,790
2025-09-11,Milan Night,250,678
2025-09-11,Rajdhani Day,330,146
2025-09-11,Rajdhani Night,390,258
2025-09-11,Sridevi,379,458
2025-09-11,Sridevi Night,468,480
2025-09-11,Time Bazar,199,600
2025-09-12,Kalyan,267,137
2025-09-12,Kalyan Night,679,156
2025-09-12,Madhur Day,240,590
2025-09-12,Madhur Night,239,279
2025-09-12,Main Bazar,690,470
2025-09-12,Milan Day,238,279
2025-09-12,Milan Night,369,899
2025-09-12,Rajdhani Day,180,134
2025-09-12,Rajdhani Night,235,269
2025-09-12,Sridevi,348,578
2025-09-12,Sridevi Night,330,250
2025-09-12,Time Bazar,266,358
2025-09-13,Kalyan,690,279
2025-09-13,Madhur Day,459,244
2025-09-13,Madhur Night,234,360
2025-09-13,Milan Day,140,348
2025-09-13,Milan Night,290,360
2025-09-13,Rajdhani Day,456,458
2025-09-13,Sridevi,289,256
2025-09-13,Sridevi Night,267,246
2025-09-13,Time Bazar,125,178
2025-09-14,Madhur Day,570,780
2025-09-14,Sridevi,368,249
2025-09-14,Sridevi Night,469,158
2025-09-15,Kalyan,667,478
2025-09-15,Kalyan Night,137,466
2025-09-15,Madhur Day,370,240
2025-09-15,Madhur Night,350,400
2025-09-15,Main Bazar,145,360
2025-09-15,Milan Day,288,178
2025-09-15,Milan Night,257,559
2025-09-15,Rajdhani Day,570,169
2025-09-15,Rajdhani Night,177,245
2025-09-15,Sridevi,144,689
2025-09-15,Sridevi Night,300,190
2025-09-15,Time Bazar,358,788
2025-09-16,Kalyan,590,129
2025-09-16,Kalyan Night,130,567
2025-09-16,Madhur Day,259,469
2025-09-16,Madhur Night,458,570
2025-09-16,Main Bazar,234,148
2025-09-16,Milan Day,179,348
2025-09-16,Milan Night,226,160
2025-09-16,Rajdhani Day,136,257
2025-09-16,Rajdhani Night,590,278
2025-09-16,Sridevi,578,226
2025-09-16,Sridevi Night,557,450
2025-09-16,Time Bazar,236,440
2025-09-17,Kalyan,699,167
2025-09-17,Kalyan Night,244,388
2025-09-17,Madhur Day,466,336
2025-09-17,Madhur Night,340,149
2025-09-17,Main Bazar,290,500
2025-09-17,Milan Day,667,277
2025-09-17,Milan Night,890,470
2025-09-17,Rajdhani Day,137,479
2025-09-17,Rajdhani Night,179,358
2025-09-17,Sridevi,590,169
2025-09-17,Sridevi Night,140,358
2025-09-17,Time Bazar,134,180
2025-09-18,Kalyan,579,367
2025-09-18,Kalyan Night,149,167
2025-09-18,Madhur Day,470,346
2025-09-18,Madhur Night,169,590
2025-09-18,Main Bazar,177,450
2025-09-18,Milan Day,120,690
2025-09-18,Milan Night,126,222
2025-09-18,Rajdhani Day,356,224
2025-09-18,Rajdhani Night,667,134
2025-09-18,Sridevi,566,679
2025-09-18,Sridevi Night,130,157
2025-09-18,Time Bazar,159,379
2025-09-19,Kalyan,780,268
2025-09-19,Kalyan Night,250,569
2025-09-19,Madhur Day,488,227
2025-09-19,Madhur Night,345,178
2025-09-19,Main Bazar,344,379
2025-09-19,Milan Day,588,348
2025-09-19,Milan Night,178,248
2025-09-19,Rajdhani Day,113,240
2025-09-19,Rajdhani Night,110,389
2025-09-19,Sridevi,168,588
2025-09-19,Sridevi Night,339,466
2025-09-19,Time Bazar,140,700
2025-09-20,Kalyan,670,459
2025-09-20,Madhur Day,229,126
2025-09-20,Madhur Night,349,138
2025-09-20,Milan Day,148,780
2025-09-20,Milan Night,238,278
2025-09-20,Rajdhani Day,370,334
2025-09-20,Sridevi,379,159
2025-09-20,Sridevi Night,890,136
2025-09-20,Time Bazar,680,130
2025-09-21,Madhur Day,234,137
2025-09-21,Sridevi,267,129
2025-09-21,Sridevi Night,236,558
2025-09-22,Kalyan,447,480
2025-09-22,Kalyan Night,240,557
2025-09-22,Madhur Day,260,899
2025-09-22,Madhur Night,248,115
2025-09-22,Main Bazar,468,157
2025-09-22,Milan Day,400,128
2025-09-22,Milan Night,880,223
2025-09-22,Rajdhani Day,169,458
2025-09-22,Rajdhani Night,140,299
2025-09-22,Sridevi,278,689
2025-09-22,Sridevi Night,220,500
2025-09-22,Time Bazar,460,299
2025-09-23,Kalyan,690,260
2025-09-23,Kalyan Night,339,370
2025-09-23,Madhur Day,290,570
2025-09-23,Madhur Night,257,256
2025-09-23,Main Bazar,157,678
2025-09-23,Milan Day,224,270
2025-09-23,Milan Night,239,257
2025-09-23,Rajdhani Day,240,678
2025-09-23,Rajdhani Night,456,170
2025-09-23,Sridevi,890,347
2025-09-23,Sridevi Night,789,490
2025-09-23,Time Bazar,236,588
2025-09-24,Kalyan,590,478
2025-09-24,Kalyan Night,237,457
2025-09-24,Madhur Day,380,690
2025-09-24,Madhur Night,380,348
2025-09-24,Main Bazar,234,166
2025-09-24,Milan Day,570,460
2025-09-24,Milan Night,689,246
2025-09-24,Rajdhani Day,449,670
2025-09-24,Rajdhani Night,356,570
2025-09-24,Sridevi,134,259
2025-09-24,Sridevi Night,660,366
2025-09-24,Time Bazar,140,178
2025-09-25,Kalyan,790,135
2025-09-25,Madhur Day,180,450
2025-09-25,Madhur Night,234,678
2025-09-25,Main Bazar,145,247
2025-09-25,Milan Day,588,230
2025-09-25,Milan Night,248,280
2025-09-25,Rajdhani Day,133,357
2025-09-25,Rajdhani Night,468,579
2025-09-25,Sridevi,269,130
2025-09-25,Sridevi Night,266,455
2025-09-25,Time Bazar,270,129
2025-09-26,Kalyan,458,126
2025-09-26,Madhur Day,488,124
2025-09-26,Madhur Night,170,147
2025-09-26,Main Bazar,678,700
2025-09-26,Milan Day,128,156
2025-09-26,Milan Night,130,689
2025-09-26,Rajdhani Day,789,560
2025-09-26,Rajdhani Night,780,589
2025-09-26,Sridevi,257,670
2025-09-26,Sridevi Night,129,580
2025-09-26,Time Bazar,160,445
2025-09-27,Kalyan,557,128
2025-09-27,Madhur Day,115,267
2025-09-27,Madhur Night,126,130
2025-09-27,Milan Day,699,115
2025-09-27,Milan Night,356,149
2025-09-27,Rajdhani Day,568,130
2025-09-27,Sridevi,145,470
2025-09-27,Sridevi Night,346,177
2025-09-27,Time Bazar,280,280
2025-09-28,Madhur Day,188,566
2025-09-28,Sridevi,378,119
2025-09-28,Sridevi Night,256,789
2025-09-29,Kalyan,223,399
2025-09-29,Kalyan Night,380,135
2025-09-29,Madhur Day,478,145
2025-09-29,Madhur Night,569,389
2025-09-29,Main Bazar,578,446
2025-09-29,Milan Day,100,360
2025-09-29,Milan Night,255,455
2025-09-29,Rajdhani Day,134,238
2025-09-29,Rajdhani Night,267,278
2025-09-29,Sridevi,369,350
2025-09-29,Sridevi Night,155,579
2025-09-29,Time Bazar,220,267
2025-09-30,Kalyan,160,135
2025-09-30,Kalyan Night,278,112
2025-09-30,Madhur Day,126,239
2025-09-30,Madhur Night,348,680
2025-09-30,Main Bazar,268,778
2025-09-30,Milan Day,268,349
2025-09-30,Milan Night,138,278
2025-09-30,Rajdhani Day,778,128
2025-09-30,Rajdhani Night,459,490
2025-09-30,Sridevi,458,400
2025-09-30,Sridevi Night,570,247
2025-09-30,Time Bazar,244,267
2025-10-01,Kalyan,133,346
2025-10-01,Kalyan Night,469,148
2025-10-01,Madhur Day,168,179
2025-10-01,Main Bazar,399,257
2025-10-01,Milan Day,238,569
2025-10-01,Milan Night,455,667
2025-10-01,Rajdhani Day,589,490
2025-10-01,Rajdhani Night,899,246
2025-10-01,Sridevi,233,127
2025-10-01,Sridevi Night,350,670
2025-10-01,Time Bazar,169,237
2025-10-02,Kalyan,134,458
2025-10-02,Kalyan Night,557,168
2025-10-02,Madhur Day,148,468
2025-10-02,Madhur Night,269,478
2025-10-02,Main Bazar,169,358
2025-10-02,Milan Day,279,679
2025-10-02,Milan Night,460,469
2025-10-02,Rajdhani Day,169,124
2025-10-02,Rajdhani Night,244,456
2025-10-02,Sridevi,147,377
2025-10-02,Sridevi Night,127,180
2025-10-02,Time Bazar,558,169
2025-10-03,Kalyan,134,145
2025-10-03,Kalyan Night,890,477
2025-10-03,Madhur Day,149,235
2025-10-03,Madhur Night,137,480
2025-10-03,Main Bazar,177,345
2025-10-03,Milan Day,390,578
2025-10-03,Milan Night,688,138
2025-10-03,Rajdhani Day,449,226
2025-10-03,Rajdhani Night,779,126
2025-10-03,Sridevi,468,470
2025-10-03,Sridevi Night,790,137
2025-10-03,Time Bazar,229,479
2025-10-04,Kalyan,560,450
2025-10-04,Madhur Day,120,146
2025-10-04,Madhur Night,188,800
2025-10-04,Milan Day,260,379
2025-10-04,Milan Night,670,480
2025-10-04,Rajdhani Day,670,190
2025-10-04,Sridevi,368,780
2025-10-04,Sridevi Night,150,578
2025-10-04,Time Bazar,369,167
2025-10-05,Madhur Day,259,178
2025-10-05,Sridevi,347,267
2025-10-05,Sridevi Night,136,128
2025-10-06,Kalyan,119,589
2025-10-06,Kalyan Night,236,570
2025-10-06,Madhur Day,225,247
2025-10-06,Madhur Night,256,180
2025-10-06,Main Bazar,470,126
2025-10-06,Milan Day,446,157
2025-10-06,Milan Night,200,780
2025-10-06,Rajdhani Day,123,457
2025-10-06,Rajdhani Night,890,678
2025-10-06,Sridevi,256,250
2025-10-06,Sridevi Night,369,138
2025-10-06,Time Bazar,240,568
2025-10-07,Kalyan,379,448
2025-10-07,Kalyan Night,344,790
2025-10-07,Madhur Day,124,558
2025-10-07,Madhur Night,130,160
2025-10-07,Main Bazar,556,224
2025-10-07,Milan Day,460,126
2025-10-07,Milan Night,116,180
2025-10-07,Rajdhani Day,156,890
2025-10-07,Rajdhani Night,160,470
2025-10-07,Sridevi,234,158
2025-10-07,Sridevi Night,140,470
2025-10-07,Time Bazar,157,559
2025-10-08,Kalyan,359,450
2025-10-08,Kalyan Night,457,278
2025-10-08,Madhur Day,346,138
2025-10-08,Madhur Night,469,135
2025-10-08,Main Bazar,260,477
2025-10-08,Milan Day,670,257
2025-10-08,Milan Night,490,468
2025-10-08,Rajdhani Day,235,367
2025-10-08,Rajdhani Night,457,236
2025-10-08,Sridevi,145,480
2025-10-08,Sridevi Night,448,479
2025-10-08,Time Bazar,568,560
2025-10-09,Kalyan,238,150
2025-10-09,Kalyan Night,127,480
2025-10-09,Madhur Day,140,447
2025-10-09,Madhur Night,335,579
2025-10-09,Main Bazar,556,457
2025-10-09,Milan Day,560,469
2025-10-09,Milan Night,169,135
2025-10-09,Rajdhani Day,270,690
2025-10-09,Rajdhani Night,569,270
2025-10-09,Sridevi,249,146
2025-10-09,Sridevi Night,258,688
2025-10-09,Time Bazar,168,479
2025-10-10,Kalyan,260,590
2025-10-10,Kalyan Night,256,460
2025-10-10,Madhur Day,359,389
2025-10-10,Madhur Night,770,778
2025-10-10,Main Bazar,269,356
2025-10-10,Milan Day,124,366
2025-10-10,Milan Night,137,380
2025-10-10,Rajdhani Day,600,449
2025-10-10,Rajdhani Night,690,459
2025-10-10,Sridevi,190,458
2025-10-10,Sridevi Night,788,290
2025-10-10,Time Bazar,116,278
2025-10-11,Kalyan,225,124
2025-10-11,Madhur Day,589,147
2025-10-11,Madhur Night,370,680
2025-10-11,Milan Day,267,460
2025-10-11,Milan Night,677,366
2025-10-11,Rajdhani Day,225,460
2025-10-11,Sridevi,238,477
2025-10-11,Sridevi Night,800,124
2025-10-11,Time Bazar,358,160
2025-10-12,Madhur Day,445,668
2025-10-12,Sridevi,289,340
2025-10-12,Sridevi Night,346,489
2025-10-13,Kalyan,770,460
2025-10-13,Kalyan Night,259,556
2025-10-13,Madhur Day,250,160
2025-10-13,Madhur Night,347,689
2025-10-13,Main Bazar,370,389
2025-10-13,Milan Day,678,166
2025-10-13,Milan Night,145,490
2025-10-13,Rajdhani Day,145,477
2025-10-13,Rajdhani Night,157,468
2025-10-13,Sridevi,889,248
2025-10-13,Sridevi Night,479,127
2025-10-13,Time Bazar,115,339
2025-10-14,Kalyan,125,140
2025-10-14,Kalyan Night,123,300
2025-10-14,Madhur Day,333,389
2025-10-14,Madhur Night,456,379
2025-10-14,Main Bazar,126,356
2025-10-14,Milan Day,355,150
2025-10-14,Milan Night,446,670
2025-10-14,Rajdhani Day,349,360
2025-10-14,Rajdhani Night,688,136
2025-10-14,Sridevi,490,468
2025-10-14,Sridevi Night,380,678
2025-10-14,Time Bazar,227,477
2025-10-15,Kalyan,568,258
2025-10-15,Kalyan Night,139,260
2025-10-15,Madhur Day,134,499
2025-10-15,Madhur Night,145,280
2025-10-15,Main Bazar,167,115
2025-10-15,Milan Day,488,119
2025-10-15,Milan Night,267,400
2025-10-15,Rajdhani Day,668,259
2025-10-15,Rajdhani Night,358,248
2025-10-15,Sridevi,238,270
2025-10-15,Sridevi Night,389,368
2025-10-15,Time Bazar,560,238
2025-10-16,Kalyan,139,128
2025-10-16,Kalyan Night,334,348
2025-10-16,Madhur Day,338,238
2025-10-16,Madhur Night,280,277
2025-10-16,Main Bazar,279,279
2025-10-16,Milan Day,379,899
2025-10-16,Milan Night,780,150
2025-10-16,Rajdhani Day,480,257
2025-10-16,Rajdhani Night,500,266
2025-10-16,Sridevi,469,290
2025-10-16,Sridevi Night,366,158
2025-10-16,Time Bazar,478,670
2025-10-17,Kalyan,146,348
2025-10-17,Kalyan Night,390,358
2025-10-17,Madhur Day,390,234
2025-10-17,Madhur Night,260,236
2025-10-17,Main Bazar,590,568
2025-10-17,Milan Day,458,289
2025-10-17,Milan Night,355,156
2025-10-17,Rajdhani Day,359,678
2025-10-17,Rajdhani Night,125,168
2025-10-17,Sridevi,260,890
2025-10-17,Sridevi Night,990,679
2025-10-17,Time Bazar,123,570
2025-10-18,Sridevi,349,479
2025-10-18,Sridevi Night,189,690
2025-10-19,Sridevi,345,120
2025-10-19,Sridevi Night,269,124
2025-10-20,Sridevi,157,800
2025-10-20,Sridevi Night,569,248
2025-10-21,Sridevi,467,155
2025-10-21,Sridevi Night,370,347
2025-10-22,Sridevi,557,468
2025-10-22,Sridevi Night,359,170
2025-10-23,Sridevi,340,157
2025-10-23,Sridevi Night,290,156
2025-10-24,Sridevi,279,268
2025-10-24,Sridevi Night,170,235
2025-10-25,Sridevi,178,470
2025-10-25,Sridevi Night,157,278
2025-10-26,Sridevi,116,149
2025-10-26,Sridevi Night,457,245
2025-10-27,Kalyan,159,117
2025-10-27,Kalyan Night,689,139
2025-10-27,Madhur Day,124,457
2025-10-27,Madhur Night,223,246
2025-10-27,Main Bazar,170,168
2025-10-27,Milan Day,159,368
2025-10-27,Milan Night,340,660
2025-10-27,Rajdhani Day,189,399
2025-10-27,Rajdhani Night,190,150
2025-10-27,Sridevi,224,258
2025-10-27,Sridevi Night,359,190
2025-10-27,Time Bazar,334,469
2025-10-28,Kalyan,158,220
2025-10-28,Kalyan Night,235,799
2025-10-28,Madhur Day,147,699
2025-10-28,Madhur Night,778,150
2025-10-28,Main Bazar,249,478
2025-10-28,Milan Day,166,113
2025-10-28,Milan Night,277,116
2025-10-28,Rajdhani Day,367,250
2025-10-28,Rajdhani Night,457,167
2025-10-28,Sridevi,445,256
2025-10-28,Sridevi Night,150,599
2025-10-28,Time Bazar,178,366
2025-10-29,Kalyan,159,568
2025-10-29,Kalyan Night,336,339
2025-10-29,Madhur Day,135,244
2025-10-29,Madhur Night,688,290
2025-10-29,Main Bazar,268,448
2025-10-29,Milan Day,339,233
2025-10-29,Milan Night,200,799
2025-10-29,Rajdhani Day,235,357
2025-10-29,Rajdhani Night,247,330
2025-10-29,Sridevi,489,124
2025-10-29,Sridevi Night,138,235
2025-10-29,Time Bazar,357,266
2025-10-30,Kalyan,789,589
2025-10-30,Kalyan Night,499,457
2025-10-30,Madhur Day,579,237
2025-10-30,Madhur Night,366,119
2025-10-30,Main Bazar,579,147
2025-10-30,Milan Day,234,678
2025-10-30,Milan Night,347,390
2025-10-30,Rajdhani Day,223,125
2025-10-30,Rajdhani Night,490,156
2025-10-30,Sridevi,789,570
2025-10-30,Sridevi Night,258,348
2025-10-30,Time Bazar,257,489
2025-10-31,Kalyan,379,127
2025-10-31,Kalyan Night,446,479
2025-10-31,Madhur Day,667,158
2025-10-31,Madhur Night,167,258
2025-10-31,Main Bazar,149,890
2025-10-31,Milan Day,467,690
2025-10-31,Milan Night,135,779
2025-10-31,Rajdhani Day,138,237
2025-10-31,Rajdhani Night,130,170
2025-10-31,Sridevi,126,234
2025-10-31,Sridevi Night,889,336
2025-10-31,Time Bazar,150,156
2025-11-01,Kalyan,569,125
2025-11-01,Madhur Day,156,335
2025-11-01,Madhur Night,157,790
2025-11-01,Milan Day,490,346
2025-11-01,Milan Night,267,478
2025-11-01,Rajdhani Day,899,130
2025-11-01,Sridevi,167,360
2025-11-01,Sridevi Night,269,127
2025-11-01,Time Bazar,129,670
2025-11-02,Madhur Day,158,389
2025-11-02,Sridevi,457,170
2025-11-02,Sridevi Night,467,490
2025-11-03,Kalyan,780,168
2025-11-03,Kalyan Night,890,678
2025-11-03,Madhur Day,669,566
2025-11-03,Madhur Night,790,358
2025-11-03,Main Bazar,344,560
2025-11-03,Milan Day,234,560
2025-11-03,Milan Night,230,334
2025-11-03,Rajdhani Day,680,158
2025-11-03,Rajdhani Night,127,266
2025-11-03,Sridevi,180,135
2025-11-03,Sridevi Night,259,139
2025-11-03,Time Bazar,145,160
2025-11-04,Kalyan,578,138
2025-11-04,Kalyan Night,679,148
2025-11-04,Madhur Day,389,270
2025-11-04,Madhur Night,558,389
2025-11-04,Main Bazar,125,240
2025-11-04,Milan Day,239,569
2025-11-04,Milan Night,225,660
2025-11-04,Rajdhani Day,558,123
2025-11-04,Rajdhani Night,259,256
2025-11-04,Sridevi,778,138
2025-11-04,Sridevi Night,259,679
2025-11-04,Time Bazar,250,356
2025-11-05,Kalyan,147,120
2025-11-05,Kalyan Night,440,189
2025-11-05,Madhur Day,470,350
2025-11-05,Madhur Night,380,288
2025-11-05,Main Bazar,388,266
2025-11-05,Milan Day,149,267
2025-11-05,Milan Night,558,370
2025-11-05,Rajdhani Day,570,200
2025-11-05,Rajdhani Night,799,679
2025-11-05,Sridevi,248,467
2025-11-05,Sridevi Night,257,124
2025-11-05,Time Bazar,157,456
2025-11-06,Kalyan,578,460
2025-11-06,Kalyan Night,447,377
2025-11-06,Madhur Day,233,557
2025-11-06,Madhur Night,168,590
2025-11-06,Main Bazar,133,499
2025-11-06,Milan Day,338,890
2025-11-06,Milan Night,349,179
2025-11-06,Rajdhani Day,368,235
2025-11-06,Rajdhani Night,244,389
2025-11-06,Sridevi,157,144
2025-11-06,Sridevi Night,356,125
2025-11-06,Time Bazar,134,489
2025-11-07,Kalyan,578,258
2025-11-07,Kalyan Night,267,450
2025-11-07,Madhur Day,279,677
2025-11-07,Madhur Night,156,489
2025-11-07,Main Bazar,269,289
2025-11-07,Milan Day,660,579
2025-11-07,Milan Night,446,490
2025-11-07,Rajdhani Day,190,568
2025-11-07,Rajdhani Night,490,138
2025-11-07,Sridevi,788,344
2025-11-07,Sridevi Night,147,240
2025-11-07,Time Bazar,557,459
2025-11-08,Kalyan,129,368
2025-11-08,Madhur Day,246,239
2025-11-08,Madhur Night,244,137
2025-11-08,Milan Day,130,133
2025-11-08,Milan Night,128,349
2025-11-08,Rajdhani Day,135,337
2025-11-08,Sridevi,568,146
2025-11-08,Sridevi Night,990,499
2025-11-08,Time Bazar,679,256
2025-11-09,Madhur Day,556,379
2025-11-09,Sridevi,380,480
2025-11-09,Sridevi Night,233,237
2025-11-10,Kalyan,135,128
2025-11-10,Kalyan Night,279,169
2025-11-10,Madhur Day,338,370
2025-11-10,Madhur Night,357,770
2025-11-10,Main Bazar,226,400
2025-11-10,Milan Day,800,240
2025-11-10,Milan Night,336,666
2025-11-10,Rajdhani Day,280,350
2025-11-10,Rajdhani Night,356,479
2025-11-10,Sridevi,125,160
2025-11-10,Sridevi Night,134,358
2025-11-10,Time Bazar,239,229
2025-11-11,Kalyan,335,790
2025-11-11,Kalyan Night,126,180
2025-11-11,Madhur Day,390,234
2025-11-11,Madhur Night,340,233
2025-11-11,Main Bazar,670,890
2025-11-11,Milan Day,680,178
2025-11-11,Milan Night,358,177
2025-11-11,Rajdhani Day,129,115
2025-11-11,Rajdhani Night,900,237
2025-11-11,Sridevi,138,679
2025-11-11,Sridevi Night,446,280
2025-11-11,Time Bazar,259,246
2025-11-12,Kalyan,189,266
2025-11-12,Kalyan Night,277,250
2025-11-12,Madhur Day,679,246
2025-11-12,Madhur Night,689,390
2025-11-12,Main Bazar,670,457
2025-11-12,Milan Day,248,269
2025-11-12,Milan Night,788,340
2025-11-12,Rajdhani Day,138,589
2025-11-12,Rajdhani Night,279,667
2025-11-12,Sridevi,589,678
2025-11-12,Sridevi Night,156,448
2025-11-12,Time Bazar,124,889
2025-11-13,Kalyan,129,370
2025-11-13,Kalyan Night,780,559
2025-11-13,Madhur Day,250,137
2025-11-13,Madhur Night,146,280
2025-11-13,Main Bazar,390,348
2025-11-13,Milan Day,148,899
2025-11-13,Milan Night,570,480
2025-11-13,Rajdhani Day,119,590
2025-11-13,Rajdhani Night,350,137
2025-11-13,Sridevi,399,250
2025-11-13,Sridevi Night,220,155
2025-11-13,Time Bazar,356,790
2025-11-14,Kalyan,125,590
2025-11-14,Kalyan Night,569,269
2025-11-14,Madhur Day,178,127
2025-11-14,Madhur Night,490,237
2025-11-14,Main Bazar,228,249
2025-11-14,Milan Day,569,268
2025-11-14,Milan Night,139,680
2025-11-14,Rajdhani Day,150,157
2025-11-14,Rajdhani Night,579,280
2025-11-14,Sridevi,359,179
2025-11-14,Sridevi Night,457,145
2025-11-14,Time Bazar,560,335
2025-11-15,Kalyan,149,133
2025-11-15,Madhur Day,357,600
2025-11-15,Madhur Night,127,889
2025-11-15,Milan Day,170,600
2025-11-15,Milan Night,288,680
2025-11-15,Rajdhani Day,479,230
2025-11-15,Sridevi,270,489
2025-11-15,Sridevi Night,390,247
2025-11-15,Time Bazar,890,160
2025-11-16,Madhur Day,267,450
2025-11-16,Sridevi,467,237
2025-11-16,Sridevi Night,357,146
2025-11-17,Kalyan,780,570
2025-11-17,Kalyan Night,356,469
2025-11-17,Madhur Day,268,289
2025-11-17,Madhur Night,569,400
2025-11-17,Main Bazar,446,158
2025-11-17,Milan Day,116,799
2025-11-17,Milan Night,899,677
2025-11-17,Rajdhani Day,238,149
2025-11-17,Rajdhani Night,156,135
2025-11-17,Sridevi,459,245
2025-11-17,Sridevi Night,236,246
2025-11-17,Time Bazar,136,346
2025-11-18,Kalyan,469,268
2025-11-18,Kalyan Night,336,234
2025-11-18,Madhur Day,256,248
2025-11-18,Madhur Night,779,145
2025-11-18,Main Bazar,237,244
2025-11-18,Milan Day,268,299
2025-11-18,Milan Night,555,258
2025-11-18,Rajdhani Day,449,480
2025-11-18,Rajdhani Night,190,799
2025-11-18,Sridevi,347,890
2025-11-18,Sridevi Night,489,300
2025-11-18,Time Bazar,120,120
2025-11-19,Kalyan,348,256
2025-11-19,Kalyan Night,680,136
2025-11-19,Madhur Day,245,488
2025-11-19,Madhur Night,346,134
2025-11-19,Main Bazar,178,169
2025-11-19,Milan Day,128,890
2025-11-19,Milan Night,258,490
2025-11-19,Rajdhani Day,228,150
2025-11-19,Rajdhani Night,460,490
2025-11-19,Sridevi,356,168
2025-11-19,Sridevi Night,159,379
2025-11-19,Time Bazar,147,137
2025-11-20,Kalyan,560,290
2025-11-20,Kalyan Night,280,346
2025-11-20,Madhur Day,188,458
2025-11-20,Madhur Night,899,145
2025-11-20,Main Bazar,160,255
2025-11-20,Milan Day,780,134
2025-11-20,Milan Night,130,127
2025-11-20,Rajdhani Day,245,248
2025-11-20,Rajdhani Night,233,269
2025-11-20,Sridevi,338,679
2025-11-20,Sridevi Night,440,379
2025-11-20,Time Bazar,233,677
2025-11-21,Kalyan,160,479
2025-11-21,Kalyan Night,236,269
2025-11-21,Madhur Day,345,459
2025-11-21,Madhur Night,477,136
2025-11-21,Main Bazar,368,178
2025-11-21,Milan Day,136,458
2025-11-21,Milan Night,389,257
2025-11-21,Rajdhani Day,135,269
2025-11-21,Rajdhani Night,149,256
2025-11-21,Sridevi,139,456
2025-11-21,Sridevi Night,250,459
2025-11-21,Time Bazar,349,177
2025-11-22,Kalyan,279,255
2025-11-22,Madhur Day,660,455
2025-11-22,Madhur Night,178,670
2025-11-22,Milan Day,390,119
2025-11-22,Milan Night,379,124
2025-11-22,Rajdhani Day,379,557
2025-11-22,Sridevi,477,579
2025-11-22,Sridevi Night,480,388
2025-11-22,Time Bazar,120,500
2025-11-23,Madhur Day,679,127
2025-11-23,Sridevi,369,180
2025-11-23,Sridevi Night,330,348
2025-11-24,Kalyan,126,560
2025-11-24,Kalyan Night,158,566
2025-11-24,Madhur Day,138,136
2025-11-24,Madhur Night,280,225
2025-11-24,Main Bazar,478,255
2025-11-24,Milan Day,137,189
2025-11-24,Milan Night,189,389
2025-11-24,Rajdhani Day,156,479
2025-11-24,Rajdhani Night,335,900
2025-11-24,Sridevi,390,480
2025-11-24,Sridevi Night,147,116
2025-11-24,Time Bazar,169,345
2025-11-25,Kalyan,126,890
2025-11-25,Kalyan Night,579,170
2025-11-25,Madhur Day,557,236
2025-11-25,Madhur Night,347,259
2025-11-25,Main Bazar,468,356
2025-11-25,Milan Day,168,126
2025-11-25,Milan Night,124,578
2025-11-25,Rajdhani Day,770,180
2025-11-25,Rajdhani Night,689,690
2025-11-25,Sridevi,280,344
2025-11-25,Sridevi Night,138,468
2025-11-25,Time Bazar,477,450
2025-11-26,Kalyan,268,278
2025-11-26,Kalyan Night,190,334
2025-11-26,Madhur Day,190,240
2025-11-26,Madhur Night,279,238
2025-11-26,Main Bazar,990,399
2025-11-26,Milan Day,199,366
2025-11-26,Milan Night,299,236
2025-11-26,Rajdhani Day,246,467
2025-11-26,Rajdhani Night,247,800
2025-11-26,Sridevi,339,280
2025-11-26,Sridevi Night,227,158
2025-11-26,Time Bazar,346,247
2025-11-27,Kalyan,458,180
2025-11-27,Kalyan Night,127,247
2025-11-27,Madhur Day,799,490
2025-11-27,Madhur Night,788,460
2025-11-27,Main Bazar,178,447
2025-11-27,Milan Day,667,280
2025-11-27,Milan Night,344,188
2025-11-27,Rajdhani Day,348,136
2025-11-27,Rajdhani Night,120,150
2025-11-27,Sridevi,237,336
2025-11-27,Sridevi Night,669,389
2025-11-27,Time Bazar,345,190
2025-11-28,Kalyan,136,234
2025-11-28,Kalyan Night,468,259
2025-11-28,Madhur Day,479,358
2025-11-28,Madhur Night,177,490
2025-11-28,Main Bazar,789,169
2025-11-28,Milan Day,225,278
2025-11-28,Milan Night,277,578
2025-11-28,Rajdhani Day,138,370
2025-11-28,Rajdhani Night,116,678
2025-11-28,Sridevi,230,270
2025-11-28,Sridevi Night,670,349
2025-11-28,Time Bazar,440,790
2025-11-29,Kalyan,279,449
2025-11-29,Madhur Day,368,149
2025-11-29,Madhur Night,790,360
2025-11-29,Milan Day,590,260
2025-11-29,Milan Night,570,456
2025-11-29,Rajdhani Day,180,899
2025-11-29,Sridevi,278,468
2025-11-29,Sridevi Night,348,479
2025-11-29,Time Bazar,110,189
2025-11-30,Madhur Day,569,230
2025-11-30,Sridevi,140,156
2025-11-30,Sridevi Night,130,336
2025-12-01,Kalyan,557,990
2025-12-01,Kalyan Night,148,468
2025-12-01,Madhur Day,600,460
2025-12-01,Madhur Night,120,138
2025-12-01,Main Bazar,116,129
2025-12-01,Milan Day,699,200
2025-12-01,Milan Night,123,127
2025-12-01,Rajdhani Day,170,167
2025-12-01,Rajdhani Night,688,488
2025-12-01,Sridevi,566,360
2025-12-01,Sridevi Night,370,166
2025-12-01,Time Bazar,357,199
2025-12-02,Kalyan,456,246
2025-12-02,Kalyan Night,457,234
2025-12-02,Madhur Day,470,156
2025-12-02,Madhur Night,457,227
2025-12-02,Main Bazar,137,167
2025-12-02,Milan Day,249,128
2025-12-02,Milan Night,128,580
2025-12-02,Rajdhani Day,680,356
2025-12-02,Rajdhani Night,460,145
2025-12-02,Sridevi,128,489
2025-12-02,Sridevi Night,449,279
2025-12-02,Time Bazar,344,889
2025-12-03,Kalyan,669,255
2025-12-03,Kalyan Night,490,579
2025-12-03,Madhur Day,188,359
2025-12-03,Madhur Night,168,469
2025-12-03,Main Bazar,600,230
2025-12-03,Milan Day,128,120
2025-12-03,Milan Night,457,180
2025-12-03,Rajdhani Day,380,177
2025-12-03,Rajdhani Night,128,223
2025-12-03,Sridevi,138,570
2025-12-03,Sridevi Night,258,470
2025-12-03,Time Bazar,455,455
2025-12-04,Kalyan,449,147
2025-12-04,Kalyan Night,279,570
2025-12-04,Madhur Day,366,139
2025-12-04,Madhur Night,370,138
2025-12-04,Main Bazar,250,299
2025-12-04,Milan Day,135,189
2025-12-04,Milan Night,790,689
2025-12-04,Rajdhani Day,688,110
2025-12-04,Rajdhani Night,168,377
2025-12-04,Sridevi,245,478
2025-12-04,Sridevi Night,589,667
2025-12-04,Time Bazar,250,689
2025-12-05,Kalyan,349,239
2025-12-05,Kalyan Night,480,890
2025-12-05,Madhur Day,368,160
2025-12-05,Madhur Night,134,259
2025-12-05,Main Bazar,366,577
2025-12-05,Milan Day,680,170
2025-12-05,Milan Night,159,790
2025-12-05,Rajdhani Day,880,368
2025-12-05,Rajdhani Night,239,177
2025-12-05,Sridevi,189,167
2025-12-05,Sridevi Night,890,139
2025-12-05,Time Bazar,130,112
2025-12-06,Kalyan,560,250
2025-12-06,Madhur Day,455,300
2025-12-06,Madhur Night,240,679
2025-12-06,Milan Day,479,267
2025-12-06,Milan Night,468,189
2025-12-06,Rajdhani Day,160,456
2025-12-06,Sridevi,670,145
2025-12-06,Sridevi Night,347,256
2025-12-06,Time Bazar,680,130
2025-12-07,Madhur Day,257,448
2025-12-07,Sridevi,579,347
2025-12-07,Sridevi Night,123,458
2025-12-08,Kalyan,678,259
2025-12-08,Kalyan Night,450,160
2025-12-08,Madhur Day,788,137
2025-12-08,Madhur Night,670,168
2025-12-08,Main Bazar,569,269
2025-12-08,Milan Day,167,230
2025-12-08,Milan Night,123,450
2025-12-08,Rajdhani Day,179,479
2025-12-08,Rajdhani Night,239,147
2025-12-08,Sridevi,689,677
2025-12-08,Sridevi Night,380,269
2025-12-08,Time Bazar,239,179
2025-12-09,Kalyan,680,490
2025-12-09,Kalyan Night,678,180
2025-12-09,Madhur Day,220,360
2025-12-09,Madhur Night,466,699
2025-12-09,Main Bazar,280,159
2025-12-09,Milan Day,690,256
2025-12-09,Milan Night,600,277
2025-12-09,Rajdhani Day,237,667
2025-12-09,Rajdhani Night,469,138
2025-12-09,Sridevi,557,126
2025-12-09,Sridevi Night,357,127
2025-12-09,Time Bazar,249,230
2025-12-10,Kalyan,890,350
2025-12-10,Kalyan Night,588,245
2025-12-10,Madhur Day,378,130
2025-12-10,Madhur Night,557,138
2025-12-10,Main Bazar,235,168
2025-12-10,Milan Day,149,490
2025-12-10,Milan Night,148,380
2025-12-10,Rajdhani Day,117,290
2025-12-10,Rajdhani Night,130,300
2025-12-10,Sridevi,120,789
2025-12-10,Sridevi Night,570,156
2025-12-10,Time Bazar,777,167
2025-12-11,Kalyan,270,137
2025-12-11,Kalyan Night,579,234
2025-12-11,Madhur Day,679,569
2025-12-11,Madhur Night,279,667
2025-12-11,Main Bazar,269,378
2025-12-11,Milan Day,168,270
2025-12-11,Milan Night,256,399
2025-12-11,Rajdhani Day,357,557
2025-12-11,Rajdhani Night,889,179
2025-12-11,Sridevi,489,599
2025-12-11,Sridevi Night,240,499
2025-12-11,Time Bazar,570,135
2025-12-12,Kalyan,480,368
2025-12-12,Kalyan Night,138,269
2025-12-12,Madhur Day,339,580
2025-12-12,Madhur Night,239,590
2025-12-12,Main Bazar,156,800
2025-12-12,Milan Day,117,449
2025-12-12,Milan Night,226,138
2025-12-12,Rajdhani Day,122,156
2025-12-12,Rajdhani Night,110,480
2025-12-12,Sridevi,167,880
2025-12-12,Sridevi Night,478,346
2025-12-12,Time Bazar,199,178
2025-12-13,Kalyan,490,235
2025-12-13,Madhur Day,348,689
2025-12-13,Madhur Night,229,580
2025-12-13,Milan Day,238,347
2025-12-13,Milan Night,259,379
2025-12-13,Rajdhani Day,344,458
2025-12-13,Sridevi,569,446
2025-12-13,Sridevi Night,479,117
2025-12-13,Time Bazar,170,478
2025-12-14,Madhur Day,469,233
2025-12-14,Sridevi,559,688
2025-12-14,Sridevi Night,226,466
2025-12-15,Kalyan,349,248
2025-12-15,Kalyan Night,240,344
2025-12-15,Madhur Day,127,190
2025-12-15,Madhur Night,248,569
2025-12-15,Main Bazar,368,458
2025-12-15,Milan Day,380,570
2025-12-15,Milan Night,255,244
2025-12-15,Rajdhani Day,179,370
2025-12-15,Rajdhani Night,120,359
2025-12-15,Sridevi,145,233
2025-12-15,Sridevi Night,599,148
2025-12-15,Time Bazar,123,570
2025-12-16,Kalyan,599,569
2025-12-16,Kalyan Night,138,458
2025-12-16,Madhur Day,277,669
2025-12-16,Madhur Night,128,235
2025-12-16,Main Bazar,223,135
2025-12-16,Milan Day,110,450
2025-12-16,Milan Night,689,190
2025-12-16,Rajdhani Day,358,440
2025-12-16,Rajdhani Night,233,169
2025-12-16,Sridevi,157,449
2025-12-16,Sridevi Night,160,588
2025-12-16,Time Bazar,478,389
2025-12-17,Kalyan,478,188
2025-12-17,Kalyan Night,488,580
2025-12-17,Madhur Day,338,578
2025-12-17,Madhur Night,349,258
2025-12-17,Main Bazar,120,158
2025-12-17,Milan Day,270,235
2025-12-17,Milan Night,136,260
2025-12-17,Rajdhani Day,660,590
2025-12-17,Rajdhani Night,237,557
2025-12-17,Sridevi,266,370
2025-12-17,Sridevi Night,250,268
2025-12-17,Time Bazar,459,478
2025-12-18,Kalyan,456,339
2025-12-18,Kalyan Night,277,247
2025-12-18,Madhur Day,689,480
2025-12-18,Madhur Night,460,246
2025-12-18,Main Bazar,235,238
2025-12-18,Milan Day,124,200
2025-12-18,Milan Night,689,170
2025-12-18,Rajdhani Day,166,669
2025-12-18,Rajdhani Night,378,578
2025-12-18,Sridevi,367,389
2025-12-18,Sridevi Night,245,700
2025-12-18,Time Bazar,800,678
2025-12-19,Kalyan,180,223
2025-12-19,Kalyan Night,479,179
2025-12-19,Madhur Day,112,780
2025-12-19,Madhur Night,179,256
2025-12-19,Main Bazar,450,569
2025-12-19,Milan Day,399,157
2025-12-19,Milan Night,456,250
2025-12-19,Rajdhani Day,350,455
2025-12-19,Rajdhani Night,134,500
2025-12-19,Sridevi,779,458
2025-12-19,Sridevi Night,234,123
2025-12-19,Time Bazar,137,458
2025-12-20,Kalyan,139,478
2025-12-20,Madhur Day,470,136
2025-12-20,Madhur Night,227,368
2025-12-20,Milan Day,129,468
2025-12-20,Milan Night,158,280
2025-12-20,Rajdhani Day,368,188
2025-12-20,Sridevi,347,160
2025-12-20,Sridevi Night,679,156
2025-12-20,Time Bazar,270,223
2025-12-21,Madhur Day,137,356
2025-12-21,Sridevi,568,279
2025-12-21,Sridevi Night,789,237
2025-12-22,Kalyan,157,238
2025-12-22,Kalyan Night,468,457
2025-12-22,Madhur Day,135,446
2025-12-22,Madhur Night,158,288
2025-12-22,Main Bazar,250,399
2025-12-22,Milan Day,370,350
2025-12-22,Milan Night,699,259
2025-12-22,Rajdhani Day,278,780
2025-12-22,Rajdhani Night,220,470
2025-12-22,Sridevi,244,267
2025-12-22,Sridevi Night,269,489
2025-12-22,Time Bazar,560,900
2025-12-23,Kalyan,445,558
2025-12-23,Kalyan Night,466,667
2025-12-23,Madhur Day,470,569
2025-12-23,Madhur Night,378,356
2025-12-23,Main Bazar,477,155
2025-12-23,Milan Day,359,370
2025-12-23,Milan Night,450,300
2025-12-23,Rajdhani Day,680,248
2025-12-23,Rajdhani Night,160,466
2025-12-23,Sridevi,170,256
2025-12-23,Sridevi Night,479,248
2025-12-23,Time Bazar,679,224
2025-12-24,Kalyan,366,229
2025-12-24,Kalyan Night,379,499
2025-12-24,Madhur Day,499,558
2025-12-24,Madhur Night,670,467
2025-12-24,Main Bazar,579,889
2025-12-24,Milan Day,267,140
2025-12-24,Milan Night,469,368
2025-12-24,Rajdhani Day,489,259
2025-12-24,Rajdhani Night,600,449
2025-12-24,Sridevi,280,234
2025-12-24,Sridevi Night,360,569
2025-12-24,Time Bazar,124,147
2025-12-25,Kalyan,238,200
2025-12-25,Kalyan Night,124,560
2025-12-25,Madhur Day,368,358
2025-12-25,Madhur Night,150,469
2025-12-25,Main Bazar,670,450
2025-12-25,Milan Day,357,269
2025-12-25,Milan Night,577,124
2025-12-25,Rajdhani Day,234,237
2025-12-25,Rajdhani Night,680,340
2025-12-25,Sridevi,147,459
2025-12-25,Sridevi Night,267,340
2025-12-25,Time Bazar,670,459
2025-12-26,Kalyan,260,789
2025-12-26,Kalyan Night,135,458
2025-12-26,Madhur Day,458,220
2025-12-26,Madhur Night,579,359
2025-12-26,Main Bazar,190,457
2025-12-26,Milan Day,168,147
2025-12-26,Milan Night,579,467
2025-12-26,Rajdhani Day,899,578
2025-12-26,Rajdhani Night,336,368
2025-12-26,Sridevi,268,790
2025-12-26,Sridevi Night,140,378
2025-12-26,Time Bazar,245,156
2025-12-27,Kalyan,477,390
2025-12-27,Madhur Day,136,168
2025-12-27,Madhur Night,239,115
2025-12-27,Milan Day,148,690
2025-12-27,Milan Night,223,177
2025-12-27,Rajdhani Day,457,379
2025-12-27,Sridevi,129,157
2025-12-27,Sridevi Night,166,670
2025-12-27,Time Bazar,389,690
2025-12-28,Madhur Day,145,490
2025-12-28,Sridevi,358,156
2025-12-28,Sridevi Night,270,247
2025-12-29,Kalyan,899,136
2025-12-29,Kalyan Night,256,146
2025-12-29,Madhur Day,477,270
2025-12-29,Madhur Night,470,238
2025-12-29,Main Bazar,150,133
2025-12-29,Milan Day,678,447
2025-12-29,Milan Night,130,446
2025-12-29,Rajdhani Day,190,560
2025-12-29,Rajdhani Night,259,599
2025-12-29,Sridevi,460,289
2025-12-29,Sridevi Night,230,456
2025-12-29,Time Bazar,560,379
2025-12-30,Kalyan,168,359
2025-12-30,Kalyan Night,269,258
2025-12-30,Madhur Day,237,246
2025-12-30,Madhur Night,360,259
2025-12-30,Main Bazar,256,590
2025-12-30,Milan Day,248,679
2025-12-30,Milan Night,389,880
2025-12-30,Rajdhani Day,136,358
2025-12-30,Rajdhani Night,340,348
2025-12-30,Sridevi,450,246
2025-12-30,Sridevi Night,349,370
2025-12-30,Time Bazar,345,250
2025-12-31,Kalyan,445,240
2025-12-31,Kalyan Night,244,459
2025-12-31,Madhur Day,170,178
2025-12-31,Madhur Night,155,269
2025-12-31,Main Bazar,339,167
2025-12-31,Milan Day,160,129
2025-12-31,Milan Night,449,689
2025-12-31,Rajdhani Day,570,799
2025-12-31,Rajdhani Night,250,344
2025-12-31,Sridevi,189,689
2025-12-31,Sridevi Night,677,190
2025-12-31,Time Bazar,258,190
2026-01-01,Kalyan,180,167
2026-01-01,Kalyan Night,346,379
2026-01-01,Madhur Day,229,149
2026-01-01,Madhur Night,240,700
2026-01-01,Main Bazar,600,139
2026-01-01,Milan Day,350,247
2026-01-01,Milan Night,147,379
2026-01-01,Rajdhani Day,233,370
2026-01-01,Rajdhani Night,136,140
2026-01-01,Sridevi,155,680
2026-01-01,Sridevi Night,189,124
2026-01-01,Time Bazar,139,114
2026-01-02,Kalyan,267,200
2026-01-02,Kalyan Night,190,120
2026-01-02,Madhur Day,256,245
2026-01-02,Madhur Night,230,238
2026-01-02,Main Bazar,240,690
2026-01-02,Milan Day,139,247
2026-01-02,Milan Night,678,236
2026-01-02,Rajdhani Day,345,256
2026-01-02,Rajdhani Night,123,699
2026-01-02,Sridevi,299,479
2026-01-02,Sridevi Night,334,377
2026-01-02,Time Bazar,688,220
2026-01-03,Kalyan,880,378
2026-01-03,Madhur Day,188,569
2026-01-03,Madhur Night,146,178
2026-01-03,Milan Day,268,268
2026-01-03,Milan Night,379,279
2026-01-03,Rajdhani Day,389,470
2026-01-03,Sridevi,250,170
2026-01-03,Sridevi Night,279,360
2026-01-03,Time Bazar,136,990
2026-01-04,Madhur Day,590,159
2026-01-04,Sridevi,134,450
2026-01-04,Sridevi Night,245,799
2026-01-05,Kalyan,235,248
2026-01-05,Kalyan Night,148,179
2026-01-05,Madhur Day,259,457
2026-01-05,Madhur Night,459,160
2026-01-05,Main Bazar,299,335
2026-01-05,Milan Day,680,468
2026-01-05,Milan Night,166,450
2026-01-05,Rajdhani Day,126,360
2026-01-05,Rajdhani Night,477,178
2026-01-05,Sridevi,378,469
2026-01-05,Sridevi Night,350,236
2026-01-05,Time Bazar,448,700
2026-01-06,Kalyan,338,600
2026-01-06,Kalyan Night,270,230
2026-01-06,Madhur Day,136,180
2026-01-06,Main Bazar,370,149
2026-01-06,Milan Day,367,558
2026-01-06,Milan Night,447,138
2026-01-06,Rajdhani Day,368,270
2026-01-06,Rajdhani Night,458,580
2026-01-06,Sridevi,349,367
2026-01-06,Sridevi Night,990,130
2026-01-06,Time Bazar,690,160
2026-01-07,Kalyan,367,168
2026-01-07,Kalyan Night,468,579
2026-01-07,Madhur Day,133,677
2026-01-07,Madhur Night,166,139
2026-01-07,Main Bazar,499,678
2026-01-07,Milan Day,479,136
2026-01-07,Milan Night,225,440
2026-01-07,Rajdhani Day,239,378
2026-01-07,Rajdhani Night,355,338
2026-01-07,Sridevi,280,468
2026-01-07,Sridevi Night,689,123
2026-01-07,Time Bazar,899,140
2026-01-08,Kalyan,488,158
2026-01-08,Kalyan Night,136,245
2026-01-08,Madhur Day,235,356
2026-01-08,Madhur Night,449,123
2026-01-08,Main Bazar,789,467
2026-01-08,Milan Day,466,356
2026-01-08,Milan Night,150,779
2026-01-08,Rajdhani Day,479,578
2026-01-08,Rajdhani Night,239,259
2026-01-08,Sridevi,457,269
2026-01-08,Sridevi Night,138,148
2026-01-08,Time Bazar,448,380
2026-01-09,Kalyan,145,770
2026-01-09,Kalyan Night,370,477
2026-01-09,Madhur Day,360,890
2026-01-09,Madhur Night,499,347
2026-01-09,Main Bazar,220,350
2026-01-09,Milan Day,112,349
2026-01-09,Milan Night,357,380
2026-01-09,Rajdhani Day,367,130
2026-01-09,Rajdhani Night,123,188
2026-01-09,Sridevi,458,479
2026-01-09,Sridevi Night,170,249
2026-01-09,Time Bazar,138,260
2026-01-10,Kalyan,278,680
2026-01-10,Madhur Day,234,470
2026-01-10,Madhur Night,457,367
2026-01-10,Milan Day,239,579
2026-01-10,Milan Night,345,158
2026-01-10,Rajdhani Day,237,299
2026-01-10,Sridevi,590,259
2026-01-10,Sridevi Night,478,347
2026-01-10,Time Bazar,690,256
2026-01-11,Madhur Day,170,249
2026-01-11,Sridevi,279,168
2026-01-11,Sridevi Night,570,390
2026-01-12,Kalyan,278,250
2026-01-12,Kalyan Night,578,790
2026-01-12,Madhur Day,169,128
2026-01-12,Madhur Night,446,480
2026-01-12,Main Bazar,259,247
2026-01-12,Milan Day,458,159
2026-01-12,Milan Night,890,669
2026-01-12,Rajdhani Day,234,789
2026-01-12,Rajdhani Night,490,148
2026-01-12,Sridevi,779,579
2026-01-12,Sridevi Night,480,258
2026-01-12,Time Bazar,590,344
2026-01-13,Kalyan,249,678
2026-01-13,Kalyan Night,467,580
2026-01-13,Madhur Day,230,280
2026-01-13,Madhur Night,148,159
2026-01-13,Main Bazar,120,223
2026-01-13,Milan Day,129,678
2026-01-13,Milan Night,180,257
2026-01-13,Rajdhani Day,233,124
2026-01-13,Rajdhani Night,190,126
2026-01-13,Sridevi,457,226
2026-01-13,Sridevi Night,127,179
2026-01-13,Time Bazar,799,234
2026-01-14,Kalyan,578,149
2026-01-14,Kalyan Night,790,280
2026-01-14,Madhur Day,227,578
2026-01-14,Madhur Night,458,600
2026-01-14,Main Bazar,228,235
2026-01-14,Milan Day,128,279
2026-01-14,Milan Night,129,589
2026-01-14,Rajdhani Day,390,349
2026-01-14,Rajdhani Night,479,468
2026-01-14,Sridevi,257,468
2026-01-14,Sridevi Night,334,115
2026-01-14,Time Bazar,460,699
2026-01-15,Kalyan,346,167
2026-01-15,Kalyan Night,899,456
2026-01-15,Madhur Day,227,139
2026-01-15,Madhur Night,169,440
2026-01-15,Main Bazar,590,267
2026-01-15,Milan Day,580,123
2026-01-15,Milan Night,137,457
2026-01-15,Rajdhani Day,459,224
2026-01-15,Rajdhani Night,116,770
2026-01-15,Sridevi,479,146
2026-01-15,Sridevi Night,150,290
2026-01-15,Time Bazar,350,160
2026-01-16,Kalyan,168,366
2026-01-16,Kalyan Night,133,146
2026-01-16,Madhur Day,370,244
2026-01-16,Madhur Night,460,280
2026-01-16,Main Bazar,479,679
2026-01-16,Milan Day,235,267
2026-01-16,Milan Night,246,390
2026-01-16,Rajdhani Day,356,188
2026-01-16,Rajdhani Night,358,147
2026-01-16,Sridevi,149,288
2026-01-16,Sridevi Night,166,113
2026-01-16,Time Bazar,590,569
2026-01-17,Kalyan,130,390
2026-01-17,Madhur Day,557,278
2026-01-17,Madhur Night,779,450
2026-01-17,Milan Day,445,440
2026-01-17,Milan Night,569,380
2026-01-17,Rajdhani Day,136,378
2026-01-17,Sridevi,256,488
2026-01-17,Sridevi Night,550,146
2026-01-17,Time Bazar,568,145
2026-01-18,Madhur Day,245,467
2026-01-18,Sridevi,267,124
2026-01-18,Sridevi Night,450,168
2026-01-19,Kalyan,235,156
2026-01-19,Kalyan Night,115,490
2026-01-19,Madhur Day,580,344
2026-01-19,Madhur Night,127,579
2026-01-19,Main Bazar,368,344
2026-01-19,Milan Day,300,489
2026-01-19,Milan Night,169,466
2026-01-19,Rajdhani Day,114,389
2026-01-19,Rajdhani Night,148,258
2026-01-19,Sridevi,133,245
2026-01-19,Sridevi Night,479,578
2026-01-19,Time Bazar,128,568
2026-01-20,Kalyan,670,135
2026-01-20,Kalyan Night,127,237
2026-01-20,Madhur Day,379,445
2026-01-20,Madhur Night,477,557
2026-01-20,Main Bazar,889,123
2026-01-20,Milan Day,347,169
2026-01-20,Milan Night,359,359
2026-01-20,Rajdhani Day,469,990
2026-01-20,Rajdhani Night,125,169
2026-01-20,Sridevi,158,177
2026-01-20,Sridevi Night,568,268
2026-01-20,Time Bazar,167,490
2026-01-21,Kalyan,334,150
2026-01-21,Kalyan Night,699,135
2026-01-21,Madhur Day,144,800
2026-01-21,Madhur Night,269,355
2026-01-21,Main Bazar,279,190
2026-01-21,Milan Day,570,577
2026-01-21,Milan Night,127,990
2026-01-21,Rajdhani Day,125,499
2026-01-21,Rajdhani Night,336,136
2026-01-21,Sridevi,146,335
2026-01-21,Sridevi Night,890,580
2026-01-21,Time Bazar,457,400
2026-01-22,Kalyan,790,124
2026-01-22,Kalyan Night,468,499
2026-01-22,Madhur Day,688,134
2026-01-22,Madhur Night,399,170
2026-01-22,Main Bazar,155,499
2026-01-22,Milan Day,390,234
2026-01-22,Milan Night,135,789
2026-01-22,Rajdhani Day,570,580
2026-01-22,Rajdhani Night,199,330
2026-01-22,Sridevi,358,137
2026-01-22,Sridevi Night,367,590
2026-01-22,Time Bazar,229,146
2026-01-23,Kalyan,457,126
2026-01-23,Kalyan Night,126,489
2026-01-23,Madhur Day,236,145
2026-01-23,Madhur Night,356,459
2026-01-23,Main Bazar,158,140
2026-01-23,Milan Day,340,370
2026-01-23,Milan Night,180,445
2026-01-23,Rajdhani Day,118,380
2026-01-23,Rajdhani Night,258,559
2026-01-23,Sridevi,259,380
2026-01-23,Sridevi Night,347,260
2026-01-23,Time Bazar,190,125
2026-01-24,Kalyan,348,149
2026-01-24,Madhur Day,480,229
2026-01-24,Madhur Night,557,244
2026-01-24,Milan Day,128,124
2026-01-24,Milan Night,570,290
2026-01-24,Rajdhani Day,357,378
2026-01-24,Sridevi,356,139
2026-01-24,Sridevi Night,358,367
2026-01-24,Time Bazar,159,128
2026-01-25,Madhur Day,349,990
2026-01-25,Sridevi,149,170
2026-01-25,Sridevi Night,223,568
2026-01-27,Kalyan,250,600
2026-01-27,Kalyan Night,256,399
2026-01-27,Madhur Day,790,349
2026-01-27,Madhur Night,355,230
2026-01-27,Main Bazar,247,235
2026-01-27,Milan Day,236,259
2026-01-27,Milan Night,110,890
2026-01-27,Rajdhani Day,117,450
2026-01-27,Rajdhani Night,120,118
2026-01-27,Sridevi,567,249
2026-01-27,Sridevi Night,226,677
2026-01-27,Time Bazar,388,258
2026-01-28,Kalyan,348,234
2026-01-28,Kalyan Night,249,148
2026-01-28,Madhur Day,160,369
2026-01-28,Madhur Night,277,390
2026-01-28,Main Bazar,357,670
2026-01-28,Milan Day,119,779
2026-01-28,Milan Night,466,234
2026-01-28,Rajdhani Day,279,380
2026-01-28,Rajdhani Night,679,346
2026-01-28,Sridevi,490,899
2026-01-28,Sridevi Night,599,249
2026-01-28,Time Bazar,155,236
2026-01-29,Kalyan,788,159
2026-01-29,Kalyan Night,290,168
2026-01-29,Madhur Day,380,570
2026-01-29,Madhur Night,289,450
2026-01-29,Main Bazar,699,188
2026-01-29,Milan Day,479,116
2026-01-29,Milan Night,779,236
2026-01-29,Rajdhani Day,335,238
2026-01-29,Rajdhani Night,134,247
2026-01-29,Sridevi,130,788
2026-01-29,Sridevi Night,689,157
2026-01-29,Time Bazar,334,270
2026-01-30,Kalyan,146,778
2026-01-30,Kalyan Night,679,880
2026-01-30,Madhur Day,660,189
2026-01-30,Madhur Night,380,167
2026-01-30,Main Bazar,339,557
2026-01-30,Milan Day,239,126
2026-01-30,Milan Night,135,256
2026-01-30,Rajdhani Day,799,230
2026-01-30,Rajdhani Night,249,138
2026-01-30,Sridevi,789,357
2026-01-30,Sridevi Night,247,245
2026-01-30,Time Bazar,233,226
2026-01-31,Kalyan,700,235
2026-01-31,Madhur Day,119,359
2026-01-31,Madhur Night,146,489
2026-01-31,Milan Day,345,233
2026-01-31,Milan Night,346,160
2026-01-31,Rajdhani Day,146,480
2026-01-31,Sridevi,126,569
2026-01-31,Sridevi Night,137,680
2026-01-31,Time Bazar,124,458
2026-02-01,Madhur Day,569,279
2026-02-01,Sridevi,577,268
2026-02-01,Sridevi Night,357,289
2026-02-02,Kalyan,379,489
2026-02-02,Kalyan Night,378,125
2026-02-02,Madhur Day,450,590
2026-02-02,Madhur Night,458,360
2026-02-02,Main Bazar,379,340
2026-02-02,Milan Day,246,236
2026-02-02,Milan Night,788,244
2026-02-02,Rajdhani Day,668,460
2026-02-02,Rajdhani Night,129,170
2026-02-02,Sridevi,440,567
2026-02-02,Sridevi Night,679,158
2026-02-02,Time Bazar,140,139
2026-02-03,Kalyan,188,378
2026-02-03,Kalyan Night,440,577
2026-02-03,Madhur Day,189,129
2026-02-03,Madhur Night,145,256
2026-02-03,Main Bazar,147,579
2026-02-03,Milan Day,170,124
2026-02-03,Milan Night,256,800
2026-02-03,Rajdhani Day,119,168
2026-02-03,Rajdhani Night,249,780
2026-02-03,Sridevi,356,140
2026-02-03,Sridevi Night,890,155
2026-02-03,Time Bazar,456,350
2026-02-04,Kalyan,279,138
2026-02-04,Kalyan Night,356,244
2026-02-04,Madhur Day,234,270
2026-02-04,Madhur Night,556,133
2026-02-04,Main Bazar,899,579
2026-02-04,Milan Day,599,460
2026-02-04,Milan Night,334,127
2026-02-04,Rajdhani Day,170,130
2026-02-04,Rajdhani Night,570,677
2026-02-04,Sridevi,349,123
2026-02-04,Sridevi Night,113,568
2026-02-04,Time Bazar,468,259
2026-02-05,Kalyan,147,145
2026-02-05,Kalyan Night,899,790
2026-02-05,Madhur Day,349,240
2026-02-05,Madhur Night,366,223
2026-02-05,Main Bazar,466,359
2026-02-05,Milan Day,240,448
2026-02-05,Milan Night,240,169
2026-02-05,Rajdhani Day,130,460
2026-02-05,Rajdhani Night,377,247
2026-02-05,Sridevi,388,280
2026-02-05,Sridevi Night,360,378
2026-02-05,Time Bazar,237,133
2026-02-06,Kalyan,456,789
2026-02-06,Kalyan Night,259,778
2026-02-06,Madhur Day,369,117
2026-02-06,Madhur Night,147,227
2026-02-06,Main Bazar,279,569
2026-02-06,Milan Day,234,230
2026-02-06,Milan Night,458,580
2026-02-06,Rajdhani Day,456,478
2026-02-06,Rajdhani Night,134,458
2026-02-06,Sridevi,149,489
2026-02-06,Sridevi Night,200,467
2026-02-06,Time Bazar,269,780
2026-02-07,Kalyan,259,267
2026-02-07,Madhur Day,500,288
2026-02-07,Madhur Night,499,270
2026-02-07,Milan Day,146,139
2026-02-07,Milan Night,259,145
2026-02-07,Rajdhani Day,446,157
2026-02-07,Sridevi,134,247
2026-02-07,Sridevi Night,778,335
2026-02-07,Time Bazar,566,234
2026-02-08,Madhur Day,577,899
2026-02-08,Sridevi,268,670
2026-02-08,Sridevi Night,150,560
2026-02-09,Kalyan,458,250
2026-02-09,Kalyan Night,449,126
2026-02-09,Madhur Day,890,250
2026-02-09,Madhur Night,246,230
2026-02-09,Main Bazar,135,360
2026-02-09,Milan Day,460,800
2026-02-09,Milan Night,270,467
2026-02-09,Rajdhani Day,450,140
2026-02-09,Rajdhani Night,378,778
2026-02-09,Sridevi,899,157
2026-02-09,Sridevi Night,880,349
2026-02-09,Time Bazar,260,122
2026-02-10,Kalyan,479,244
2026-02-10,Kalyan Night,699,467
2026-02-10,Madhur Day,344,290
2026-02-10,Madhur Night,128,356
2026-02-10,Main Bazar,134,389
2026-02-10,Milan Day,249,148
2026-02-10,Milan Night,250,480
2026-02-10,Rajdhani Day,500,223
2026-02-10,Rajdhani Night,126,157
2026-02-10,Sridevi,380,400
2026-02-10,Sridevi Night,290,258
2026-02-10,Time Bazar,678,338
2026-02-11,Kalyan,788,457
2026-02-11,Kalyan Night,135,780
2026-02-11,Madhur Day,460,170
2026-02-11,Madhur Night,660,448
2026-02-11,Main Bazar,388,457
2026-02-11,Milan Day,177,670
2026-02-11,Milan Night,570,356
2026-02-11,Rajdhani Day,478,237
2026-02-11,Rajdhani Night,679,570
2026-02-11,Sridevi,188,670
2026-02-11,Sridevi Night,880,336
2026-02-11,Time Bazar,359,378
2026-02-12,Kalyan,147,113
2026-02-12,Kalyan Night,699,156
2026-02-12,Madhur Day,160,144
2026-02-12,Madhur Night,246,236
2026-02-12,Main Bazar,468,349
2026-02-12,Milan Day,379,330
2026-02-12,Milan Night,449,479
2026-02-12,Rajdhani Day,278,447
2026-02-12,Rajdhani Night,139,400
2026-02-12,Sridevi,778,155
2026-02-12,Sridevi Night,230,890
2026-02-12,Time Bazar,288,490
2026-02-13,Kalyan,260,378
2026-02-13,Kalyan Night,140,245
2026-02-13,Madhur Day,557,239
2026-02-13,Madhur Night,249,590
2026-02-13,Main Bazar,134,677
2026-02-13,Milan Day,440,289
2026-02-13,Milan Night,137,280
2026-02-13,Rajdhani Day,460,157
2026-02-13,Rajdhani Night,689,145
2026-02-13,Sridevi,388,335
2026-02-13,Sridevi Night,289,239
2026-02-13,Time Bazar,567,256
2026-02-14,Kalyan,156,269
2026-02-14,Madhur Day,259,228
2026-02-14,Madhur Night,150,447
2026-02-14,Milan Day,366,189
2026-02-14,Milan Night,138,169
2026-02-14,Rajdhani Day,440,246
2026-02-14,Sridevi,688,380
2026-02-14,Sridevi Night,277,130
2026-02-14,Time Bazar,137,146
2026-02-15,Madhur Day,467,568
2026-02-15,Sridevi,348,378
2026-02-15,Sridevi Night,147,359
2026-02-16,Kalyan,270,789
2026-02-16,Kalyan Night,229,238
2026-02-16,Madhur Day,889,670
2026-02-16,Madhur Night,167,125
2026-02-16,Main Bazar,125,168
2026-02-16,Milan Day,269,160
2026-02-16,Milan Night,689,490
2026-02-16,Rajdhani Day,160,360
2026-02-16,Rajdhani Night,347,358
2026-02-16,Sridevi,340,455
2026-02-16,Sridevi Night,470,389
2026-02-16,Time Bazar,344,230
2026-02-17,Kalyan,670,380
2026-02-17,Kalyan Night,669,279
2026-02-17,Madhur Day,255,290
2026-02-17,Madhur Night,345,177
2026-02-17,Main Bazar,378,249
2026-02-17,Milan Day,380,469
2026-02-17,Milan Night,248,258
2026-02-17,Rajdhani Day,455,680
2026-02-17,Rajdhani Night,156,568
2026-02-17,Sridevi,668,133
2026-02-17,Sridevi Night,135,668
2026-02-17,Time Bazar,550,130
2026-02-18,Kalyan,230,690
2026-02-18,Kalyan Night,117,139
2026-02-18,Madhur Day,445,288
2026-02-18,Madhur Night,570,370
2026-02-18,Main Bazar,456,266
2026-02-18,Milan Day,190,156
2026-02-18,Milan Night,167,137
2026-02-18,Rajdhani Day,169,460
2026-02-18,Rajdhani Night,779,233
2026-02-18,Sridevi,569,577
2026-02-18,Sridevi Night,158,249
2026-02-18,Time Bazar,560,169
2026-02-19,Kalyan,130,199
2026-02-19,Kalyan Night,257,358
2026-02-19,Madhur Day,390,168
2026-02-19,Madhur Night,350,137
2026-02-19,Main Bazar,259,260
2026-02-19,Milan Day,260,900
2026-02-19,Milan Night,489,689
2026-02-19,Rajdhani Day,370,399
2026-02-19,Rajdhani Night,126,246
2026-02-19,Sridevi,660,690
2026-02-19,Sridevi Night,280,270
2026-02-19,Time Bazar,279,234
2026-02-20,Kalyan,678,350
2026-02-20,Kalyan Night,158,137
2026-02-20,Madhur Day,699,347
2026-02-20,Madhur Night,169,156
2026-02-20,Main Bazar,139,117
2026-02-20,Milan Day,568,468
2026-02-20,Milan Night,230,139
2026-02-20,Rajdhani Day,146,126
2026-02-20,Rajdhani Night,123,456
2026-02-20,Sridevi,478,679
2026-02-20,Sridevi Night,568,138
2026-02-20,Time Bazar,155,488
2026-02-21,Kalyan,146,357
2026-02-21,Madhur Day,289,126
2026-02-21,Madhur Night,679,478
2026-02-21,Milan Day,478,158
2026-02-21,Milan Night,360,680
2026-02-21,Rajdhani Day,670,488
2026-02-21,Sridevi,558,458
2026-02-21,Sridevi Night,140,467
2026-02-21,Time Bazar,590,227
2026-02-22,Madhur Day,113,289
2026-02-22,Sridevi,356,129
2026-02-22,Sridevi Night,680,300
2026-02-23,Kalyan,577,700
2026-02-23,Kalyan Night,100,478
2026-02-23,Madhur Day,468,369
2026-02-23,Madhur Night,190,347
2026-02-23,Main Bazar,445,147
2026-02-23,Milan Day,114,677
2026-02-23,Milan Night,155,469
2026-02-23,Rajdhani Day,380,347
2026-02-23,Rajdhani Night,250,457
2026-02-23,Sridevi,359,679
2026-02-23,Sridevi Night,569,228
2026-02-23,Time Bazar,166,258
2026-02-24,Kalyan,699,469
2026-02-24,Kalyan Night,566,500
2026-02-24,Madhur Day,127,156
2026-02-24,Madhur Night,100,360
2026-02-24,Main Bazar,990,246
2026-02-24,Milan Day,200,468
2026-02-24,Milan Night,280,349
2026-02-24,Rajdhani Day,556,145
2026-02-24,Rajdhani Night,229,469
2026-02-24,Sridevi,146,256
2026-02-24,Sridevi Night,147,145
2026-02-24,Time Bazar,490,670
2026-02-25,Kalyan,250,489
2026-02-25,Kalyan Night,229,113
2026-02-25,Madhur Day,199,249
2026-02-25,Madhur Night,112,780
2026-02-25,Main Bazar,779,778
2026-02-25,Milan Day,578,888
2026-02-25,Milan Night,689,199
2026-02-25,Rajdhani Day,267,229
2026-02-25,Rajdhani Night,266,170
2026-02-25,Sridevi,389,680
2026-02-25,Sridevi Night,247,359
2026-02-25,Time Bazar,577,147
2026-02-26,Kalyan,146,223
2026-02-26,Kalyan Night,779,689
2026-02-26,Madhur Day,330,167
2026-02-26,Madhur Night,390,145
2026-02-26,Main Bazar,150,590
2026-02-26,Milan Day,259,478
2026-02-26,Milan Night,479,200
2026-02-26,Rajdhani Day,560,280
2026-02-26,Rajdhani Night,168,580
2026-02-26,Sridevi,258,170
2026-02-26,Sridevi Night,167,346
2026-02-26,Time Bazar,259,467
2026-02-27,Kalyan,588,589
2026-02-27,Kalyan Night,238,450
2026-02-27,Madhur Day,789,580
2026-02-27,Madhur Night,660,490
2026-02-27,Main Bazar,223,448
2026-02-27,Milan Day,235,556
2026-02-27,Milan Night,590,179
2026-02-27,Rajdhani Day,668,290
2026-02-27,Rajdhani Night,145,568
2026-02-27,Sridevi,180,360
2026-02-27,Sridevi Night,169,138
2026-02-27,Time Bazar,888,279
2026-02-28,Kalyan,148,689
2026-02-28,Madhur Day,450,134
2026-02-28,Madhur Night,270,240
2026-02-28,Milan Day,380,117
2026-02-28,Milan Night,239,124
2026-02-28,Rajdhani Day,789,567
2026-02-28,Sridevi,145,160
2026-02-28,Sridevi Night,235,369
2026-02-28,Time Bazar,136,699
2026-03-01,Madhur Day,158,236
2026-03-01,Sridevi,230,349
2026-03-01,Sridevi Night,136,178
2026-03-02,Kalyan,137,148
2026-03-02,Kalyan Night,335,680
2026-03-02,Madhur Day,357,880
2026-03-02,Madhur Night,358,559
2026-03-02,Main Bazar,117,469
2026-03-02,Milan Day,334,456
2026-03-02,Milan Night,466,126
2026-03-02,Rajdhani Day,670,170
2026-03-02,Rajdhani Night,130,269
2026-03-02,Sridevi,167,234
2026-03-02,Sridevi Night,224,160
2026-03-02,Time Bazar,470,590
2026-03-03,Kalyan,289,680
2026-03-03,Kalyan Night,113,569
2026-03-03,Madhur Day,256,120
2026-03-03,Madhur Night,260,690
2026-03-03,Main Bazar,158,229
2026-03-03,Milan Day,469,399
2026-03-03,Milan Night,290,579
2026-03-03,Rajdhani Day,277,560
2026-03-03,Rajdhani Night,244,247
2026-03-03,Sridevi,125,770
2026-03-03,Sridevi Night,146,347
2026-03-03,Time Bazar,788,245
2026-03-05,Kalyan,234,578
2026-03-05,Kalyan Night,336,338
2026-03-05,Madhur Day,468,170
2026-03-05,Madhur Night,348,148
2026-03-05,Main Bazar,149,289
2026-03-05,Milan Day,248,228
2026-03-05,Milan Night,246,249
2026-03-05,Rajdhani Day,489,269
2026-03-05,Rajdhani Night,257,279
2026-03-05,Sridevi,150,168
2026-03-05,Sridevi Night,478,127
2026-03-05,Time Bazar,446,790
2026-03-06,Kalyan,140,123
2026-03-06,Kalyan Night,158,770
2026-03-06,Madhur Day,660,380
2026-03-06,Madhur Night,346,240
2026-03-06,Main Bazar,230,360
2026-03-06,Milan Day,570,669
2026-03-06,Milan Night,570,335
2026-03-06,Rajdhani Day,889,377
2026-03-06,Rajdhani Night,466,249
2026-03-06,Sridevi,380,239
2026-03-06,Sridevi Night,448,236
2026-03-06,Time Bazar,358,336
2026-03-07,Kalyan,150,670
2026-03-07,Madhur Day,189,367
2026-03-07,Madhur Night,126,669
2026-03-07,Milan Day,559,899
2026-03-07,Milan Night,225,258
2026-03-07,Rajdhani Day,690,120
2026-03-07,Sridevi,169,156
2026-03-07,Sridevi Night,440,189
2026-03-07,Time Bazar,677,550
2026-03-08,Madhur Day,379,350
2026-03-08,Sridevi,130,246
2026-03-08,Sridevi Night,348,468
2026-03-09,Kalyan,890,127
2026-03-09,Kalyan Night,147,590
2026-03-09,Madhur Day,244,779
2026-03-09,Madhur Night,800,499
2026-03-09,Main Bazar,270,356
2026-03-09,Milan Day,450,129
2026-03-09,Milan Night,580,368
2026-03-09,Rajdhani Day,145,220
2026-03-09,Rajdhani Night,236,240
2026-03-09,Sridevi,457,578
2026-03-09,Sridevi Night,300,157
2026-03-09,Time Bazar,390,126
2026-03-10,Kalyan,129,100
2026-03-10,Kalyan Night,156,589
2026-03-10,Madhur Day,225,567
2026-03-10,Madhur Night,678,290
2026-03-10,Main Bazar,228,136
2026-03-10,Milan Day,167,159
2026-03-10,Milan Night,389,169
2026-03-10,Rajdhani Day,149,138
2026-03-10,Rajdhani Night,168,880
2026-03-10,Sridevi,180,389
2026-03-10,Sridevi Night,278,158
2026-03-10,Time Bazar,258,235
2026-03-11,Kalyan,445,370
2026-03-11,Kalyan Night,140,139
2026-03-11,Madhur Day,579,358
2026-03-11,Madhur Night,468,589
2026-03-11,Main Bazar,499,670
2026-03-11,Milan Day,568,780
2026-03-11,Milan Night,179,458
2026-03-11,Rajdhani Day,130,270
2026-03-11,Rajdhani Night,578,889
2026-03-11,Sridevi,378,126
2026-03-11,Sridevi Night,280,467
2026-03-11,Time Bazar,568,160
2026-03-12,Kalyan,260,134
2026-03-12,Kalyan Night,357,679
2026-03-12,Madhur Day,129,159
2026-03-12,Madhur Night,568,145
2026-03-12,Main Bazar,458,469
2026-03-12,Milan Day,388,338
2026-03-12,Milan Night,100,268
2026-03-12,Rajdhani Day,238,990
2026-03-12,Rajdhani Night,248,148
2026-03-12,Sridevi,138,167
2026-03-12,Sridevi Night,567,129
2026-03-12,Time Bazar,266,158
2026-03-13,Kalyan,335,230
2026-03-13,Kalyan Night,177,378
2026-03-13,Madhur Day,460,569
2026-03-13,Madhur Night,390,167
2026-03-13,Main Bazar,458,156
2026-03-13,Milan Day,378,129
2026-03-13,Milan Night,117,147
2026-03-13,Rajdhani Day,337,156
2026-03-13,Rajdhani Night,334,135
2026-03-13,Sridevi,459,350
2026-03-13,Sridevi Night,160,168
2026-03-13,Time Bazar,234,110
2026-03-14,Kalyan,357,248
2026-03-14,Madhur Day,779,137
2026-03-14,Madhur Night,127,370
2026-03-14,Milan Day,447,237
2026-03-14,Milan Night,467,115
2026-03-14,Rajdhani Day,489,136
2026-03-14,Sridevi,279,450
2026-03-14,Sridevi Night,234,138
2026-03-14,Time Bazar,349,277
2026-03-15,Madhur Day,670,456
2026-03-15,Sridevi,150,390
2026-03-15,Sridevi Night,200,149
2026-03-16,Kalyan,249,224
2026-03-16,Kalyan Night,469,568
2026-03-16,Madhur Day,459,479
2026-03-16,Madhur Night,448,370
2026-03-16,Main Bazar,579,669
2026-03-16,Milan Day,135,110
2026-03-16,Milan Night,359,890
2026-03-16,Rajdhani Day,356,570
2026-03-16,Rajdhani Night,456,899
2026-03-16,Sridevi,480,490
2026-03-16,Sridevi Night,122,134
2026-03-16,Time Bazar,289,150
2026-03-17,Kalyan,588,256
2026-03-17,Kalyan Night,567,467
2026-03-17,Madhur Day,280,120
2026-03-17,Madhur Night,126,230
2026-03-17,Main Bazar,336,339
2026-03-17,Milan Day,366,118
2026-03-17,Milan Night,455,670
2026-03-17,Rajdhani Day,500,245
2026-03-17,Rajdhani Night,200,380
2026-03-17,Sridevi,156,267
2026-03-17,Sridevi Night,446,119
2026-03-17,Time Bazar,279,689
2026-03-18,Kalyan,368,480
2026-03-18,Kalyan Night,137,567
2026-03-18,Madhur Day,259,678
2026-03-18,Madhur Night,234,357
2026-03-18,Main Bazar,259,370
2026-03-18,Milan Day,126,459
2026-03-18,Milan Night,150,248
2026-03-18,Rajdhani Day,480,350
2026-03-18,Rajdhani Night,460,499
2026-03-18,Sridevi,348,457
2026-03-18,Sridevi Night,136,119
2026-03-18,Time Bazar,136,145
2026-03-19,Kalyan,589,177
2026-03-19,Kalyan Night,489,114
2026-03-19,Madhur Day,169,126
2026-03-19,Madhur Night,158,335
2026-03-19,Main Bazar,455,256
2026-03-19,Milan Day,699,167
2026-03-19,Milan Night,368,378
2026-03-19,Rajdhani Day,135,138
2026-03-19,Rajdhani Night,127,138
2026-03-19,Sridevi,780,568
2026-03-19,Sridevi Night,338,799
2026-03-19,Time Bazar,190,139
2026-03-20,Kalyan,578,457
2026-03-20,Kalyan Night,338,168
2026-03-20,Madhur Day,589,480
2026-03-20,Madhur Night,168,460
2026-03-20,Main Bazar,113,258
2026-03-20,Milan Day,379,269
2026-03-20,Milan Night,248,578
2026-03-20,Rajdhani Day,278,670
2026-03-20,Rajdhani Night,670,378
2026-03-20,Sridevi,557,489
2026-03-20,Sridevi Night,258,234
2026-03-20,Time Bazar,128,189
2026-03-21,Kalyan,189,156
2026-03-21,Madhur Day,588,160
2026-03-21,Madhur Night,148,789
2026-03-21,Milan Day,127,330
2026-03-21,Rajdhani Day,133,779
2026-03-21,Sridevi,578,266
2026-03-21,Sridevi Night,349,267
2026-03-21,Time Bazar,228,580
2026-03-22,Madhur Day,490,346
2026-03-22,Sridevi,145,568
2026-03-22,Sridevi Night,149,790
2026-03-23,Kalyan,399,278
2026-03-23,Kalyan Night,478,250
2026-03-23,Madhur Day,136,258
2026-03-23,Madhur Night,139,889
2026-03-23,Main Bazar,130,678
2026-03-23,Milan Day,680,100
2026-03-23,Milan Night,158,158
2026-03-23,Rajdhani Day,480,347
2026-03-23,Rajdhani Night,689,356
2026-03-23,Sridevi,138,445
2026-03-23,Sridevi Night,499,290
2026-03-23,Time Bazar,990,378
2026-03-24,Kalyan,357,577
2026-03-24,Kalyan Night,340,447
2026-03-24,Madhur Day,348,359
2026-03-24,Madhur Night,199,890
2026-03-24,Main Bazar,199,239
2026-03-24,Milan Day,224,339
2026-03-24,Milan Night,589,389
2026-03-24,Rajdhani Day,269,155
2026-03-24,Rajdhani Night,455,178
2026-03-24,Sridevi,118,689
2026-03-24,Sridevi Night,179,345
2026-03-24,Time Bazar,890,177
2026-03-25,Kalyan,112,589
2026-03-25,Kalyan Night,278,400
2026-03-25,Madhur Day,266,680
2026-03-25,Madhur Night,130,150
2026-03-25,Main Bazar,260,569
2026-03-25,Milan Day,457,330
2026-03-25,Milan Night,340,190
2026-03-25,Rajdhani Day,168,190
2026-03-25,Rajdhani Night,569,788
2026-03-25,Sridevi,778,100
2026-03-25,Sridevi Night,277,233
2026-03-25,Time Bazar,469,179
2026-03-26,Kalyan,889,678
2026-03-26,Kalyan Night,279,358
2026-03-26,Madhur Day,168,190
2026-03-26,Madhur Night,123,340
2026-03-26,Main Bazar,470,148
2026-03-26,Milan Day,367,245
2026-03-26,Milan Night,467,467
2026-03-26,Rajdhani Day,113,470
2026-03-26,Rajdhani Night,130,240
2026-03-26,Sridevi,370,139
2026-03-26,Sridevi Night,680,478
2026-03-26,Time Bazar,389,699
2026-03-27,Kalyan,269,179
2026-03-27,Kalyan Night,299,246
2026-03-27,Madhur Day,367,146
2026-03-27,Madhur Night,358,128
2026-03-27,Main Bazar,246,600
2026-03-27,Milan Day,290,134
2026-03-27,Milan Night,344,139
2026-03-27,Rajdhani Day,550,579
2026-03-27,Rajdhani Night,330,167
2026-03-27,Sridevi,170,368
2026-03-27,Sridevi Night,448,790
2026-03-27,Time Bazar,160,237
2026-03-28,Kalyan,236,579
2026-03-28,Madhur Day,388,167
2026-03-28,Madhur Night,599,778
2026-03-28,Milan Day,169,377
2026-03-28,Milan Night,249,156
2026-03-28,Rajdhani Day,290,390
2026-03-28,Sridevi,800,358
2026-03-28,Sridevi Night,224,258
2026-03-28,Time Bazar,138,577
2026-03-29,Madhur Day,355,129
2026-03-29,Sridevi,126,890
2026-03-29,Sridevi Night,178,236
2026-03-30,Kalyan,566,248
2026-03-30,Kalyan Night,250,236
2026-03-30,Madhur Day,460,478
2026-03-30,Madhur Night,256,349
2026-03-30,Main Bazar,347,234
2026-03-30,Milan Day,289,480
2026-03-30,Milan Night,300,600
2026-03-30,Rajdhani Day,134,448
2026-03-30,Rajdhani Night,289,136
2026-03-30,Sridevi,558,600
2026-03-30,Sridevi Night,389,278
2026-03-30,Time Bazar,140,146
2026-03-31,Kalyan,578,446
2026-03-31,Kalyan Night,239,590
2026-03-31,Madhur Day,360,178
2026-03-31,Madhur Night,117,250
2026-03-31,Main Bazar,237,457
2026-03-31,Milan Day,890,380
2026-03-31,Milan Night,168,258
2026-03-31,Rajdhani Day,889,338
2026-03-31,Rajdhani Night,134,160
2026-03-31,Sridevi,147,370
2026-03-31,Sridevi Night,345,279
2026-03-31,Time Bazar,260,499
2026-04-01,Kalyan,678,126
2026-04-01,Kalyan Night,550,134
2026-04-01,Madhur Day,138,578
2026-04-01,Madhur Night,168,370
2026-04-01,Main Bazar,457,340
2026-04-01,Milan Day,490,447
2026-04-01,Milan Night,147,149
2026-04-01,Rajdhani Day,350,570
2026-04-01,Rajdhani Night,270,278
2026-04-01,Sridevi,149,145
2026-04-01,Sridevi Night,127,390
2026-04-01,Time Bazar,150,223
2026-04-02,Kalyan,678,150
2026-04-02,Kalyan Night,669,349
2026-04-02,Madhur Day,134,570
2026-04-02,Madhur Night,127,690
2026-04-02,Main Bazar,140,359
2026-04-02,Milan Day,346,239
2026-04-02,Milan Night,357,156
2026-04-02,Rajdhani Day,169,890
2026-04-02,Rajdhani Night,119,156
2026-04-02,Sridevi,289,247
2026-04-02,Sridevi Night,280,138
2026-04-02,Time Bazar,126,479
2026-04-03,Kalyan,889,370
2026-04-03,Kalyan Night,670,350
2026-04-03,Madhur Night,367,446
2026-04-03,Main Bazar,689,137
2026-04-03,Milan Day,177,678
2026-04-03,Milan Night,378,446
2026-04-03,Rajdhani Day,157,688
2026-04-03,Rajdhani Night,169,259
2026-04-03,Sridevi,348,158
2026-04-03,Sridevi Night,367,689
2026-04-03,Time Bazar,268,458
2026-04-04,Kalyan,138,240
2026-04-04,Madhur Day,360,478
2026-04-04,Madhur Night,167,129
2026-04-04,Milan Day,479,344
2026-04-04,Milan Night,480,350
2026-04-04,Rajdhani Day,113,126
2026-04-04,Sridevi,578,117
2026-04-04,Sridevi Night,238,669
2026-04-04,Time Bazar,330,456
2026-04-05,Madhur Day,580,568
2026-04-05,Sridevi,113,179
2026-04-05,Sridevi Night,257,448
2026-04-06,Kalyan,159,560
2026-04-06,Kalyan Night,226,270
2026-04-06,Madhur Day,400,237
2026-04-06,Madhur Night,677,234
2026-04-06,Main Bazar,478,237
2026-04-06,Milan Day,450,889
2026-04-06,Milan Night,577,366
2026-04-06,Rajdhani Day,250,678
2026-04-06,Rajdhani Night,133,226
2026-04-06,Sridevi,299,355
2026-04-06,Sridevi Night,780,140
2026-04-06,Time Bazar,990,480
2026-04-07,Kalyan,278,457
2026-04-07,Kalyan Night,228,345
2026-04-07,Madhur Day,334,490
2026-04-07,Madhur Night,356,369
2026-04-07,Main Bazar,379,470
2026-04-07,Milan Day,300,668
2026-04-07,Milan Night,178,346
2026-04-07,Rajdhani Day,570,179
2026-04-07,Rajdhani Night,145,778
2026-04-07,Sridevi,279,260
2026-04-07,Sridevi Night,577,380
2026-04-07,Time Bazar,389,147
2026-04-08,Kalyan,780,367
2026-04-08,Kalyan Night,334,670
2026-04-08,Madhur Day,567,577
2026-04-08,Madhur Night,880,250
2026-04-08,Main Bazar,448,168
2026-04-08,Milan Day,117,900
2026-04-08,Milan Night,129,149
2026-04-08,Rajdhani Day,117,337
2026-04-08,Rajdhani Night,135,477
2026-04-08,Sridevi,158,223
2026-04-08,Sridevi Night,770,360
2026-04-08,Time Bazar,789,140
2026-04-09,Kalyan,267,380
2026-04-09,Kalyan Night,689,588
2026-04-09,Madhur Day,233,448
2026-04-09,Madhur Night,130,345
2026-04-09,Main Bazar,234,468
2026-04-09,Milan Day,778,780
2026-04-09,Milan Night,112,346
2026-04-09,Rajdhani Day,135,690
2026-04-09,Rajdhani Night,350,156
2026-04-09,Sridevi,900,399
2026-04-09,Sridevi Night,356,290
2026-04-09,Time Bazar,689,480
2026-04-10,Kalyan,180,150
2026-04-10,Kalyan Night,246,490
2026-04-10,Madhur Day,299,255
2026-04-10,Madhur Night,380,339
2026-04-10,Main Bazar,225,290
2026-04-10,Milan Day,249,229
2026-04-10,Milan Night,123,577
2026-04-10,Rajdhani Day,557,360
2026-04-10,Rajdhani Night,124,468
2026-04-10,Sridevi,470,225
2026-04-10,Sridevi Night,177,357
2026-04-10,Time Bazar,180,139
2026-04-11,Kalyan,679,468
2026-04-11,Madhur Day,457,557
2026-04-11,Madhur Night,133,140
2026-04-11,Milan Day,160,368
2026-04-11,Milan Night,478,490
2026-04-11,Rajdhani Day,450,567
2026-04-11,Sridevi,238,679
2026-04-11,Sridevi Night,790,111
2026-04-11,Time Bazar,569,388
2026-04-12,Madhur Day,389,340
2026-04-12,Sridevi,358,124
2026-04-12,Sridevi Night,256,490
2026-04-13,Kalyan,788,190
2026-04-13,Kalyan Night,268,127
2026-04-13,Madhur Day,168,489
2026-04-13,Madhur Night,255,556
2026-04-13,Main Bazar,138,689
2026-04-13,Milan Day,159,478
2026-04-13,Milan Night,224,249
2026-04-13,Rajdhani Day,479,480
2026-04-13,Rajdhani Night,569,150
2026-04-13,Sridevi,367,479
2026-04-13,Sridevi Night,113,460
2026-04-13,Time Bazar,249,377
2026-04-14,Kalyan,460,229
2026-04-14,Kalyan Night,660,127
2026-04-14,Madhur Day,199,600
2026-04-14,Madhur Night,470,238
2026-04-14,Main Bazar,230,245
2026-04-14,Milan Day,480,700
2026-04-14,Milan Night,110,240
2026-04-14,Rajdhani Day,556,880
2026-04-14,Rajdhani Night,149,670
2026-04-14,Sridevi,790,169
2026-04-14,Sridevi Night,468,679
2026-04-14,Time Bazar,778,240
2026-04-15,Kalyan,458,269
2026-04-15,Kalyan Night,880,147
2026-04-15,Madhur Day,460,127
2026-04-15,Madhur Night,579,445
2026-04-15,Main Bazar,366,779
2026-04-15,Milan Day,350,788
2026-04-15,Milan Night,460,458
2026-04-15,Rajdhani Day,790,378
2026-04-15,Rajdhani Night,239,500
2026-04-15,Sridevi,140,168
2026-04-15,Sridevi Night,124,166
2026-04-15,Time Bazar,128,279
2026-04-16,Kalyan,140,599
2026-04-16,Kalyan Night,345,470
2026-04-16,Madhur Day,259,258
2026-04-16,Madhur Night,556,679
2026-04-16,Main Bazar,148,156
2026-04-16,Milan Day,467,346
2026-04-16,Milan Night,568,479
2026-04-16,Rajdhani Day,180,190
2026-04-16,Rajdhani Night,133,890
2026-04-16,Sridevi,568,567
2026-04-16,Sridevi Night,179,788
2026-04-16,Time Bazar,455,180
2026-04-17,Kalyan,279,469
2026-04-17,Kalyan Night,178,378
2026-04-17,Madhur Day,800,227
2026-04-17,Madhur Night,258,235
2026-04-17,Main Bazar,448,147
2026-04-17,Milan Day,356,360
2026-04-17,Milan Night,189,380
2026-04-17,Rajdhani Day,134,477
2026-04-17,Rajdhani Night,260,140
2026-04-17,Sridevi,256,346
2026-04-17,Sridevi Night,156,579
2026-04-17,Time Bazar,236,157
2026-04-18,Kalyan,490,120
2026-04-18,Madhur Day,370,130
2026-04-18,Madhur Night,178,468
2026-04-18,Milan Day,125,679
2026-04-18,Milan Night,468,356
2026-04-18,Rajdhani Day,890,166
2026-04-18,Sridevi,567,777
2026-04-18,Sridevi Night,600,450
2026-04-18,Time Bazar,449,336
2026-04-19,Madhur Day,224,235
2026-04-19,Sridevi,157,126
2026-04-19,Sridevi Night,168,345
2026-04-20,Kalyan,348,148
2026-04-20,Kalyan Night,357,589
2026-04-20,Madhur Day,170,589
2026-04-20,Madhur Night,699,370
2026-04-20,Main Bazar,114,500
2026-04-20,Milan Day,147,188
2026-04-20,Milan Night,457,258
2026-04-20,Rajdhani Day,559,579
2026-04-20,Rajdhani Night,578,127
2026-04-20,Sridevi,178,259
2026-04-20,Sridevi Night,440,224
2026-04-20,Time Bazar,237,113
2026-04-21,Kalyan,690,480
2026-04-21,Kalyan Night,670,239
2026-04-21,Madhur Day,346,188
2026-04-21,Madhur Night,457,466
2026-04-21,Main Bazar,190,779
2026-04-21,Milan Day,280,355
2026-04-21,Milan Night,449,190
2026-04-21,Rajdhani Day,345,368
2026-04-21,Rajdhani Night,889,459
2026-04-21,Sridevi,138,290
2026-04-21,Sridevi Night,199,256
2026-04-21,Time Bazar,236,128
2026-04-22,Kalyan,455,459
2026-04-22,Kalyan Night,239,678
2026-04-22,Madhur Day,346,360
2026-04-22,Madhur Night,788,678
2026-04-22,Main Bazar,123,556
2026-04-22,Milan Day,190,167
2026-04-22,Milan Night,333,677
2026-04-22,Rajdhani Day,690,367
2026-04-22,Rajdhani Night,122,355
2026-04-22,Sridevi,234,188
2026-04-22,Sridevi Night,350,369
2026-04-22,Time Bazar,457,137
2026-04-23,Kalyan,479,220
2026-04-23,Kalyan Night,256,378
2026-04-23,Madhur Day,580,370
2026-04-23,Madhur Night,149,266
2026-04-23,Main Bazar,230,269
2026-04-23,Milan Day,224,479
2026-04-23,Milan Night,490,150
2026-04-23,Rajdhani Day,780,235
2026-04-23,Rajdhani Night,557,380
2026-04-23,Sridevi,490,270
2026-04-23,Sridevi Night,460,236
2026-04-23,Time Bazar,569,136
2026-04-24,Kalyan,468,256
2026-04-24,Kalyan Night,134,128
2026-04-24,Madhur Day,668,570
2026-04-24,Madhur Night,579,137
2026-04-24,Main Bazar,780,399
2026-04-24,Milan Day,890,234
2026-04-24,Milan Night,188,179
2026-04-24,Rajdhani Day,127,600
2026-04-24,Rajdhani Night,349,378
2026-04-24,Sridevi,455,470
2026-04-24,Sridevi Night,677,113
2026-04-24,Time Bazar,118,126
2026-04-25,Kalyan,269,450
2026-04-25,Madhur Day,237,178
2026-04-25,Madhur Night,340,180
2026-04-25,Milan Day,360,566
2026-04-25,Milan Night,234,280
2026-04-25,Rajdhani Day,269,125
2026-04-25,Sridevi,338,560
2026-04-25,Sridevi Night,240,244
2026-04-25,Time Bazar,135,460
2026-04-26,Madhur Day,790,113
2026-04-26,Sridevi,458,690
2026-04-26,Sridevi Night,234,268
2026-04-27,Kalyan,179,135
2026-04-27,Kalyan Night,339,370
2026-04-27,Madhur Day,299,146
2026-04-27,Madhur Night,226,389
2026-04-27,Main Bazar,388,348
2026-04-27,Milan Day,359,460
2026-04-27,Milan Night,448,119
2026-04-27,Rajdhani Day,447,344
2026-04-27,Rajdhani Night,358,120
2026-04-27,Sridevi,157,359
2026-04-27,Sridevi Night,246,339
2026-04-27,Time Bazar,349,268
2026-04-28,Kalyan,469,224
2026-04-28,Kalyan Night,566,358
2026-04-28,Madhur Day,119,688
2026-04-28,Madhur Night,146,459
2026-04-28,Main Bazar,238,247
2026-04-28,Milan Day,144,599
2026-04-28,Milan Night,137,289
2026-04-28,Rajdhani Day,234,569
2026-04-28,Rajdhani Night,440,780
2026-04-28,Sridevi,459,244
2026-04-28,Sridevi Night,560,677
2026-04-28,Time Bazar,468,158
2026-04-29,Kalyan,890,348
2026-04-29,Kalyan Night,460,450
2026-04-29,Madhur Day,256,566
2026-04-29,Madhur Night,112,390
2026-04-29,Main Bazar,168,112
2026-04-29,Milan Day,889,466
2026-04-29,Milan Night,289,247
2026-04-29,Rajdhani Day,889,449
2026-04-29,Rajdhani Night,160,128
2026-04-29,Sridevi,224,669
2026-04-29,Sridevi Night,790,490
2026-04-29,Time Bazar,360,188
2026-04-30,Kalyan,256,269
2026-04-30,Kalyan Night,224,145
2026-04-30,Madhur Day,588,130
2026-04-30,Madhur Night,570,289
2026-04-30,Main Bazar,145,188
2026-04-30,Milan Day,388,340
2026-04-30,Milan Night,469,268
2026-04-30,Rajdhani Day,478,780
2026-04-30,Rajdhani Night,679,199
2026-04-30,Sridevi,466,366
2026-04-30,Sridevi Night,177,579
2026-04-30,Time Bazar,167,149
2026-05-01,Kalyan,180,250
2026-05-01,Kalyan Night,134,357
2026-05-01,Madhur Day,250,169
2026-05-01,Madhur Night,339,369
2026-05-01,Main Bazar,260,170
2026-05-01,Milan Day,112,236
2026-05-01,Milan Night,599,345
2026-05-01,Rajdhani Day,590,470
2026-05-01,Rajdhani Night,688,250
2026-05-01,Sridevi,130,234
2026-05-01,Sridevi Night,247,378
2026-05-01,Time Bazar,257,580
2026-05-02,Kalyan,123,459
2026-05-02,Madhur Day,790,569
2026-05-02,Madhur Night,900,288
2026-05-02,Milan Day,556,189
2026-05-02,Milan Night,128,240
2026-05-02,Rajdhani Day,237,389
2026-05-02,Sridevi,248,278
2026-05-02,Sridevi Night,370,580
2026-05-02,Time Bazar,147,489
2026-05-03,Madhur Day,246,378
2026-05-03,Sridevi,670,359
2026-05-03,Sridevi Night,399,138
2026-05-04,Kalyan,180,339
2026-05-04,Kalyan Night,350,677
2026-05-04,Madhur Day,679,236
2026-05-04,Madhur Night,489,247
2026-05-04,Main Bazar,289,600
2026-05-04,Milan Day,480,145
2026-05-04,Milan Night,235,247
2026-05-04,Rajdhani Day,199,247
2026-05-04,Rajdhani Night,179,399
2026-05-04,Sridevi,160,335
2026-05-04,Sridevi Night,560,244
2026-05-04,Time Bazar,220,119
2026-05-05,Kalyan,137,148
2026-05-05,Kalyan Night,334,260
2026-05-05,Madhur Day,368,590
2026-05-05,Madhur Night,235,237
2026-05-05,Main Bazar,890,467
2026-05-05,Milan Day,788,570
2026-05-05,Milan Night,678,380
2026-05-05,Rajdhani Day,450,480
2026-05-05,Rajdhani Night,148,680
2026-05-05,Sridevi,255,577
2026-05-05,Sridevi Night,778,129
2026-05-05,Time Bazar,189,580
2026-05-06,Kalyan,568,168
2026-05-06,Kalyan Night,379,167
2026-05-06,Madhur Day,340,459
2026-05-06,Madhur Night,158,457
2026-05-06,Milan Day,139,278
2026-05-06,Milan Night,190,246
2026-05-06,Rajdhani Day,460,448
2026-05-06,Rajdhani Night,239,279
2026-05-06,Sridevi,469,158
2026-05-06,Sridevi Night,160,137
2026-05-06,Time Bazar,440,126
2026-05-07,Kalyan,690,236
2026-05-07,Kalyan Night,124,469
2026-05-07,Madhur Day,677,234
2026-05-07,Madhur Night,126,160
2026-05-07,Main Bazar,158,335
2026-05-07,Milan Day,160,258
2026-05-07,Milan Night,118,167
2026-05-07,Rajdhani Day,899,240
2026-05-07,Rajdhani Night,246,258
2026-05-07,Sridevi,112,488
2026-05-07,Sridevi Night,344,577
2026-05-07,Time Bazar,688,279
2026-05-08,Kalyan,355,167
2026-05-08,Kalyan Night,349,367
2026-05-08,Madhur Day,139,880
2026-05-08,Madhur Night,120,799
2026-05-08,Main Bazar,780,600
2026-05-08,Milan Day,123,360
2026-05-08,Milan Night,279,148
2026-05-08,Rajdhani Day,790,440
2026-05-08,Rajdhani Night,240,259
2026-05-08,Sridevi,177,146
2026-05-08,Sridevi Night,266,247
2026-05-08,Time Bazar,466,579
2026-05-09,Kalyan,137,288
2026-05-09,Madhur Day,160,478
2026-05-09,Madhur Night,237,160
2026-05-09,Milan Day,480,167
2026-05-09,Milan Night,490,349
2026-05-09,Rajdhani Day,128,356
2026-05-09,Sridevi,228,669
2026-05-09,Sridevi Night,379,480
2026-05-09,Time Bazar,223,800
2026-05-10,Madhur Day,140,580
2026-05-10,Sridevi,689,468
2026-05-10,Sridevi Night,455,378
2026-05-11,Kalyan,588,770
2026-05-11,Kalyan Night,577,259
2026-05-11,Madhur Day,330,589
2026-05-11,Madhur Night,356,789
2026-05-11,Main Bazar,899,579
2026-05-11,Milan Day,489,345
2026-05-11,Milan Night,128,580
2026-05-11,Rajdhani Day,458,228
2026-05-11,Rajdhani Night,566,270
2026-05-11,Sridevi,247,579
2026-05-11,Sridevi Night,358,340
2026-05-11,Time Bazar,499,247
2026-05-12,Kalyan,579,590
2026-05-12,Kalyan Night,259,135
2026-05-12,Madhur Day,359,270
2026-05-12,Madhur Night,380,280
2026-05-12,Main Bazar,110,379
2026-05-12,Milan Day,478,777
2026-05-12,Milan Night,260,169
2026-05-12,Rajdhani Day,249,578
2026-05-12,Rajdhani Night,370,239
2026-05-12,Sridevi,490,357
2026-05-12,Sridevi Night,368,359
2026-05-12,Time Bazar,246,678
2026-05-13,Kalyan,670,679
2026-05-13,Kalyan Night,156,136
2026-05-13,Madhur Day,159,680
2026-05-13,Madhur Night,127,110
2026-05-13,Main Bazar,369,127
2026-05-13,Milan Day,247,789
2026-05-13,Milan Night,148,189
2026-05-13,Rajdhani Day,357,138
2026-05-13,Rajdhani Night,600,233
2026-05-13,Sridevi,660,177
2026-05-13,Sridevi Night,357,258
2026-05-13,Time Bazar,247,570
2026-05-14,Kalyan,679,479
2026-05-14,Kalyan Night,266,589
2026-05-14,Madhur Day,460,138
2026-05-14,Madhur Night,277,169
2026-05-14,Main Bazar,237,224
2026-05-14,Milan Day,138,568
2026-05-14,Milan Night,289,345
2026-05-14,Rajdhani Day,349,379
2026-05-14,Rajdhani Night,190,128
2026-05-14,Sridevi,300,117
2026-05-14,Sridevi Night,379,255
2026-05-14,Time Bazar,569,150
2026-05-15,Kalyan,234,256
2026-05-15,Kalyan Night,247,360
2026-05-15,Madhur Day,136,490
2026-05-15,Madhur Night,189,677
2026-05-15,Main Bazar,169,167
2026-05-15,Milan Day,170,256
2026-05-15,Milan Night,123,288
2026-05-15,Rajdhani Day,350,380
2026-05-15,Rajdhani Night,477,159
2026-05-15,Sridevi,179,578
2026-05-15,Sridevi Night,127,112
2026-05-15,Time Bazar,388,248
2026-05-16,Kalyan,368,279
2026-05-16,Madhur Day,148,590
2026-05-16,Madhur Night,144,123
2026-05-16,Milan Day,245,479
2026-05-16,Milan Night,370,350
2026-05-16,Rajdhani Day,190,357
2026-05-16,Sridevi,690,190
2026-05-16,Sridevi Night,188,338
2026-05-16,Time Bazar,245,469
2026-05-17,Madhur Day,136,128
2026-05-17,Sridevi,340,779
2026-05-17,Sridevi Night,337,230
2026-05-18,Kalyan,567,126
2026-05-18,Kalyan Night,380,268
2026-05-18,Madhur Day,399,233
2026-05-18,Madhur Night,360,367
2026-05-18,Main Bazar,257,356
2026-05-18,Milan Day,267,124
2026-05-18,Milan Night,244,239
2026-05-18,Rajdhani Day,145,136
2026-05-18,Rajdhani Night,890,450
2026-05-18,Sridevi,338,488
2026-05-18,Sridevi Night,669,336
2026-05-18,Time Bazar,150,550
2026-05-19,Kalyan,330,347
2026-05-19,Kalyan Night,377,358
2026-05-19,Madhur Day,580,169
2026-05-19,Madhur Night,226,140
2026-05-19,Main Bazar,259,189
2026-05-19,Milan Day,245,467
2026-05-19,Milan Night,369,146
2026-05-19,Rajdhani Day,890,900
2026-05-19,Rajdhani Night,568,178
2026-05-19,Sridevi,670,369
2026-05-19,Sridevi Night,145,134
2026-05-19,Time Bazar,367,489
2026-05-20,Kalyan,689,678
2026-05-20,Kalyan Night,890,136
2026-05-20,Madhur Day,146,557
2026-05-20,Madhur Night,258,340
2026-05-20,Main Bazar,155,344
2026-05-20,Milan Day,000,477
2026-05-20,Milan Night,146,170
2026-05-20,Rajdhani Day,699,380
2026-05-20,Rajdhani Night,147,129
2026-05-20,Sridevi,355,189
2026-05-20,Sridevi Night,366,567
2026-05-20,Time Bazar,120,134
2026-05-21,Kalyan,156,130
2026-05-21,Kalyan Night,450,348
2026-05-21,Madhur Day,180,490
2026-05-21,Madhur Night,156,330
2026-05-21,Main Bazar,569,569
2026-05-21,Milan Day,159,279
2026-05-21,Milan Night,125,580
2026-05-21,Rajdhani Day,600,258
2026-05-21,Rajdhani Night,788,488
2026-05-21,Sridevi,799,690
2026-05-21,Sridevi Night,235,114
2026-05-21,Time Bazar,479,223
2026-05-22,Kalyan,127,190
2026-05-22,Kalyan Night,377,389
2026-05-22,Madhur Day,690,459
2026-05-22,Madhur Night,789,470
2026-05-22,Main Bazar,289,134
2026-05-22,Milan Day,257,138
2026-05-22,Milan Night,668,466
2026-05-22,Rajdhani Day,160,390
2026-05-22,Rajdhani Night,289,256
2026-05-22,Sridevi,148,155
2026-05-22,Sridevi Night,157,167
2026-05-22,Time Bazar,990,150
2026-05-23,Kalyan,678,238
2026-05-23,Madhur Day,159,100
2026-05-23,Madhur Night,356,190
2026-05-23,Milan Day,378,150
2026-05-23,Milan Night,136,149
2026-05-23,Rajdhani Day,140,149
2026-05-23,Sridevi,880,239
2026-05-23,Sridevi Night,677,255
2026-05-23,Time Bazar,557,399
2026-05-24,Madhur Day,770,390
2026-05-24,Sridevi,890,369
2026-05-24,Sridevi Night,117,144
2026-05-25,Kalyan,557,255
2026-05-25,Kalyan Night,890,457
2026-05-25,Madhur Day,390,359
2026-05-25,Madhur Night,128,266
2026-05-25,Main Bazar,226,147
2026-05-25,Milan Day,679,400
2026-05-25,Milan Night,170,158
2026-05-25,Rajdhani Day,178,560
2026-05-25,Rajdhani Night,560,290
2026-05-25,Sridevi,679,449
2026-05-25,Sridevi Night,400,269
2026-05-25,Time Bazar,390,250
2026-05-26,Kalyan,890,128
2026-05-26,Kalyan Night,480,336
2026-05-26,Madhur Day,689,124
2026-05-26,Madhur Night,234,670
2026-05-26,Main Bazar,400,577
2026-05-26,Milan Day,590,334
2026-05-26,Milan Night,355,459
2026-05-26,Rajdhani Day,670,489
2026-05-26,Rajdhani Night,346,133
2026-05-26,Sridevi,567,458
2026-05-26,Sridevi Night,467,238
2026-05-26,Time Bazar,588,169
2026-05-27,Kalyan,679,290
2026-05-27,Kalyan Night,340,235
2026-05-27,Madhur Day,469,168
2026-05-27,Madhur Night,349,235
2026-05-27,Main Bazar,560,467
2026-05-27,Milan Day,236,179
2026-05-27,Milan Night,450,389
2026-05-27,Rajdhani Day,770,170
2026-05-27,Rajdhani Night,890,468
2026-05-27,Sridevi,899,260
2026-05-27,Sridevi Night,450,358
2026-05-27,Time Bazar,126,289
2026-05-28,Kalyan,124,357
2026-05-28,Kalyan Night,369,599
2026-05-28,Madhur Day,223,589
2026-05-28,Madhur Night,670,459
2026-05-28,Main Bazar,559,490
2026-05-28,Milan Day,240,130
2026-05-28,Milan Night,290,466
2026-05-28,Rajdhani Day,590,159
2026-05-28,Rajdhani Night,190,258
2026-05-28,Sridevi,134,456
2026-05-28,Sridevi Night,400,580
2026-05-28,Time Bazar,480,156
2026-05-29,Kalyan,136,399
2026-05-29,Kalyan Night,239,267
2026-05-29,Madhur Day,446,266
2026-05-29,Madhur Night,110,790
2026-05-29,Main Bazar,378,470
2026-05-29,Milan Day,137,249
2026-05-29,Milan Night,237,258
2026-05-29,Rajdhani Day,579,340
2026-05-29,Rajdhani Night,460,556
2026-05-29,Sridevi,367,239
2026-05-29,Sridevi Night,490,348
2026-05-29,Time Bazar,449,480
2026-05-30,Kalyan,144,780
2026-05-30,Madhur Day,500,230
2026-05-30,Madhur Night,145,679
2026-05-30,Milan Day,188,159
2026-05-30,Milan Night,135,459
2026-05-30,Rajdhani Day,499,668
2026-05-30,Sridevi,357,178
2026-05-30,Sridevi Night,290,278
2026-05-30,Time Bazar,680,567
2026-05-31,Madhur Day,388,126
2026-05-31,Sridevi,240,280
2026-05-31,Sridevi Night,780,345
2026-06-01,Kalyan,226,156
2026-06-01,Kalyan Night,400,119
2026-06-01,Madhur Day,245,788
2026-06-01,Madhur Night,150,368
2026-06-01,Main Bazar,380,557
2026-06-01,Milan Day,499,235
2026-06-01,Milan Night,336,358
2026-06-01,Rajdhani Day,259,270
2026-06-01,Rajdhani Night,440,135
2026-06-01,Sridevi,124,288
2026-06-01,Sridevi Night,128,490
2026-06-01,Time Bazar,190,244
2026-06-02,Kalyan,599,189
2026-06-02,Kalyan Night,570,178
2026-06-02,Madhur Day,456,447
2026-06-02,Madhur Night,160,770
2026-06-02,Main Bazar,190,290
2026-06-02,Milan Day,160,130
2026-06-02,Milan Night,367,280
2026-06-02,Rajdhani Day,236,280
2026-06-02,Rajdhani Night,990,127
2026-06-02,Sridevi,179,136
2026-06-02,Sridevi Night,245,237
2026-06-02,Time Bazar,179,459
2026-06-03,Kalyan,139,380
2026-06-03,Kalyan Night,250,459
2026-06-03,Madhur Day,227,112
2026-06-03,Madhur Night,480,890
2026-06-03,Main Bazar,245,228
2026-06-03,Milan Day,346,450
2026-06-03,Milan Night,467,257
2026-06-03,Rajdhani Day,155,178
2026-06-03,Rajdhani Night,260,570
2026-06-03,Sridevi,369,660
2026-06-03,Sridevi Night,148,345
2026-06-03,Time Bazar,566,179
2026-06-04,Kalyan,800,247
2026-06-04,Kalyan Night,133,679
2026-06-04,Madhur Day,113,235
2026-06-04,Madhur Night,136,477
2026-06-04,Main Bazar,778,124
2026-06-04,Milan Day,440,148
2026-06-04,Milan Night,580,245
2026-06-04,Rajdhani Day,230,470
2026-06-04,Rajdhani Night,128,290
2026-06-04,Sridevi,244,135
2026-06-04,Sridevi Night,379,460
2026-06-04,Time Bazar,180,579
2026-06-05,Kalyan,459,479
2026-06-05,Kalyan Night,150,578
2026-06-05,Madhur Day,145,668
2026-06-05,Madhur Night,268,160
2026-06-05,Main Bazar,267,579
2026-06-05,Milan Day,477,123
2026-06-05,Milan Night,330,158
2026-06-05,Rajdhani Day,599,167
2026-06-05,Rajdhani Night,590,134
2026-06-05,Sridevi,788,660
2026-06-05,Sridevi Night,168,570
2026-06-05,Time Bazar,490,248
2026-06-06,Kalyan,456,280
2026-06-06,Madhur Day,445,257
2026-06-06,Madhur Night,370,379
2026-06-06,Milan Day,778,180
2026-06-06,Milan Night,450,120
2026-06-06,Rajdhani Day,369,778
2026-06-06,Sridevi,667,558
2026-06-06,Sridevi Night,568,235
2026-06-06,Time Bazar,270,120
2026-06-07,Madhur Day,170,356
2026-06-07,Sridevi,236,450
2026-06-07,Sridevi Night,457,369
2026-06-08,Kalyan,450,679
2026-06-08,Kalyan Night,250,155
2026-06-08,Madhur Day,150,146
2026-06-08,Madhur Night,133,159
2026-06-08,Main Bazar,130,670
2026-06-08,Milan Day,168,167
2026-06-08,Milan Night,245,570
2026-06-08,Rajdhani Day,580,169
2026-06-08,Rajdhani Night,456,123
2026-06-08,Sridevi,499,230
2026-06-08,Sridevi Night,234,780
2026-06-08,Time Bazar,238,689
2026-06-09,Kalyan,240,390
2026-06-09,Kalyan Night,170,335
2026-06-09,Madhur Day,690,234
2026-06-09,Madhur Night,250,156
2026-06-09,Main Bazar,588,459
2026-06-09,Milan Day,267,779
2026-06-09,Milan Night,359,269
2026-06-09,Rajdhani Day,467,460
2026-06-09,Rajdhani Night,556,188
2026-06-09,Sridevi,266,569
2026-06-09,Sridevi Night,126,299
2026-06-09,Time Bazar,250,446
2026-06-10,Kalyan,225,456
2026-06-10,Kalyan Night,157,470
2026-06-10,Madhur Day,258,257
2026-06-10,Madhur Night,788,289
2026-06-10,Main Bazar,277,480
2026-06-10,Milan Day,458,779
2026-06-10,Milan Night,368,566
2026-06-10,Rajdhani Day,224,330
2026-06-10,Rajdhani Night,458,466
2026-06-10,Sridevi,688,117
2026-06-10,Sridevi Night,158,257
2026-06-10,Time Bazar,336,300
2026-06-11,Kalyan,788,677
2026-06-11,Kalyan Night,233,590
2026-06-11,Madhur Day,778,239
2026-06-11,Madhur Night,139,279
2026-06-11,Main Bazar,680,166
2026-06-11,Milan Day,458,490
2026-06-11,Milan Night,134,455
2026-06-11,Rajdhani Day,125,146
2026-06-11,Rajdhani Night,240,379
2026-06-11,Sridevi,260,236
2026-06-11,Sridevi Night,260,789
2026-06-11,Time Bazar,135,170
2026-06-12,Kalyan,250,468
2026-06-12,Kalyan Night,390,350
2026-06-12,Madhur Day,134,690
2026-06-12,Madhur Night,478,370
2026-06-12,Main Bazar,133,459
2026-06-12,Milan Day,360,678
2026-06-12,Milan Night,368,680
2026-06-12,Rajdhani Day,100,120
2026-06-12,Rajdhani Night,689,139
2026-06-12,Sridevi,158,159
2026-06-12,Sridevi Night,580,458
2026-06-12,Time Bazar,240,226
2026-06-13,Kalyan,579,449
2026-06-13,Madhur Day,338,128
2026-06-13,Madhur Night,599,200
2026-06-13,Milan Day,140,112
2026-06-13,Milan Night,240,169
2026-06-13,Rajdhani Day,290,113
2026-06-13,Sridevi,249,167
2026-06-13,Sridevi Night,266,128
2026-06-13,Time Bazar,180,456
2026-06-14,Madhur Day,135,567
2026-06-14,Sridevi,239,679
2026-06-14,Sridevi Night,135,127
2026-06-15,Kalyan,159,280
2026-06-15,Kalyan Night,589,169
2026-06-15,Madhur Day,560,138
2026-06-15,Madhur Night,189,270
2026-06-15,Main Bazar,146,245
2026-06-15,Milan Day,567,227
2026-06-15,Milan Night,480,578
2026-06-15,Rajdhani Day,349,126
2026-06-15,Rajdhani Night,119,249
2026-06-15,Sridevi,237,689
2026-06-15,Sridevi Night,366,345
2026-06-15,Time Bazar,135,279
2026-06-16,Kalyan,345,689
2026-06-16,Kalyan Night,388,589
2026-06-16,Madhur Day,689,340
2026-06-16,Madhur Night,335,278
2026-06-16,Main Bazar,125,257
2026-06-16,Milan Day,370,145
2026-06-16,Milan Night,360,250
2026-06-16,Rajdhani Day,159,780
2026-06-16,Rajdhani Night,348,136
2026-06-16,Sridevi,479,344
2026-06-16,Sridevi Night,580,459
2026-06-16,Time Bazar,233,567
2026-06-17,Kalyan,127,778
2026-06-17,Kalyan Night,148,237
2026-06-17,Madhur Day,168,345
2026-06-17,Madhur Night,337,469
2026-06-17,Main Bazar,467,160
2026-06-17,Milan Day,566,688
2026-06-17,Milan Night,350,234
2026-06-17,Rajdhani Day,169,700
2026-06-17,Rajdhani Night,158,390
2026-06-17,Sridevi,370,778
2026-06-17,Sridevi Night,688,150
2026-06-17,Time Bazar,400,338
2026-06-18,Kalyan,380,157
2026-06-18,Kalyan Night,156,144
2026-06-18,Madhur Day,156,589
2026-06-18,Madhur Night,467,400
2026-06-18,Main Bazar,478,790
2026-06-18,Milan Day,380,268
2026-06-18,Milan Night,346,247
2026-06-18,Rajdhani Day,199,469
2026-06-18,Rajdhani Night,257,245
2026-06-18,Sridevi,259,990
2026-06-18,Sridevi Night,338,118
2026-06-18,Time Bazar,268,157
2026-06-19,Kalyan,559,169
2026-06-19,Kalyan Night,457,680
2026-06-19,Madhur Day,259,368
2026-06-19,Madhur Night,147,440
2026-06-19,Main Bazar,590,247
2026-06-19,Milan Day,138,390
2026-06-19,Milan Night,557,469
2026-06-19,Rajdhani Day,167,257
2026-06-19,Rajdhani Night,126,677
2026-06-19,Sridevi,114,390
2026-06-19,Sridevi Night,255,788
2026-06-19,Time Bazar,290,460
2026-06-20,Kalyan,469,156
2026-06-20,Madhur Day,880,560
2026-06-20,Madhur Night,688,348
2026-06-20,Milan Day,233,370
2026-06-20,Milan Night,567,356
2026-06-20,Rajdhani Day,277,246
2026-06-20,Sridevi,389,467
2026-06-20,Sridevi Night,330,169
2026-06-20,Time Bazar,479,667
2026-06-21,Madhur Day,399,569
2026-06-21,Sridevi,360,590
2026-06-21,Sridevi Night,148,278
2026-06-22,Kalyan,479,260
2026-06-22,Kalyan Night,189,239
2026-06-22,Madhur Day,233,600
2026-06-22,Madhur Night,278,590
2026-06-22,Main Bazar,445,379
2026-06-22,Milan Day,789,116
2026-06-22,Milan Night,880,579
2026-06-22,Rajdhani Day,129,890
2026-06-22,Rajdhani Night,336,245
2026-06-22,Sridevi,168,880
2026-06-22,Sridevi Night,158,389
2026-06-22,Time Bazar,900,470
2026-06-23,Kalyan,120,167
2026-06-23,Kalyan Night,169,480
2026-06-23,Madhur Day,225,234
2026-06-23,Madhur Night,169,146
2026-06-23,Main Bazar,156,360
2026-06-23,Milan Day,790,157
2026-06-23,Milan Night,346,190
2026-06-23,Rajdhani Day,390,456
2026-06-23,Rajdhani Night,118,158
2026-06-23,Sridevi,900,257
2026-06-23,Sridevi Night,390,589
2026-06-23,Time Bazar,590,118
2026-06-24,Kalyan,456,890
2026-06-24,Madhur Day,117,116
2026-06-24,Madhur Night,478,566
2026-06-24,Main Bazar,149,460
2026-06-24,Milan Day,449,700
2026-06-24,Milan Night,378,168
2026-06-24,Rajdhani Day,190,370
2026-06-24,Rajdhani Night,689,779
2026-06-24,Sridevi,677,399
2026-06-24,Sridevi Night,455,379
2026-06-24,Time Bazar,299,346
2026-06-25,Kalyan,228,588
2026-06-25,Madhur Day,880,159
2026-06-25,Madhur Night,569,189
2026-06-25,Main Bazar,460,125
2026-06-25,Milan Day,670,146
2026-06-25,Milan Night,590,115
2026-06-25,Rajdhani Day,289,500
2026-06-25,Rajdhani Night,168,249
2026-06-25,Sridevi,348,277
2026-06-25,Sridevi Night,159,448
2026-06-25,Time Bazar,990,118
2026-06-26,Kalyan,225,120
2026-06-26,Madhur Day,339,459
2026-06-26,Madhur Night,450,149
2026-06-26,Main Bazar,178,258
2026-06-26,Milan Day,127,158
2026-06-26,Milan Night,277,799
2026-06-26,Rajdhani Day,150,680
2026-06-26,Rajdhani Night,579,289
2026-06-26,Sridevi,479,570
2026-06-26,Sridevi Night,267,357
2026-06-26,Time Bazar,380,145
2026-06-27,Kalyan,135,566
2026-06-27,Madhur Day,679,345
2026-06-27,Madhur Night,560,139
2026-06-27,Milan Day,389,235
2026-06-27,Milan Night,259,567
2026-06-27,Rajdhani Day,447,235
2026-06-27,Sridevi,470,348
2026-06-27,Sridevi Night,489,369
2026-06-27,Time Bazar,678,268
2026-06-28,Madhur Day,380,000
2026-06-28,Sridevi,245,167
2026-06-28,Sridevi Night,379,130
2026-06-29,Kalyan,256,248
2026-06-29,Kalyan Night,479,356
2026-06-29,Madhur Day,148,466
2026-06-29,Madhur Night,158,135
2026-06-29,Main Bazar,238,666
2026-06-29,Milan Day,677,389
2026-06-29,Milan Night,167,779
2026-06-29,Rajdhani Day,349,358
2026-06-29,Rajdhani Night,144,249
2026-06-29,Sridevi,470,369
2026-06-29,Sridevi Night,117,258
2026-06-29,Time Bazar,234,450
2026-06-30,Kalyan,226,880
2026-06-30,Kalyan Night,466,117
2026-06-30,Madhur Day,290,230
2026-06-30,Madhur Night,122,168
2026-06-30,Main Bazar,337,178
2026-06-30,Milan Day,557,669
2026-06-30,Milan Night,135,255
2026-06-30,Rajdhani Day,688,280
2026-06-30,Rajdhani Night,127,789
2026-06-30,Sridevi,340,250
2026-06-30,Sridevi Night,660,119
2026-06-30,Time Bazar,559,269
2026-07-01,Kalyan,289,446
2026-07-01,Kalyan Night,130,125
2026-07-01,Madhur Day,144,339
2026-07-01,Madhur Night,160,345
2026-07-01,Main Bazar,258,789
2026-07-01,Milan Day,223,668
2026-07-01,Milan Night,389,779
2026-07-01,Rajdhani Day,590,589
2026-07-01,Rajdhani Night,257,269
2026-07-01,Sridevi,368,360
2026-07-01,Sridevi Night,279,568
2026-07-01,Time Bazar,350,236
2026-07-02,Kalyan,389,448
2026-07-02,Kalyan Night,558,338
2026-07-02,Madhur Day,180,335
2026-07-02,Madhur Night,268,140
2026-07-02,Main Bazar,238,249
2026-07-02,Milan Day,179,890
2026-07-02,Milan Night,240,239
2026-07-02,Rajdhani Day,679,357
2026-07-02,Rajdhani Night,157,266
2026-07-02,Sridevi,358,150
2026-07-02,Sridevi Night,230,140
2026-07-02,Time Bazar,388,370
2026-07-03,Kalyan,145,120
2026-07-03,Kalyan Night,158,299
2026-07-03,Madhur Day,160,459
2026-07-03,Madhur Night,190,370
2026-07-03,Main Bazar,500,478
2026-07-03,Milan Day,356,779
2026-07-03,Milan Night,256,128
2026-07-03,Rajdhani Day,245,389
2026-07-03,Rajdhani Night,255,679
2026-07-03,Sridevi,239,458
2026-07-03,Sridevi Night,125,260
2026-07-03,Time Bazar,990,577
2026-07-04,Kalyan,347,117
2026-07-04,Madhur Day,356,290
2026-07-04,Madhur Night,168,700
2026-07-04,Milan Day,450,149
2026-07-04,Milan Night,690,146
2026-07-04,Rajdhani Day,489,570
2026-07-04,Sridevi,690,566
2026-07-04,Sridevi Night,446,589
2026-07-04,Time Bazar,237,235
2026-07-05,Madhur Day,135,780
2026-07-05,Sridevi,135,569
2026-07-05,Sridevi Night,778,356
2026-07-06,Kalyan,478,249
2026-07-06,Kalyan Night,488,288
2026-07-06,Madhur Day,889,136
2026-07-06,Madhur Night,137,233
2026-07-06,Main Bazar,189,145
2026-07-06,Milan Day,130,567
2026-07-06,Milan Night,770,127
2026-07-06,Rajdhani Day,113,135
2026-07-06,Rajdhani Night,558,356
2026-07-06,Sridevi,378,157
2026-07-06,Sridevi Night,580,369
2026-07-06,Time Bazar,234,690
2026-07-07,Kalyan,566,357
2026-07-07,Kalyan Night,167,150
2026-07-07,Madhur Day,168,233
2026-07-07,Madhur Night,300,340
2026-07-07,Main Bazar,668,110
2026-07-07,Milan Day,677,568
2026-07-07,Milan Night,235,690
2026-07-07,Rajdhani Day,100,455
2026-07-07,Rajdhani Night,120,790
2026-07-07,Sridevi,579,149
2026-07-07,Sridevi Night,225,260
2026-07-07,Time Bazar,266,237
2026-07-08,Kalyan,277,478
2026-07-08,Kalyan Night,369,590
2026-07-08,Madhur Day,157,899
2026-07-08,Madhur Night,569,299
2026-07-08,Main Bazar,459,470
2026-07-08,Milan Day,160,137
2026-07-08,Milan Night,790,117
2026-07-08,Rajdhani Day,138,448
2026-07-08,Rajdhani Night,237,470
2026-07-08,Sridevi,180,568
2026-07-08,Sridevi Night,100,140
2026-07-08,Time Bazar,470,238
2026-07-09,Kalyan,579,347
2026-07-09,Kalyan Night,178,125
2026-07-09,Madhur Day,579,129
2026-07-09,Madhur Night,459,230
2026-07-09,Main Bazar,279,400
2026-07-09,Milan Day,350,146
2026-07-09,Milan Night,178,356
2026-07-09,Rajdhani Day,689,340
2026-07-09,Rajdhani Night,150,136
2026-07-09,Sridevi,469,356
2026-07-09,Sridevi Night,490,570
2026-07-09,Time Bazar,169,256
2026-07-10,Kalyan,790,239
2026-07-10,Kalyan Night,679,237
2026-07-10,Madhur Day,370,340
2026-07-10,Madhur Night,350,349
2026-07-10,Main Bazar,350,380
2026-07-10,Milan Day,448,228
2026-07-10,Milan Night,135,278
2026-07-10,Rajdhani Day,370,123
2026-07-10,Rajdhani Night,277,144
2026-07-10,Sridevi,117,137
2026-07-10,Sridevi Night,335,122
2026-07-10,Time Bazar,349,150
2026-07-11,Kalyan,289,790
2026-07-11,Madhur Day,138,244
2026-07-11,Madhur Night,678,580
2026-07-11,Milan Day,240,250
2026-07-11,Milan Night,139,126
2026-07-11,Rajdhani Day,880,300
2026-07-11,Sridevi,578,140
2026-07-11,Sridevi Night,347,237
2026-07-11,Time Bazar,348,367
2026-07-12,Madhur Day,458,250
2026-07-12,Sridevi,580,127
2026-07-12,Sridevi Night,359,670
2026-07-13,Kalyan,124,220
2026-07-13,Kalyan Night,579,457
2026-07-13,Madhur Day,357,123
2026-07-13,Madhur Night,356,347
2026-07-13,Main Bazar,799,128
2026-07-13,Milan Day,449,338
2026-07-13,Milan Night,789,170
2026-07-13,Rajdhani Day,369,378
2026-07-13,Rajdhani Night,130,155
2026-07-13,Sridevi,700,100
2026-07-13,Sridevi Night,150,270
2026-07-13,Time Bazar,779,114
2026-07-14,Kalyan,677,678
2026-07-14,Kalyan Night,125,390
2026-07-14,Madhur Day,490,589
2026-07-14,Madhur Night,670,346
2026-07-14,Main Bazar,127,389
2026-07-14,Milan Day,590,277
2026-07-14,Milan Night,237,279
2026-07-14,Rajdhani Day,370,133
2026-07-14,Rajdhani Night,680,368
2026-07-14,Sridevi,348,123
2026-07-14,Sridevi Night,138,390
2026-07-14,Time Bazar,588,668
2026-07-15,Kalyan,470,347
2026-07-15,Kalyan Night,179,157
2026-07-15,Madhur Day,269,360
2026-07-15,Madhur Night,379,247
2026-07-15,Main Bazar,237,357
2026-07-15,Milan Day,149,350
2026-07-15,Milan Night,890,499
2026-07-15,Rajdhani Day,460,260
2026-07-15,Rajdhani Night,128,350
2026-07-15,Sridevi,289,689
2026-07-15,Sridevi Night,780,179
2026-07-15,Time Bazar,200,249
2026-07-16,Kalyan,680,258
2026-07-16,Kalyan Night,199,127
2026-07-16,Madhur Day,239,279
2026-07-16,Madhur Night,690,470
2026-07-16,Main Bazar,115,138
2026-07-16,Milan Day,137,227
2026-07-16,Milan Night,490,157
2026-07-16,Rajdhani Day,467,177
2026-07-16,Rajdhani Night,379,136
2026-07-16,Sridevi,235,340
2026-07-16,Sridevi Night,128,460
2026-07-16,Time Bazar,158,227
2026-07-17,Kalyan,468,245
2026-07-17,Kalyan Night,117,257
2026-07-17,Madhur Day,589,346
2026-07-17,Madhur Night,457,459
2026-07-17,Main Bazar,145,338
2026-07-17,Milan Day,280,238
2026-07-17,Milan Night,347,244
2026-07-17,Rajdhani Day,900,279
2026-07-17,Rajdhani Night,150,300
2026-07-17,Sridevi,359,257
2026-07-17,Sridevi Night,790,240
2026-07-17,Time Bazar,446,389
2026-07-18,Kalyan,150,589
2026-07-18,Madhur Day,256,679
2026-07-18,Madhur Night,257,570
2026-07-18,Milan Day,178,146
2026-07-18,Milan Night,146,459
2026-07-18,Rajdhani Day,250,127
2026-07-18,Sridevi,347,260
2026-07-18,Sridevi Night,236,890
2026-07-18,Time Bazar,460,240
2026-07-19,Madhur Day,120,568
2026-07-19,Sridevi,268,160
2026-07-19,Sridevi Night,577,240
2026-07-20,Kalyan,599,579
2026-07-20,Kalyan Night,368,228
2026-07-20,Madhur Day,370,267
2026-07-20,Madhur Night,470,799
2026-07-20,Main Bazar,888,390
2026-07-20,Milan Day,150,220
2026-07-20,Milan Night,470,239
2026-07-20,Rajdhani Day,136,680
2026-07-20,Rajdhani Night,360,114
2026-07-20,Sridevi,269,790
2026-07-20,Sridevi Night,230,167
2026-07-20,Time Bazar,169,355
2026-07-21,Kalyan,337,290
2026-07-21,Kalyan Night,146,366
2026-07-21,Madhur Day,300,366
2026-07-21,Madhur Night,246,249
2026-07-21,Main Bazar,250,679
2026-07-21,Milan Day,125,490
2026-07-21,Milan Night,120,179
2026-07-21,Rajdhani Day,118,400
2026-07-21,Rajdhani Night,277,770
2026-07-21,Sridevi,268,223
2026-07-21,Sridevi Night,150,489
2026-07-21,Time Bazar,270,337
2026-07-22,Kalyan,700,260
2026-07-22,Kalyan Night,378,178
2026-07-22,Madhur Day,559,570
2026-07-22,Madhur Night,469,880
2026-07-22,Main Bazar,368,100
2026-07-22,Milan Day,113,349
2026-07-22,Milan Night,270,299
2026-07-22,Rajdhani Day,390,170
2026-07-22,Rajdhani Night,259,145
2026-07-22,Sridevi,668,247
2026-07-22,Sridevi Night,156,237
2026-07-22,Time Bazar,259,338
2026-07-23,Kalyan,578,226
2026-07-23,Kalyan Night,247,448
2026-07-23,Madhur Day,557,169
2026-07-23,Madhur Night,369,577
2026-07-23,Main Bazar,137,139
2026-07-23,Milan Day,279,279
2026-07-23,Milan Night,499,113
2026-07-23,Rajdhani Day,145,445
2026-07-23,Rajdhani Night,189,579
2026-07-23,Sridevi,246,679
2026-07-23,Sridevi Night,288,339
2026-07-23,Time Bazar,678,346
2026-07-24,Kalyan,334,130
2026-07-24,Kalyan Night,790,147
2026-07-24,Madhur Day,589,570
2026-07-24,Madhur Night,400,247
2026-07-24,Main Bazar,499,239
2026-07-24,Milan Day,167,346
2026-07-24,Milan Night,378,566
2026-07-24,Rajdhani Day,188,149
2026-07-24,Rajdhani Night,179,170
2026-07-24,Sridevi,256,558
2026-07-24,Sridevi Night,246,235
2026-07-24,Time Bazar,148,357
2026-07-25,Kalyan,160,239
2026-07-25,Madhur Day,239,130
2026-07-25,Madhur Night,156,168
2026-07-25,Milan Day,468,458
2026-07-25,Milan Night,226,580
2026-07-25,Rajdhani Day,244,379
2026-07-25,Sridevi,135,370
2026-07-25,Sridevi Night,280,268
2026-07-25,Time Bazar,557,289
2026-07-26,Madhur Day,670,289
2026-07-26,Sridevi,689,157
2026-07-26,Sridevi Night,579,346
2026-07-27,Kalyan,200,790
2026-07-27,Kalyan Night,148,580
2026-07-27,Madhur Day,344,146
2026-07-27,Madhur Night,148,134
2026-07-27,Main Bazar,124,138
2026-07-27,Milan Day,369,350
2026-07-27,Milan Night,468,556
2026-07-27,Rajdhani Day,689,234
2026-07-27,Rajdhani Night,259,550
2026-07-27,Sridevi,469,667
2026-07-27,Sridevi Night,113,167
2026-07-27,Time Bazar,260,579
2026-07-28,Kalyan,589,899
2026-07-28,Kalyan Night,347,489
2026-07-28,Madhur Day,290,170
2026-07-28,Madhur Night,356,347
2026-07-28,Main Bazar,235,349
2026-07-28,Milan Day,180,127
2026-07-28,Milan Night,160,380
2026-07-28,Rajdhani Day,159,800
2026-07-28,Rajdhani Night,590,228
2026-07-28,Sridevi,140,489
2026-07-28,Sridevi Night,478,299
2026-07-28,Time Bazar,246,690
2026-07-29,Kalyan,338,690
2026-07-29,Kalyan Night,199,689
2026-07-29,Madhur Day,220,900
2026-07-29,Madhur Night,180,346
2026-07-29,Main Bazar,770,200
2026-07-29,Milan Day,269,247
2026-07-29,Milan Night,139,347
2026-07-29,Rajdhani Day,677,470
2026-07-29,Rajdhani Night,358,390
2026-07-29,Sridevi,345,359
2026-07-29,Sridevi Night,489,370
2026-07-29,Time Bazar,190,689
2026-07-30,Kalyan,147,134
2026-07-30,Kalyan Night,136,679
2026-07-30,Madhur Day,234,157
2026-07-30,Madhur Night,157,688
2026-07-30,Main Bazar,346,348
2026-07-30,Milan Day,133,225
2026-07-30,Milan Night,127,158
2026-07-30,Rajdhani Day,260,460
2026-07-30,Rajdhani Night,400,890
2026-07-30,Sridevi,126,488
2026-07-30,Sridevi Night,170,128
2026-07-30,Time Bazar,690,137
2026-07-31,Kalyan,138,490
2026-07-31,Kalyan Night,169,128
2026-07-31,Madhur Day,337,246
2026-07-31,Madhur Night,356,137
2026-07-31,Main Bazar,288,679
2026-07-31,Milan Day,126,236
2026-07-31,Milan Night,247,157
2026-07-31,Rajdhani Day,233,150
2026-07-31,Rajdhani Night,160,488
2026-07-31,Sridevi,157,234
2026-07-31,Sridevi Night,134,126
2026-07-31,Time Bazar,790,280
2026-08-01,Kalyan,256,129
2026-08-01,Madhur Day,180,255
2026-08-01,Madhur Night,127,159
2026-08-01,Milan Day,147,380
2026-08-01,Milan Night,460,488
2026-08-01,Rajdhani Day,270,135
2026-08-01,Sridevi,245,367
2026-08-01,Sridevi Night,457,156
2026-08-01,Time Bazar,146,359
2026-08-02,Madhur Day,990,126
2026-08-02,Sridevi,389,130
2026-08-02,Sridevi Night,346,189
2026-08-03,Kalyan,568,577
2026-08-03,Kalyan Night,590,350
2026-08-03,Madhur Day,177,260
2026-08-03,Madhur Night,159,229
2026-08-03,Main Bazar,390,239
2026-08-03,Milan Day,137,460
2026-08-03,Milan Night,137,377
2026-08-03,Rajdhani Day,346,260
2026-08-03,Rajdhani Night,234,569
2026-08-03,Sridevi,557,349
2026-08-03,Sridevi Night,159,244
2026-08-03,Time Bazar,890,166
2026-08-04,Kalyan,114,780
2026-08-04,Kalyan Night,499,137
2026-08-04,Madhur Day,130,333
2026-08-04,Madhur Night,288,368
2026-08-04,Main Bazar,100,289
2026-08-04,Milan Day,248,133
2026-08-04,Milan Night,380,470
2026-08-04,Rajdhani Day,147,577
2026-08-04,Rajdhani Night,170,159
2026-08-04,Sridevi,138,667
2026-08-04,Sridevi Night,357,259
2026-08-04,Time Bazar,158,780
2026-08-05,Kalyan,899,790
2026-08-05,Kalyan Night,136,560
2026-08-05,Madhur Day,167,237
2026-08-05,Madhur Night,460,248
2026-08-05,Main Bazar,466,126
2026-08-05,Milan Day,378,127
2026-08-05,Milan Night,230,389
2026-08-05,Rajdhani Day,357,267
2026-08-05,Rajdhani Night,338,129
2026-08-05,Sridevi,278,478
2026-08-05,Sridevi Night,160,790
2026-08-05,Time Bazar,169,479
2026-08-06,Kalyan,990,135
2026-08-06,Kalyan Night,380,122
2026-08-06,Madhur Day,390,267
2026-08-06,Madhur Night,117,446
2026-08-06,Main Bazar,457,236
2026-08-06,Milan Day,225,579
2026-08-06,Milan Night,156,380
2026-08-06,Rajdhani Day,257,256
2026-08-06,Rajdhani Night,460,478
2026-08-06,Sridevi,157,118
2026-08-06,Sridevi Night,669,220
2026-08-06,Time Bazar,379,380
2026-08-07,Kalyan,113,126
2026-08-07,Kalyan Night,456,347
2026-08-07,Madhur Day,146,135
2026-08-07,Madhur Night,500,250
2026-08-07,Main Bazar,250,580
2026-08-07,Milan Day,266,160
2026-08-07,Milan Night,149,258
2026-08-07,Rajdhani Day,266,680
2026-08-07,Rajdhani Night,370,348
2026-08-07,Sridevi,457,178
2026-08-07,Sridevi Night,139,244
2026-08-07,Time Bazar,480,350
2026-08-08,Kalyan,349,188
2026-08-08,Madhur Day,136,235
2026-08-08,Madhur Night,770,260
2026-08-08,Milan Day,130,179
2026-08-08,Milan Night,140,248
2026-08-08,Rajdhani Day,300,280
2026-08-08,Sridevi,137,477
2026-08-08,Sridevi Night,157,678
2026-08-08,Time Bazar,489,249
2026-08-09,Madhur Day,189,230
2026-08-09,Sridevi,249,156
2026-08-09,Sridevi Night,146,460
2026-08-10,Kalyan,138,123
2026-08-10,Kalyan Night,480,246
2026-08-10,Madhur Day,116,346
2026-08-10,Madhur Night,689,399
2026-08-10,Main Bazar,467,260
2026-08-10,Milan Day,134,369
2026-08-10,Milan Night,138,190
2026-08-10,Rajdhani Day,189,220
2026-08-10,Rajdhani Night,577,234
2026-08-10,Sridevi,178,399
2026-08-10,Sridevi Night,558,566
2026-08-10,Time Bazar,570,259
2026-08-11,Kalyan,459,227
2026-08-11,Kalyan Night,480,790
2026-08-11,Madhur Day,266,700
2026-08-11,Madhur Night,249,118
2026-08-11,Main Bazar,458,500
2026-08-11,Milan Day,357,699
2026-08-11,Milan Night,359,348
2026-08-11,Rajdhani Day,123,120
2026-08-11,Rajdhani Night,230,148
2026-08-11,Sridevi,459,166
2026-08-11,Sridevi Night,788,113
2026-08-11,Time Bazar,179,340
2026-08-12,Kalyan,346,567
2026-08-12,Kalyan Night,248,247
2026-08-12,Madhur Day,350,366
2026-08-12,Madhur Night,389,139
2026-08-12,Main Bazar,290,288
2026-08-12,Milan Day,258,359
2026-08-12,Milan Night,157,490
2026-08-12,Rajdhani Day,136,260
2026-08-12,Rajdhani Night,250,235
2026-08-12,Sridevi,589,449
2026-08-12,Sridevi Night,256,446
2026-08-12,Time Bazar,890,157
2026-08-13,Kalyan,670,278
2026-08-13,Kalyan Night,368,246
2026-08-13,Madhur Day,499,124
2026-08-13,Madhur Night,889,123
2026-08-13,Main Bazar,150,130
2026-08-13,Milan Day,469,568
2026-08-13,Milan Night,247,460
2026-08-13,Rajdhani Day,249,269
2026-08-13,Rajdhani Night,355,135
2026-08-13,Sridevi,355,228
2026-08-13,Sridevi Night,137,469
2026-08-13,Time Bazar,688,278
2026-08-14,Kalyan,688,114
2026-08-14,Kalyan Night,145,125
2026-08-14,Madhur Day,114,460
2026-08-14,Madhur Night,179,259
2026-08-14,Main Bazar,568,670
2026-08-14,Milan Day,228,129
2026-08-14,Milan Night,156,269
2026-08-14,Rajdhani Day,168,569
2026-08-14,Rajdhani Night,133,358
2026-08-14,Sridevi,780,238
2026-08-14,Sridevi Night,255,178
2026-08-14,Time Bazar,557,489
2026-08-16,Madhur Day,356,147
2026-08-16,Sridevi,567,590
2026-08-16,Sridevi Night,889,259
2026-08-17,Kalyan,157,689
2026-08-17,Kalyan Night,119,580
2026-08-17,Madhur Day,689,288
2026-08-17,Madhur Night,560,460
2026-08-17,Main Bazar,123,449
2026-08-17,Milan Day,125,170
2026-08-17,Milan Night,378,167
2026-08-17,Rajdhani Day,338,125
2026-08-17,Rajdhani Night,240,460
2026-08-17,Sridevi,466,249
2026-08-17,Sridevi Night,379,470
2026-08-17,Time Bazar,127,148
2026-08-18,Kalyan,255,578
2026-08-18,Kalyan Night,267,168
2026-08-18,Madhur Day,350,377
2026-08-18,Madhur Night,239,460
2026-08-18,Main Bazar,479,358
2026-08-18,Milan Day,360,240
2026-08-18,Milan Night,168,190
2026-08-18,Rajdhani Day,356,880
2026-08-18,Rajdhani Night,278,346
2026-08-18,Sridevi,233,700
2026-08-18,Sridevi Night,788,249
2026-08-18,Time Bazar,556,580
2026-08-19,Kalyan,278,247
2026-08-19,Kalyan Night,256,347
2026-08-19,Madhur Day,344,577
2026-08-19,Madhur Night,359,227
2026-08-19,Main Bazar,569,334
2026-08-19,Milan Day,145,345
2026-08-19,Milan Night,890,270
2026-08-19,Rajdhani Day,788,259
2026-08-19,Rajdhani Night,116,480
2026-08-19,Sridevi,400,360
2026-08-19,Sridevi Night,579,245
2026-08-19,Time Bazar,149,556
2026-08-20,Kalyan,170,369
2026-08-20,Kalyan Night,235,790
2026-08-20,Madhur Day,688,567
2026-08-20,Madhur Night,569,279
2026-08-20,Main Bazar,345,356
2026-08-20,Milan Day,290,668
2026-08-20,Milan Night,334,660
2026-08-20,Rajdhani Day,459,129
2026-08-20,Rajdhani Night,156,779
2026-08-20,Sridevi,380,267
2026-08-20,Sridevi Night,567,378
2026-08-20,Time Bazar,126,127
2026-08-21,Kalyan,234,135
2026-08-21,Kalyan Night,257,567
2026-08-21,Madhur Day,225,278
2026-08-21,Madhur Night,269,158
2026-08-21,Main Bazar,129,389
2026-08-21,Milan Day,116,223
2026-08-21,Milan Night,379,678
2026-08-21,Rajdhani Day,123,679
2026-08-21,Rajdhani Night,449,179
2026-08-21,Sridevi,799,190
2026-08-21,Sridevi Night,370,158
2026-08-21,Time Bazar,400,588
2026-08-22,Kalyan,689,128
2026-08-22,Madhur Day,129,678
2026-08-22,Madhur Night,467,699
2026-08-22,Milan Day,120,478
2026-08-22,Milan Night,347,236
2026-08-22,Rajdhani Day,346,559
2026-08-22,Sridevi,340,127
2026-08-22,Sridevi Night,135,220
2026-08-22,Time Bazar,445,589
2026-08-23,Madhur Day,458,137
2026-08-23,Sridevi,458,169
2026-08-23,Sridevi Night,125,145
2026-08-24,Kalyan,668,449
2026-08-24,Kalyan Night,560,120
2026-08-24,Madhur Day,459,256
2026-08-24,Madhur Night,230,400
2026-08-24,Main Bazar,123,157
2026-08-24,Milan Day,190,237
2026-08-24,Milan Night,260,234
2026-08-24,Rajdhani Day,578,256
2026-08-24,Rajdhani Night,360,790
2026-08-24,Sridevi,124,788
2026-08-24,Sridevi Night,458,467
2026-08-24,Time Bazar,567,380
2026-08-25,Kalyan,470,179
2026-08-25,Kalyan Night,156,579
2026-08-25,Madhur Day,390,158
2026-08-25,Madhur Night,588,145
2026-08-25,Main Bazar,389,390
2026-08-25,Milan Day,170,280
2026-08-25,Milan Night,249,569
2026-08-25,Rajdhani Day,378,440
2026-08-25,Rajdhani Night,255,229
2026-08-25,Sridevi,289,569
2026-08-25,Sridevi Night,599,399
2026-08-25,Time Bazar,266,440
2026-08-26,Kalyan,247,490
2026-08-26,Kalyan Night,470,900
2026-08-26,Madhur Day,380,290
2026-08-26,Madhur Night,180,178
2026-08-26,Main Bazar,180,567
2026-08-26,Milan Day,112,577
2026-08-26,Milan Night,440,590
2026-08-26,Rajdhani Day,455,345
2026-08-26,Rajdhani Night,789,237
2026-08-26,Sridevi,448,400
2026-08-26,Sridevi Night,167,170
2026-08-26,Time Bazar,119,269
2026-08-27,Kalyan,568,345
2026-08-27,Kalyan Night,668,899
2026-08-27,Madhur Day,178,799
2026-08-27,Madhur Night,458,388
2026-08-27,Main Bazar,260,378
2026-08-27,Milan Day,390,138
2026-08-27,Milan Night,146,345
2026-08-27,Rajdhani Day,149,249
2026-08-27,Rajdhani Night,450,440
2026-08-27,Sridevi,446,169
2026-08-27,Sridevi Night,580,147
2026-08-27,Time Bazar,235,346
2026-08-28,Kalyan,247,480
2026-08-28,Kalyan Night,566,447
2026-08-28,Madhur Day,348,269
2026-08-28,Madhur Night,669,790
2026-08-28,Main Bazar,367,126
2026-08-28,Milan Day,168,170
2026-08-28,Milan Night,490,270
2026-08-28,Rajdhani Day,348,590
2026-08-28,Rajdhani Night,266,290
2026-08-28,Sridevi,489,225
2026-08-28,Sridevi Night,578,800
2026-08-28,Time Bazar,137,900
2026-08-29,Kalyan,168,145
2026-08-29,Madhur Day,560,335
2026-08-29,Madhur Night,250,369
2026-08-29,Milan Day,470,788
2026-08-29,Milan Night,240,290
2026-08-29,Rajdhani Day,800,270
2026-08-29,Sridevi,577,180
2026-08-29,Sridevi Night,358,370
2026-08-29,Time Bazar,135,246
2026-08-30,Madhur Day,360,178
2026-08-30,Sridevi,337,278
2026-08-30,Sridevi Night,889,228
2026-08-31,Kalyan,600,360
2026-08-31,Kalyan Night,790,334
2026-08-31,Madhur Day,400,470
2026-08-31,Madhur Night,256,249
2026-08-31,Main Bazar,378,670
2026-08-31,Milan Day,588,268
2026-08-31,Milan Night,468,246
2026-08-31,Rajdhani Day,690,367
2026-08-31,Rajdhani Night,149,670
2026-08-31,Sridevi,678,137
2026-08-31,Sridevi Night,690,488
2026-08-31,Time Bazar,380,366
2026-09-01,Kalyan,190,249
2026-09-01,Kalyan Night,378,299
2026-09-01,Madhur Day,267,557
2026-09-01,Madhur Night,559,457
2026-09-01,Main Bazar,150,189
2026-09-01,Milan Day,236,290
2026-09-01,Milan Night,479,478
2026-09-01,Rajdhani Day,340,588
2026-09-01,Rajdhani Night,170,560
2026-09-01,Sridevi,126,180
2026-09-01,Sridevi Night,570,466
2026-09-01,Time Bazar,360,280
2026-09-02,Kalyan,579,567
2026-09-02,Kalyan Night,278,357
2026-09-02,Madhur Day,559,469
2026-09-02,Madhur Night,250,457
2026-09-02,Main Bazar,470,259
2026-09-02,Milan Day,560,266
2026-09-02,Milan Night,129,240
2026-09-02,Rajdhani Day,249,258
2026-09-02,Rajdhani Night,159,336
2026-09-02,Sridevi,259,678
2026-09-02,Sridevi Night,220,347
2026-09-02,Time Bazar,270,377
2026-09-03,Kalyan,899,690
2026-09-03,Kalyan Night,336,150
2026-09-03,Madhur Day,260,569
2026-09-03,Madhur Night,112,299
2026-09-03,Main Bazar,578,367
2026-09-03,Milan Day,180,000
2026-09-03,Milan Night,360,245
2026-09-03,Rajdhani Day,190,155
2026-09-03,Rajdhani Night,690,235
2026-09-03,Sridevi,234,459
2026-09-03,Sridevi Night,140,499
2026-09-03,Time Bazar,660,146
2026-09-04,Kalyan,223,244
2026-09-04,Kalyan Night,336,245
2026-09-04,Madhur Day,444,260
2026-09-04,Madhur Night,259,270
2026-09-04,Main Bazar,146,249
2026-09-04,Milan Day,455,277
2026-09-04,Milan Night,160,357
2026-09-04,Rajdhani Day,128,135
2026-09-04,Rajdhani Night,577,135
2026-09-04,Sridevi,568,599
2026-09-04,Sridevi Night,169,137
2026-09-04,Time Bazar,230,247
2026-09-05,Kalyan,150,148
2026-09-05,Madhur Day,390,449
2026-09-05,Madhur Night,358,367
2026-09-05,Milan Day,240,889
2026-09-05,Milan Night,234,478
2026-09-05,Rajdhani Day,156,120
2026-09-05,Sridevi,556,440
2026-09-05,Sridevi Night,556,239
2026-09-05,Time Bazar,379,589
2026-09-06,Madhur Day,455,578
2026-09-06,Sridevi,249,256
2026-09-06,Sridevi Night,199,390
2026-09-07,Kalyan,450,114
2026-09-07,Kalyan Night,139,449
2026-09-07,Madhur Day,345,478
2026-09-07,Madhur Night,570,278
2026-09-07,Main Bazar,330,366
2026-09-07,Milan Day,139,660
2026-09-07,Milan Night,250,239
2026-09-07,Rajdhani Day,799,257
2026-09-07,Rajdhani Night,680,557
2026-09-07,Sridevi,269,235
2026-09-07,Sridevi Night,190,158
2026-09-07,Time Bazar,259,133
2026-09-08,Kalyan,359,169
2026-09-08,Kalyan Night,448,455
2026-09-08,Madhur Day,770,156
2026-09-08,Madhur Night,140,580
2026-09-08,Main Bazar,146,450
2026-09-08,Milan Day,234,389
2026-09-08,Milan Night,168,134
2026-09-08,Rajdhani Day,569,337
2026-09-08,Rajdhani Night,228,124
2026-09-08,Sridevi,167,137
2026-09-08,Sridevi Night,113,559
2026-09-08,Time Bazar,259,488
2026-09-09,Kalyan,589,188
2026-09-09,Kalyan Night,359,257
2026-09-09,Madhur Day,123,589
2026-09-09,Madhur Night,138,159
2026-09-09,Main Bazar,134,168
2026-09-09,Milan Day,240,360
2026-09-09,Milan Night,257,489
2026-09-09,Rajdhani Day,120,189
2026-09-09,Rajdhani Night,570,358
2026-09-09,Sridevi,480,246
2026-09-09,Sridevi Night,366,179
2026-09-09,Time Bazar,233,158
2026-09-10,Kalyan,579,113
2026-09-10,Kalyan Night,169,234
2026-09-10,Madhur Day,669,360
2026-09-10,Madhur Night,135,233
2026-09-10,Main Bazar,447,266
2026-09-10,Milan Day,345,479
2026-09-10,Milan Night,346,237
2026-09-10,Rajdhani Day,330,290
2026-09-10,Rajdhani Night,112,779
2026-09-10,Sridevi,589,148
2026-09-10,Sridevi Night,160,134
2026-09-10,Time Bazar,280,369
2026-09-11,Kalyan,780,289
2026-09-11,Kalyan Night,458,158
2026-09-11,Madhur Day,467,290
2026-09-11,Madhur Night,459,144
2026-09-11,Main Bazar,238,246
2026-09-11,Milan Day,238,236
2026-09-11,Milan Night,179,257
2026-09-11,Rajdhani Day,129,450
2026-09-11,Rajdhani Night,445,689
2026-09-11,Sridevi,568,134
2026-09-11,Sridevi Night,670,589
2026-09-11,Time Bazar,348,125
2026-09-12,Kalyan,560,249
2026-09-12,Madhur Day,790,489
2026-09-12,Madhur Night,110,156
2026-09-12,Milan Day,230,359
2026-09-12,Milan Night,780,167
2026-09-12,Rajdhani Day,170,599
2026-09-12,Sridevi,234,257
2026-09-12,Sridevi Night,170,138
2026-09-12,Time Bazar,389,257
2026-09-13,Madhur Day,188,145
2026-09-13,Sridevi,225,170
2026-09-13,Sridevi Night,379,567
2026-09-14,Kalyan,299,136
2026-09-14,Kalyan Night,126,290
2026-09-14,Madhur Day,777,239
2026-09-14,Madhur Night,466,223
2026-09-14,Main Bazar,466,669
2026-09-14,Milan Day,330,355
2026-09-14,Milan Night,390,480
2026-09-14,Rajdhani Day,230,124
2026-09-14,Rajdhani Night,789,124
2026-09-14,Sridevi,235,279
2026-09-14,Sridevi Night,566,337
2026-09-14,Time Bazar,158,889
2026-09-15,Kalyan,348,800
2026-09-15,Kalyan Night,235,170
2026-09-15,Madhur Day,369,788
2026-09-15,Madhur Night,147,170
2026-09-15,Main Bazar,224,490
2026-09-15,Rajdhani Day,330,190
2026-09-15,Rajdhani Night,336,136
2026-09-15,Sridevi,679,125
2026-09-15,Sridevi Night,269,259
2026-09-16,Kalyan,159,235
2026-09-16,Kalyan Night,390,349
2026-09-16,Madhur Day,599,117
2026-09-16,Madhur Night,334,227
2026-09-16,Main Bazar,178,228
2026-09-16,Milan Day,220,100
2026-09-16,Milan Night,159,367
2026-09-16,Rajdhani Day,358,260
2026-09-16,Rajdhani Night,799,178
2026-09-16,Sridevi,556,480
2026-09-16,Sridevi Night,226,360
2026-09-16,Time Bazar,244,230
2026-09-17,Kalyan,447,233
2026-09-17,Kalyan Night,460,240
2026-09-17,Madhur Day,140,690
2026-09-17,Madhur Night,789,267
2026-09-17,Main Bazar,226,479
2026-09-17,Milan Day,579,256
2026-09-17,Milan Night,458,250
2026-09-17,Rajdhani Day,129,266
2026-09-17,Rajdhani Night,680,345
2026-09-17,Sridevi,160,259
2026-09-17,Sridevi Night,500,667
2026-09-17,Time Bazar,357,237
2026-09-18,Kalyan,700,238
2026-09-18,Kalyan Night,599,357
2026-09-18,Madhur Day,137,369
2026-09-18,Madhur Night,239,788
2026-09-18,Main Bazar,789,168
2026-09-18,Milan Day,289,480
2026-09-18,Milan Night,470,140
2026-09-18,Rajdhani Day,290,259
2026-09-18,Rajdhani Night,399,790
2026-09-18,Sridevi,466,157
2026-09-18,Sridevi Night,678,266
2026-09-18,Time Bazar,178,137
2026-09-19,Kalyan,266,247
2026-09-19,Madhur Day,367,130
2026-09-19,Madhur Night,380,270
2026-09-19,Milan Day,589,346
2026-09-19,Milan Night,468,479
2026-09-19,Rajdhani Day,567,448
2026-09-19,Sridevi,560,799
2026-09-19,Sridevi Night,590,369
2026-09-19,Time Bazar,245,178
2026-09-20,Madhur Day,349,149
2026-09-20,Sridevi,340,667
2026-09-20,Sridevi Night,690,130
2026-09-21,Kalyan,679,455
2026-09-21,Kalyan Night,225,167
2026-09-21,Madhur Day,588,125
2026-09-21,Madhur Night,459,330
2026-09-21,Main Bazar,239,580
2026-09-21,Milan Day,345,345
2026-09-21,Milan Night,190,178
2026-09-21,Rajdhani Day,378,350
2026-09-21,Rajdhani Night,390,348
2026-09-21,Sridevi,469,123
2026-09-21,Sridevi Night,377,448
2026-09-21,Time Bazar,369,247
2026-09-22,Kalyan,169,140
2026-09-22,Kalyan Night,227,580
2026-09-22,Madhur Day,166,238
2026-09-22,Madhur Night,269,380
2026-09-22,Main Bazar,368,578
2026-09-22,Milan Day,468,349
2026-09-22,Milan Night,568,179
2026-09-22,Rajdhani Day,469,359
2026-09-22,Rajdhani Night,457,129
2026-09-22,Sridevi,490,237
2026-09-22,Sridevi Night,349,290
2026-09-22,Time Bazar,678,480
2026-09-23,Kalyan,489,146
2026-09-23,Kalyan Night,446,110
2026-09-23,Madhur Day,290,257
2026-09-23,Madhur Night,446,340
2026-09-23,Main Bazar,150,180
2026-09-23,Milan Day,400,590
2026-09-23,Milan Night,778,234
2026-09-23,Rajdhani Day,360,300
2026-09-23,Rajdhani Night,480,599
2026-09-23,Sridevi,146,388
2026-09-23,Sridevi Night,155,570
2026-09-23,Time Bazar,228,350
2026-09-24,Kalyan,235,140
2026-09-24,Kalyan Night,378,147
2026-09-24,Madhur Day,244,167
2026-09-24,Madhur Night,339,559
2026-09-24,Main Bazar,156,127
2026-09-24,Milan Day,668,470
2026-09-24,Milan Night,280,130
2026-09-24,Rajdhani Day,599,560
2026-09-24,Rajdhani Night,166,479
2026-09-24,Sridevi,168,260
2026-09-24,Sridevi Night,577,490
2026-09-24,Time Bazar,178,660
2026-09-25,Kalyan,156,133
2026-09-25,Kalyan Night,190,127
2026-09-25,Madhur Day,124,134
2026-09-25,Madhur Night,360,679
2026-09-25,Main Bazar,570,158
2026-09-25,Milan Day,470,369
2026-09-25,Milan Night,124,780
2026-09-25,Rajdhani Day,156,448
2026-09-25,Rajdhani Night,150,280
2026-09-25,Sridevi,458,489
2026-09-25,Sridevi Night,235,369
2026-09-25,Time Bazar,589,478
2026-09-26,Kalyan,290,114
2026-09-26,Madhur Day,468,460
2026-09-26,Madhur Night,177,445
2026-09-26,Milan Day,379,789
2026-09-26,Milan Night,125,230
2026-09-26,Rajdhani Day,249,279
2026-09-26,Sridevi,359,479
2026-09-26,Sridevi Night,447,180
2026-09-26,Time Bazar,566,257
2026-09-27,Madhur Day,250,459
2026-09-27,Sridevi,569,178
2026-09-27,Sridevi Night,567,790
2026-09-28,Kalyan,560,700
2026-09-28,Kalyan Night,688,338
2026-09-28,Madhur Day,129,169
2026-09-28,Madhur Night,300,470
2026-09-28,Main Bazar,167,380
2026-09-28,Milan Day,560,489
2026-09-28,Milan Night,228,138
2026-09-28,Rajdhani Day,467,688
2026-09-28,Rajdhani Night,669,135
2026-09-28,Sridevi,370,468
2026-09-28,Sridevi Night,137,146
2026-09-28,Time Bazar,156,358
2026-09-29,Kalyan,147,679
2026-09-29,Kalyan Night,247,257
2026-09-29,Madhur Day,270,335
2026-09-29,Madhur Night,567,225
2026-09-29,Main Bazar,490,147
2026-09-29,Milan Day,444,156
2026-09-29,Milan Night,899,235
2026-09-29,Rajdhani Day,339,359
2026-09-29,Rajdhani Night,137,279
2026-09-29,Sridevi,489,778
2026-09-29,Sridevi Night,123,130
2026-09-29,Time Bazar,250,169
2026-09-30,Kalyan,477,369
2026-09-30,Kalyan Night,670,200
2026-09-30,Madhur Day,257,133
2026-09-30,Madhur Night,668,670
2026-09-30,Main Bazar,359,589
2026-09-30,Milan Day,789,230
2026-09-30,Milan Night,246,579
2026-09-30,Rajdhani Day,679,569
2026-09-30,Rajdhani Night,260,257
2026-09-30,Sridevi,690,467
2026-09-30,Sridevi Night,136,367
2026-09-30,Time Bazar,256,280
